"id";"data_inversa";"dia_semana";"horario";"uf";"br";"km";"municipio";"causa_acidente";"tipo_acidente";"classificacao_acidente";"fase_dia";"sentido_via";"condicao_metereologica";"tipo_pista";"tracado_via";"uso_solo";"pessoas";"mortos";"feridos_leves";"feridos_graves";"ilesos";"ignorados";"feridos";"veiculos";"latitude";"longitude";"regional";"delegacia";"uop"
328679;2020-12-18;"sexta-feira";"13:15:00";"TO";153;148;"ARAGUAINA";"Falta de Atenção à Condução";"Colisão com objeto estático";"Com Vítimas Fatais";"Pleno dia";"Decrescente";"Nublado";"Dupla";"Reta";"Sim";1;1;0;0;0;0;0;1;-7,23023092;-48,25208725;"SPRF-TO";"DEL02-TO";"UOP01-DEL02-TO"
328680;2020-12-18;"sexta-feira";"14:45:00";"SC";101;120;"ITAJAI";"Falta de Atenção à Condução";"Colisão traseira";"Com Vítimas Feridas";"Pleno dia";"Decrescente";"Céu Claro";"Simples";"Reta";"Não";2;0;1;0;0;1;1;2;-26,912758;-48,711998;"SPRF-SC";"DEL04-SC";"UOP04-DEL04-SC"
328681;2020-12-18;"sexta-feira";"14:15:00";"PR";376;507,3;"PONTA GROSSA";"Falta de Atenção à Condução";"Colisão traseira";"Com Vítimas Feridas";"Pleno dia";"Decrescente";"Céu Claro";"Dupla";"Reta";"Sim";2;0;1;0;1;0;1;2;-25,20356877;-50,06959498;"SPRF-PR";"DEL03-PR";"UOP04-DEL03-PR"
328682;2020-12-18;"sexta-feira";"14:30:00";"CE";222;1,4;"CAUCAIA";"Não guardar distância de segurança";"Engavetamento";"Com Vítimas Feridas";"Pleno dia";"Decrescente";"Nublado";"Dupla";"Reta";"Sim";4;0;2;0;2;0;2;3;-3,74008;-38,63543;"SPRF-CE";"DEL01-CE";"UOP01-DEL01-CE"
328684;2020-12-18;"sexta-feira";"14:20:00";"RS";480;72,5;"ERECHIM";"Falta de Atenção à Condução";"Colisão transversal";"Com Vítimas Feridas";"Pleno dia";"Decrescente";"Céu Claro";"Simples";"Curva";"Sim";2;0;1;0;1;0;1;2;-27,6399839;-52,30602492;"SPRF-RS";"DEL08-RS";"UOP04-DEL08-RS"
328685;2020-12-18;"sexta-feira";"11:40:00";"AC";364;35;"ACRELANDIA";"Desobediência às normas de trânsito pelo condutor";"Colisão traseira";"Com Vítimas Feridas";"Pleno dia";"Decrescente";"Céu Claro";"Simples";"Reta";"Não";2;0;2;0;0;0;2;2;-9,97020316;-67,12440491;"SPRF-AC";"DEL01-AC";"UOP01-DEL01-AC"
328686;2020-12-18;"sexta-feira";"15:00:00";"BA";101;250,7;"CONCEICAO DO ALMEIDA";"Condutor Dormindo";"Saída de leito carroçável";"Com Vítimas Fatais";"Pleno dia";"Decrescente";"Sol";"Simples";"Reta";"Não";4;1;2;0;1;0;2;1;-12,890542;-39,228075;"SPRF-BA";"DEL01-BA";"UOP02-DEL01-BA"
328689;2020-12-18;"sexta-feira";"15:55:00";"CE";222;4,2;"CAUCAIA";"Falta de Atenção à Condução";"Colisão traseira";"Com Vítimas Feridas";"Pleno dia";"Crescente";"Céu Claro";"Múltipla";"Reta";"Sim";3;0;0;3;0;0;3;2;-3,74169;-38,60623;"SPRF-CE";"DEL01-CE";"UOP01-DEL01-CE"
328690;2020-12-18;"sexta-feira";"15:50:00";"PB";230;23;"JOAO PESSOA";"Não guardar distância de segurança";"Engavetamento";"Sem Vítimas";"Pleno dia";"Decrescente";"Céu Claro";"Dupla";"Reta";"Sim";6;0;0;0;5;1;0;6;-7,1562;-34,8574;"SPRF-PB";"DEL01-PB";"UOP01-DEL01-PB"
328692;2020-12-18;"sexta-feira";"09:50:00";"GO";20;163,8;"ALVORADA DO NORTE";"Ultrapassagem Indevida";"Saída de leito carroçável";"Com Vítimas Feridas";"Pleno dia";"Crescente";"Chuva";"Simples";"Reta";"Não";2;0;1;0;1;0;1;1;-14,595838;-46,594223;"SPRF-DF";"DEL02-DF";"UOP03-DEL02-DF"
328693;2020-12-18;"sexta-feira";"15:00:00";"RS";386;284,7;"SAO JOSE DO HERVAL";"Velocidade Incompatível";"Saída de leito carroçável";"Com Vítimas Feridas";"Pleno dia";"Crescente";"Céu Claro";"Simples";"Reta";"Não";2;0;1;0;1;0;1;1;-29,059072;-52,288338;"SPRF-RS";"DEL04-RS";"UOP03-DEL04-RS"
328694;2020-11-08;"domingo";"14:00:00";"TO";153;137;"ARAGUAINA";"Falta de Atenção à Condução";"Colisão traseira";"Sem Vítimas";"Pleno dia";"Crescente";"Céu Claro";"Dupla";"Reta";"Sim";2;0;0;0;2;0;0;2;-7,14630299;-48,20255603;"SPRF-TO";"DEL02-TO";"UOP01-DEL02-TO"
328695;2020-12-18;"sexta-feira";"15:10:00";"BA";324;599;"SIMOES FILHO";"Falta de Atenção à Condução";"Colisão traseira";"Sem Vítimas";"Pleno dia";"Crescente";"Céu Claro";"Múltipla";"Reta";"Não";2;0;0;0;2;0;0;2;-12,74194511;-38,43853918;"SPRF-BA";"DEL01-BA";"UOP01-DEL01-BA"
328696;2020-12-18;"sexta-feira";"16:00:00";"PB";230;22;"JOAO PESSOA";"Não guardar distância de segurança";"Colisão traseira";"Com Vítimas Feridas";"Pleno dia";"Crescente";"Céu Claro";"Dupla";"Reta";"Sim";2;0;0;1;1;0;1;2;-7,1495;-34,8517;"SPRF-PB";"DEL01-PB";"UOP01-DEL01-PB"
328698;2020-12-18;"sexta-feira";"15:35:00";"RS";285;460,2;"IJUI";"Desobediência às normas de trânsito pelo condutor";"Colisão transversal";"Com Vítimas Feridas";"Pleno dia";"Crescente";"Sol";"Simples";"Reta";"Não";5;0;4;0;1;0;4;2;-28,41291082;-53,90819281;"SPRF-RS";"DEL10-RS";"UOP01-DEL10-RS"
328700;2020-12-18;"sexta-feira";"16:22:00";"SP";116;212;"GUARULHOS";"Falta de Atenção à Condução";"Colisão traseira";"Com Vítimas Feridas";"Pleno dia";"Crescente";"Garoa/Chuvisco";"Múltipla";"Aclive";"Sim";4;0;2;0;2;0;2;2;-23,43608315;-46,42805094;"SPRF-SP";"DEL01-SP";"UOP01-DEL01-SP"
328701;2020-12-18;"sexta-feira";"16:30:00";"RS";386;239,1;"SOLEDADE";"Falta de Atenção à Condução";"Colisão traseira";"Com Vítimas Feridas";"Pleno dia";"Decrescente";"Céu Claro";"Simples";"Reta";"Não";7;0;2;0;5;0;2;2;-28,757807;-52,532127;"SPRF-RS";"DEL04-RS";"UOP03-DEL04-RS"
328702;2020-12-18;"sexta-feira";"16:20:00";"SC";101;373,5;"ICARA";"Falta de Atenção à Condução";"Saída de leito carroçável";"Com Vítimas Feridas";"Pleno dia";"Decrescente";"Sol";"Dupla";"Reta";"Não";1;0;1;0;0;0;1;1;-28,72153549;-49,23531532;"SPRF-SC";"DEL02-SC";"UOP01-DEL02-SC"
328703;2020-12-18;"sexta-feira";"16:50:00";"SP";116;274,8;"EMBU DAS ARTES";"Desobediência às normas de trânsito pelo condutor";"Colisão traseira";"Com Vítimas Feridas";"Pleno dia";"Crescente";"Nublado";"Dupla";"Reta";"Sim";3;0;0;2;1;0;2;2;-23,63445084;-46,82418514;"SPRF-SP";"DEL04-SP";"UOP01-DEL04-SP"
328708;2020-12-18;"sexta-feira";"13:30:00";"RO";425;144,1;"GUAJARA-MIRIM";"Desobediência às normas de trânsito pelo condutor";"Colisão lateral";"Com Vítimas Feridas";"Pleno dia";"Decrescente";"Chuva";"Dupla";"Reta";"Sim";2;0;1;0;1;0;1;2;-10,76723;-65,318954;"SPRF-RO";"DEL01-RO";"UOP03-DEL01-RO"
328709;2020-12-18;"sexta-feira";"17:00:00";"RS";285;501;"ENTRE-IJUIS";"Velocidade Incompatível";"Saída de leito carroçável";"Com Vítimas Feridas";"Pleno dia";"Crescente";"Sol";"Simples";"Reta";"Não";1;0;1;0;0;0;1;1;-28,38052681;-54,29718018;"SPRF-RS";"DEL10-RS";"UOP01-DEL10-RS"
328712;2020-12-18;"sexta-feira";"16:40:00";"BA";116;429;"FEIRA DE SANTANA";"Defeito Mecânico no Veículo";"Incêndio";"Sem Vítimas";"Pleno dia";"Decrescente";"Céu Claro";"Dupla";"Reta";"Sim";1;0;0;0;1;0;0;1;-12,28784337;-39,00283813;"SPRF-BA";"DEL02-BA";"UOP01-DEL02-BA"
328714;2020-12-18;"sexta-feira";"17:30:00";"DF";251;18,9;"BRASILIA";"Mal Súbito";"Saída de leito carroçável";"Com Vítimas Feridas";"Pleno dia";"Decrescente";"Céu Claro";"Simples";"Reta";"Não";1;0;1;0;0;0;1;1;-15,956233;-47,633304;"SPRF-DF";"DEL01-DF";"UOP01-DEL01-DF"
328715;2020-12-18;"sexta-feira";"08:15:00";"SC";101;109;"PENHA";"Falta de Atenção à Condução";"Tombamento";"Com Vítimas Feridas";"Pleno dia";"Crescente";"Céu Claro";"Dupla";"Reta";"Não";1;0;1;0;0;0;1;1;-26,8333519;-48,69632106;"SPRF-SC";"DEL03-SC";"UOP02-DEL03-SC"
328717;2020-12-18;"sexta-feira";"18:20:00";"CE";222;313;"TIANGUA";"Falta de Atenção à Condução";"Danos eventuais";"Com Vítimas Feridas";"Plena Noite";"Crescente";"Chuva";"Simples";"Reta";"Sim";2;0;1;0;0;1;1;1;-3,7236142;-40,99670064;"SPRF-CE";"DEL04-CE";"UOP02-DEL04-CE"
328718;2020-12-18;"sexta-feira";"18:16:00";"SC";101;212,8;"PALHOCA";"Não guardar distância de segurança";"Colisão traseira";"Com Vítimas Feridas";"Anoitecer";"Decrescente";"Nublado";"Múltipla";"Reta";"Sim";3;0;2;0;1;0;2;2;-27,62996929;-48,65903871;"SPRF-SC";"DEL01-SC";"UOP02-DEL01-SC"
328719;2020-12-18;"sexta-feira";"18:00:00";"PR";376;3,7;"APUCARANA";"Falta de Atenção à Condução";"Colisão traseira";"Com Vítimas Feridas";"Pleno dia";"Crescente";"Céu Claro";"Simples";"Reta";"Sim";2;0;1;0;1;0;1;2;-23,5513;-51,461266;"SPRF-PR";"DEL07-PR";"UOP03-DEL07-PR"
328720;2020-12-18;"sexta-feira";"18:15:00";"SE";235;44;"ITABAIANA";"Falta de Atenção à Condução";"Colisão frontal";"Com Vítimas Feridas";"Plena Noite";"Crescente";"Ignorado";"Simples";"Reta";"Não";2;0;0;2;0;0;2;2;-10,75489;-37,394836;"SPRF-SE";"DEL01-SE";"UOP02-DEL01-SE"
328721;2020-12-18;"sexta-feira";"17:30:00";"MS";463;101,5;"PONTA PORA";"Falta de Atenção do Pedestre";"Atropelamento de Pedestre";"Com Vítimas Feridas";"Pleno dia";"Crescente";"Nublado";"Simples";"Reta";"Sim";2;0;1;0;1;0;1;2;-22,62057208;-55,62439404;"SPRF-MS";"DEL04-MS";"UOP03-DEL04-MS"
328723;2020-12-18;"sexta-feira";"18:15:00";"PE";232;77,2;"GRAVATA";"Ingestão de Álcool";"Colisão transversal";"Com Vítimas Feridas";"Plena Noite";"Decrescente";"Céu Claro";"Simples";"Reta";"Sim";2;0;1;0;1;0;1;2;-8,19343863;-35,54300692;"SPRF-PE";"DEL02-PE";"UOP02-DEL02PE"
328725;2020-12-18;"sexta-feira";"17:10:00";"SE";235;4;"NOSSA SENHORA DO SOCORRO";"Desobediência às normas de trânsito pelo condutor";"Colisão lateral";"Com Vítimas Feridas";"Pleno dia";"Decrescente";"Sol";"Dupla";"Reta";"Sim";2;0;1;0;0;1;1;2;-10,9064;-37,1197;"SPRF-SE";"DEL01-SE";"UOP01-DEL01-SE"
328726;2020-12-18;"sexta-feira";"19:00:00";"RS";116;235;"NOVO HAMBURGO";"Falta de Atenção à Condução";"Colisão transversal";"Sem Vítimas";"Anoitecer";"Crescente";"Céu Claro";"Dupla";"Reta";"Sim";2;0;0;0;1;1;0;2;-29,66037586;-51,14386509;"SPRF-RS";"DEL01-RS";"UOP02-DEL01-RS"
328728;2020-12-18;"sexta-feira";"19:00:00";"SP";153;110,2;"JOSE BONIFACIO";"Ingestão de Álcool";"Colisão traseira";"Com Vítimas Feridas";"Plena Noite";"Crescente";"Céu Claro";"Simples";"Reta";"Não";2;0;1;0;1;0;1;2;-21,08845219;-49,67466361;"SPRF-SP";"DEL09-SP";"UOP01-DEL09-SP"
328729;2020-12-18;"sexta-feira";"16:40:00";"ES";101;16;"PEDRO CANARIO";"Falta de Atenção à Condução";"Colisão lateral";"Com Vítimas Feridas";"Pleno dia";"Decrescente";"Céu Claro";"Dupla";"Reta";"Sim";3;0;0;1;1;1;1;2;-18,29874595;-39,95732581;"SPRF-ES";"DEL04-ES";"UOP02-DEL04-ES"
328730;2020-12-18;"sexta-feira";"18:00:00";"CE";304;34;"ARACATI";"Defeito Mecânico no Veículo";"Queda de ocupante de veículo";"Com Vítimas Feridas";"Plena Noite";"Decrescente";"Céu Claro";"Simples";"Reta";"Não";2;0;2;0;0;0;2;1;-4,58124502;-37,905521;"SPRF-CE";"DEL03-CE";"UOP03-DEL03-CE"
328731;2020-12-18;"sexta-feira";"19:00:00";"AP";210;0;"MACAPA";"Desobediência às normas de trânsito pelo pedestre";"Atropelamento de Pedestre";"Com Vítimas Feridas";"Plena Noite";"Crescente";"Céu Claro";"Dupla";"Reta";"Sim";2;0;0;1;1;0;1;2;0,07780012;-51,06097;"SPRF-AP";"DEL01-AP";"UOP01-DEL01-AP"
328734;2020-12-18;"sexta-feira";"19:00:00";"SC";101;328;"CAPIVARI DE BAIXO";"Falta de Atenção à Condução";"Tombamento";"Com Vítimas Feridas";"Anoitecer";"Crescente";"Céu Claro";"Dupla";"Reta";"Não";1;0;1;0;0;0;1;1;-28,43648094;-48,95989307;"SPRF-SC";"DEL02-SC";"UOP01-DEL02-SC"
328739;2020-12-18;"sexta-feira";"20:12:00";"PE";101;159,9;"GAMELEIRA";"Ingestão de Álcool";"Saída de leito carroçável";"Com Vítimas Feridas";"Plena Noite";"Decrescente";"Céu Claro";"Dupla";"Curva";"Não";4;0;4;0;0;0;4;1;-8,55252537;-35,41389482;"SPRF-PE";"DEL01-PE";"UOP03-DEL01-PE"
328740;2020-12-18;"sexta-feira";"20:00:00";"MG";381;927;"ITAPEVA";"Falta de Atenção à Condução";"Colisão transversal";"Com Vítimas Feridas";"Plena Noite";"Crescente";"Nublado";"Simples";"Reta";"Sim";2;0;2;0;0;0;2;2;-22,79271225;-46,24636988;"SPRF-MG";"DEL16-MG";"UOP03-DEL16-MG"
328741;2020-12-18;"sexta-feira";"19:30:00";"PR";116;123;"CURITIBA";"Falta de Atenção à Condução";"Colisão lateral";"Com Vítimas Feridas";"Plena Noite";"Crescente";"Nublado";"Dupla";"Reta";"Não";2;0;1;0;1;0;1;2;-25,57736002;-49,31243589;"SPRF-PR";"DEL01-PR";"UOP03-DEL01-PR"
328742;2020-12-18;"sexta-feira";"20:05:00";"BA";101;259;"SANTO ANTONIO DE JESUS";"Ultrapassagem Indevida";"Colisão frontal";"Com Vítimas Feridas";"Plena Noite";"Decrescente";"Céu Claro";"Simples";"Reta";"Não";3;0;2;0;0;1;2;3;-13,05707208;-39,28148909;"SPRF-BA";"DEL01-BA";"UOP02-DEL01-BA"
328743;2020-12-18;"sexta-feira";"20:10:00";"GO";40;5;"VALPARAISO DE GOIAS";"Falta de Atenção à Condução";"Colisão transversal";"Com Vítimas Feridas";"Plena Noite";"Crescente";"Céu Claro";"Dupla";"Reta";"Sim";5;0;2;0;3;0;2;2;-16,09367067;-47,98201561;"SPRF-DF";"DEL01-DF";"UOP01-DEL01-DF"
328744;2020-12-18;"sexta-feira";"18:40:00";"PR";369;139,8;"IBIPORA";"Não guardar distância de segurança";"Colisão traseira";"Com Vítimas Feridas";"Pleno dia";"Decrescente";"Sol";"Dupla";"Reta";"Não";2;0;1;0;1;0;1;2;-23,27787559;-51,06494665;"SPRF-PR";"DEL07-PR";"UOP01-DEL07-PR"
328745;2020-12-18;"sexta-feira";"19:30:00";"RJ";101;414;"MANGARATIBA";"Falta de Atenção à Condução";"Atropelamento de Pedestre";"Com Vítimas Fatais";"Plena Noite";"Crescente";"Céu Claro";"Dupla";"Reta";"Não";2;1;0;0;0;1;0;2;-22,90390285;-43,87258001;"SPRF-RJ";"DEL03-RJ";"UOP01-DEL03-RJ"
328747;2020-12-18;"sexta-feira";"11:20:00";"SC";153;64,8;"IRANI";"Desobediência às normas de trânsito pelo condutor";"Colisão traseira";"Com Vítimas Feridas";"Pleno dia";"Crescente";"Céu Claro";"Simples";"Reta";"Sim";2;0;1;0;1;0;1;2;-27,003662;-51,872604;"SPRF-SC";"DEL07-SC";"UOP04-DEL07-SC"
328748;2020-12-18;"sexta-feira";"18:40:00";"MT";163;838;"SINOP";"Falta de Atenção à Condução";"Colisão transversal";"Com Vítimas Feridas";"Plena Noite";"Crescente";"Nublado";"Simples";"Reta";"Sim";2;0;0;1;1;0;1;2;-11,83616555;-55,48868179;"SPRF-MT";"DEL06-MT";"NPF/DEL06-MT"
328749;2020-12-18;"sexta-feira";"20:40:00";"PR";476;116,5;"COLOMBO";"Mal Súbito";"Colisão frontal";"Com Vítimas Feridas";"Plena Noite";"Crescente";"Chuva";"Simples";"Curva";"Não";3;0;1;0;2;0;1;2;-25,34996;-49,16642;"SPRF-PR";"DEL01-PR";"UOP02-DEL01-PR"
328751;2020-12-18;"sexta-feira";"20:25:00";"GO";50;96,9;"CRISTALINA";"Desobediência às normas de trânsito pelo condutor";"Colisão transversal";"Com Vítimas Feridas";"Plena Noite";"Crescente";"Céu Claro";"Simples";"Declive;Reta";"Sim";3;0;2;0;1;0;2;2;-16,7603534;-47,61157773;"SPRF-DF";"DEL01-DF";"UOP02-DEL01-DF"
328754;2020-12-18;"sexta-feira";"21:10:00";"BA";101;108;"ALAGOINHAS";"Falta de Atenção à Condução";"Colisão transversal";"Com Vítimas Fatais";"Plena Noite";"Decrescente";"Céu Claro";"Simples";"Rotatória";"Não";4;2;0;1;0;1;1;2;-12,14752394;-38,39473508;"SPRF-BA";"DEL01-BA";"UOP04-DEL01-BA"
328755;2020-12-18;"sexta-feira";"16:15:00";"MG";50;69;"UBERLANDIA";"Falta de Atenção à Condução";"Colisão traseira";"Sem Vítimas";"Pleno dia";"Decrescente";"Sol";"Dupla";"Viaduto";"Sim";2;0;0;0;2;0;0;2;-18,88399316;-48,2654493;"SPRF-MG";"DEL15-MG";"UOP01-DEL15-MG"
328757;2020-12-18;"sexta-feira";"20:30:00";"CE";222;211;"FORQUILHA";"Ultrapassagem Indevida";"Colisão frontal";"Com Vítimas Fatais";"Plena Noite";"Crescente";"Céu Claro";"Simples";"Reta";"Não";7;2;0;4;0;1;4;3;-3,78993042;-40,28015971;"SPRF-CE";"DEL04-CE";"UOP01-DEL04-CE"
328758;2020-12-18;"sexta-feira";"11:05:00";"RO";364;350;"JI-PARANA";"Falta de Atenção à Condução";"Colisão traseira";"Sem Vítimas";"Pleno dia";"Decrescente";"Céu Claro";"Simples";"Reta";"Sim";2;0;0;0;2;0;0;2;-10,84541153;-61,99883268;"SPRF-RO";"DEL02-RO";"UOP01-DEL02-RO"
328760;2020-12-18;"sexta-feira";"18:50:00";"MT";163;933;"ITAUBA";"Desobediência às normas de trânsito pelo condutor";"Colisão transversal";"Com Vítimas Feridas";"Plena Noite";"Crescente";"Nublado";"Simples";"Reta";"Sim";5;0;0;1;4;0;1;2;-11,14565794;-55,31453529;"SPRF-MT";"DEL06-MT";"NPF/DEL06-MT"
328761;2020-12-18;"sexta-feira";"20:00:00";"MG";365;701;"MONTE ALEGRE DE MINAS";"Falta de Atenção à Condução";"Colisão traseira";"Sem Vítimas";"Plena Noite";"Crescente";"Chuva";"Dupla";"Reta";"Não";2;0;0;0;2;0;0;2;-18,88052284;-49,007675;"SPRF-MG";"DEL15-MG";"UOP03-DEL15-MG"
328764;2020-12-18;"sexta-feira";"22:15:00";"PR";116;156;"MANDIRITUBA";"Ultrapassagem Indevida";"Colisão frontal";"Com Vítimas Feridas";"Plena Noite";"Crescente";"Céu Claro";"Simples";"Reta";"Não";11;0;4;3;4;0;7;3;-25,8597564;-49,3606332;"SPRF-PR";"DEL01-PR";"UOP03-DEL01-PR"
328768;2020-12-18;"sexta-feira";"21:15:00";"MG";381;490;"BETIM";"Ingestão de Álcool";"Tombamento";"Com Vítimas Feridas";"Plena Noite";"Decrescente";"Nublado";"Dupla";"Reta";"Sim";1;0;1;0;0;0;1;1;-19,96502819;-44,17422195;"SPRF-MG";"DEL01-MG";"UOP03-DEL01-MG"
328769;2020-12-18;"sexta-feira";"20:00:00";"MA";10;207,3;"RIBAMAR FIQUENE";"Desobediência às normas de trânsito pelo condutor";"Colisão frontal";"Com Vítimas Fatais";"Plena Noite";"Crescente";"Céu Claro";"Simples";"Reta";"Não";3;1;0;0;2;0;0;2;-5,906318;-47,370419;"SPRF-MA";"DEL04-MA";"UOP01-DEL04-MA"
328772;2020-12-18;"sexta-feira";"20:50:00";"RJ";40;118;"DUQUE DE CAXIAS";"Ingestão de Álcool";"Colisão lateral";"Sem Vítimas";"Plena Noite";"Crescente";"Céu Claro";"Múltipla";"Reta";"Sim";4;0;0;0;4;0;0;2;-22,75470802;-43,28737838;"SPRF-RJ";"DEL01-RJ";"UOP01-DEL01-RJ"
328774;2020-12-19;"sábado";"00:00:00";"PE";232;79;"GRAVATA";"Desobediência às normas de trânsito pelo condutor";"Colisão frontal";"Com Vítimas Fatais";"Plena Noite";"Decrescente";"Céu Claro";"Simples";"Aclive";"Sim";4;1;1;0;0;2;1;3;-8,19460572;-35,56074803;"SPRF-PE";"DEL02-PE";"UOP02-DEL02PE"
328776;2020-12-18;"sexta-feira";"23:45:00";"SP";116;143,2;"SAO JOSE DOS CAMPOS";"Falta de Atenção à Condução";"Saída de leito carroçável";"Com Vítimas Feridas";"Plena Noite";"Decrescente";"Nublado";"Dupla";"Reta";"Sim";3;0;3;0;0;0;3;1;-23,17849879;-45,83787411;"SPRF-SP";"DEL06-SP";"UOP01-DEL06-SP"
328778;2020-12-18;"sexta-feira";"22:10:00";"PE";232;150;"SAO CAITANO";"Desobediência às normas de trânsito pelo condutor";"Colisão frontal";"Com Vítimas Feridas";"Plena Noite";"Crescente";"Céu Claro";"Simples";"Curva;Aclive";"Não";2;0;0;1;1;0;1;2;-8,32712286;-36,16299497;"SPRF-PE";"DEL02-PE";"UOP03-DEL02-PE"
328779;2020-12-19;"sábado";"00:30:00";"MG";381;454;"BELO HORIZONTE";"Restrição de Visibilidade";"Atropelamento de Pedestre";"Com Vítimas Feridas";"Plena Noite";"Crescente";"Chuva";"Simples";"Reta";"Não";3;0;2;0;0;1;2;2;-19,85862954;-43,91292495;"SPRF-MG";"DEL01-MG";"UOP01-DEL01-MG"
328781;2020-12-12;"sábado";"14:30:00";"PB";104;198;"ALCANTIL";"Falta de Atenção à Condução";"Colisão transversal";"Com Vítimas Feridas";"Pleno dia";"Crescente";"Céu Claro";"Simples";"Reta";"Não";2;0;0;1;0;1;1;2;-7,77583822;-36,10263784;"SPRF-PB";"DEL02-PB";"UOP03-DEL02-PB"
328782;2020-12-19;"sábado";"01:00:00";"RS";386;176;"CARAZINHO";"Desobediência às normas de trânsito pelo condutor";"Colisão transversal";"Com Vítimas Feridas";"Plena Noite";"Crescente";"Céu Claro";"Simples";"Interseção de Vias";"Sim";3;0;2;0;0;1;2;2;-28,27454569;-52,77069211;"SPRF-RS";"DEL08-RS";"UOP01-DEL08-RS"
328784;2020-12-19;"sábado";"01:00:00";"RJ";116;170;"SAO JOAO DE MERITI";"Condutor Dormindo";"Capotamento";"Sem Vítimas";"Anoitecer";"Crescente";"Céu Claro";"Múltipla";"Reta";"Sim";2;0;0;0;2;0;0;2;-22,81113183;-43,3336729;"SPRF-RJ";"DEL01-RJ";"UOP02-DEL01-RJ"
328785;2020-12-18;"sexta-feira";"23:35:00";"MG";262;366;"JUATUBA";"Ingestão de Álcool";"Colisão com objeto estático";"Sem Vítimas";"Plena Noite";"Decrescente";"Chuva";"Dupla";"Reta";"Sim";1;0;0;0;1;0;0;1;-19,974217;-44,261798;"SPRF-MG";"DEL01-MG";"UOP03-DEL01-MG"
328786;2020-12-19;"sábado";"00:50:00";"DF";20;13;"BRASILIA";"Falta de Atenção do Pedestre";"Atropelamento de Pedestre";"Com Vítimas Feridas";"Plena Noite";"Decrescente";"Céu Claro";"Dupla";"Reta";"Não";2;0;1;0;1;0;1;2;-15,638752;-47,749599;"SPRF-DF";"DEL02-DF";"UOP01-DEL02-DF"
328787;2020-12-19;"sábado";"01:15:00";"RS";158;156,7;"PANAMBI";"Ingestão de Álcool";"Saída de leito carroçável";"Com Vítimas Feridas";"Plena Noite";"Crescente";"Céu Claro";"Simples";"Curva";"Não";1;0;1;0;0;0;1;1;-28,32569999;-53,49916009;"SPRF-RS";"DEL10-RS";"UOP02-DEL10-RS"
328788;2020-12-19;"sábado";"01:00:00";"PI";316;5,3;"TERESINA";"Condutor Dormindo";"Saída de leito carroçável";"Com Vítimas Feridas";"Plena Noite";"Crescente";"Nublado";"Múltipla";"Reta";"Sim";1;0;0;1;0;0;1;1;-5,14169858;-42,78157276;"SPRF-PI";"DEL01-PI";"UOP02-DEL01-PI"
328789;2020-12-18;"sexta-feira";"21:00:00";"SC";101;210;"SAO JOSE";"Ingestão de Álcool";"Colisão com objeto estático";"Sem Vítimas";"Plena Noite";"Crescente";"Garoa/Chuvisco";"Dupla";"Reta";"Sim";1;0;0;0;1;0;0;1;-27,6167305;-48,6457265;"SPRF-SC";"DEL01-SC";"UOP01-DEL01-SC"
328790;2020-12-19;"sábado";"02:10:00";"CE";116;14;"FORTALEZA";"Desobediência às normas de trânsito pelo condutor";"Queda de ocupante de veículo";"Com Vítimas Feridas";"Plena Noite";"Crescente";"Céu Claro";"Dupla";"Reta";"Sim";1;0;0;1;0;0;1;1;-3,87517308;-38,50008488;"SPRF-CE";"DEL01-CE";"UOP02-DEL01-CE"
328791;2020-12-19;"sábado";"02:00:00";"PR";277;82;"CURITIBA";"Falta de Atenção à Condução";"Colisão traseira";"Com Vítimas Feridas";"Plena Noite";"Crescente";"Nublado";"Dupla";"Reta";"Sim";3;0;3;0;0;0;3;2;-25,57977728;-49,2308253;"SPRF-PR";"DEL01-PR";"UOP01-DEL01-PR"
328792;2020-12-19;"sábado";"02:40:00";"MG";50;48;"ARAGUARI";"Ingestão de Álcool";"Colisão com objeto estático";"Sem Vítimas";"Plena Noite";"Decrescente";"Garoa/Chuvisco";"Dupla";"Aclive";"Não";2;0;0;0;2;0;0;1;-18,73203707;-48,21288207;"SPRF-MG";"DEL15-MG";"UOP02-DEL15-MG"
328793;2020-12-19;"sábado";"02:20:00";"MG";381;486;"BETIM";"Pista Escorregadia";"Tombamento";"Com Vítimas Feridas";"Plena Noite";"Decrescente";"Chuva";"Dupla";"Curva";"Sim";1;0;1;0;0;0;1;1;-19,95644414;-44,13611598;"SPRF-MG";"DEL01-MG";"UOP03-DEL01-MG"
328794;2020-12-19;"sábado";"01:50:00";"SP";116;415,9;"JUQUIA";"Defeito Mecânico no Veículo";"Incêndio";"Sem Vítimas";"Plena Noite";"Decrescente";"Nublado";"Dupla";"Reta";"Sim";2;0;0;0;2;0;0;1;-24,334489;-47,641203;"SPRF-SP";"DEL05-SP";"UOP01-DEL05-SP"
328795;2020-12-19;"sábado";"03:05:00";"RS";392;44,7;"RIO GRANDE";"Condutor Dormindo";"Saída de leito carroçável";"Com Vítimas Feridas";"Plena Noite";"Crescente";"Nublado";"Dupla";"Reta";"Não";3;0;1;0;2;0;1;1;-31,92816308;-52,31293137;"SPRF-RS";"DEL07-RS";"UOP02-DEL07-RS"
328796;2020-12-19;"sábado";"03:20:00";"SC";101;133,8;"BALNEARIO CAMBORIU";"Ingestão de Álcool";"Colisão traseira";"Sem Vítimas";"Plena Noite";"Decrescente";"Nublado";"Múltipla";"Reta";"Sim";2;0;0;0;2;0;0;2;-26,99936;-48,64609;"SPRF-SC";"DEL04-SC";"UOP03-DEL04-SC"