"id";"data_inversa";"dia_semana";"horario";"uf";"br";"km";"municipio";"causa_acidente";"tipo_acidente";"classificacao_acidente";"fase_dia";"sentido_via";"condicao_metereologica";"tipo_pista";"tracado_via";"uso_solo";"pessoas";"mortos";"feridos_leves";"feridos_graves";"ilesos";"ignorados";"feridos";"veiculos";"latitude";"longitude";"regional";"delegacia";"uop"
328797;2020-12-19;"sábado";"02:20:00";"MG";381;487,5;"BETIM";"Objeto estático sobre o leito carroçável";"Colisão com objeto estático";"Sem Vítimas";"Plena Noite";"Decrescente";"Chuva";"Múltipla";"Aclive;Curva";"Sim";2;0;0;0;2;0;0;2;-19,95586853;-44,14609501;"SPRF-MG";"DEL01-MG";"UOP03-DEL01-MG"
328799;2020-12-19;"sábado";"03:50:00";"GO";50;122,5;"IPAMERI";"Condutor Dormindo";"Saída de leito carroçável";"Com Vítimas Feridas";"Plena Noite";"Crescente";"Céu Claro";"Dupla";"Reta";"Não";1;0;1;0;0;0;1;1;-16,9417;-47,7264;"SPRF-GO";"DEL06-GO";"UOP01-DEL06-GO"
328800;2020-12-19;"sábado";"04:40:00";"DF";80;26;"BRASILIA";"Falta de Atenção à Condução";"Saída de leito carroçável";"Com Vítimas Feridas";"Plena Noite";"Crescente";"Céu Claro";"Simples";"Curva;Declive";"Sim";1;0;1;0;0;0;1;1;-15,60514412;-48,19749355;"SPRF-DF";"DEL03-DF";"UOP02-DEL03-DF"
328801;2020-12-19;"sábado";"03:20:00";"MT";163;1035;"PEIXOTO DE AZEVEDO";"Ingestão de Álcool";"Colisão traseira";"Com Vítimas Feridas";"Plena Noite";"Decrescente";"Céu Claro";"Simples";"Reta";"Não";2;0;1;0;1;0;1;2;-10,20953641;-54,96255785;"SPRF-MT";"DEL06-MT";"NPF/DEL06-MT"
328802;2020-12-19;"sábado";"03:10:00";"MA";135;5,7;"SAO LUIS";"Falta de Atenção à Condução";"Capotamento";"Com Vítimas Feridas";"Plena Noite";"Decrescente";"Ignorado";"Dupla";"Reta";"Sim";2;0;0;1;0;1;1;1;-2,62727886;-44,26192045;"SPRF-MA";"DEL01-MA";"UOP01-DEL01-MA"
328804;2020-12-19;"sábado";"04:25:00";"RJ";101;41;"CAMPOS DOS GOYTACAZES";"Falta de Atenção à Condução";"Colisão traseira";"Com Vítimas Fatais";"Plena Noite";"Decrescente";"Céu Claro";"Simples";"Reta";"Não";2;1;0;0;1;0;0;2;-21,557943;-41,326785;"SPRF-RJ";"DEL08-RJ";"UOP01-DEL08-RJ"
328805;2020-12-19;"sábado";"04:30:00";"MG";40;633,3;"CONSELHEIRO LAFAIETE";"Defeito Mecânico no Veículo";"Incêndio";"Sem Vítimas";"Plena Noite";"Crescente";"Nublado";"Simples";"Rotatória";"Não";1;0;0;0;0;1;0;1;-20,68168197;-43,79419779;"SPRF-MG";"DEL05-MG";"UOP02-DEL05-MG"
328808;2020-12-19;"sábado";"05:00:00";"MG";40;506;"RIBEIRAO DAS NEVES";"Falta de Atenção à Condução";"Saída de leito carroçável";"Sem Vítimas";"Pleno dia";"Crescente";"Nublado";"Dupla";"Curva";"Sim";1;0;0;0;0;1;0;1;-19,74716686;-44,14731173;"SPRF-MG";"DEL02-MG";"UOP01-DEL02-MG"
328811;2020-12-19;"sábado";"06:00:00";"PE";101;43;"IGARASSU";"Falta de Atenção à Condução";"Colisão traseira";"Sem Vítimas";"Pleno dia";"Crescente";"Sol";"Múltipla";"Reta";"Sim";2;0;0;0;2;0;0;2;-7,84753808;-34,90977038;"SPRF-PE";"DEL01-PE";"UOP02-DEL01-PE"
328812;2020-12-19;"sábado";"06:00:00";"SP";116;516;"CAJATI";"Falta de Atenção à Condução";"Saída de leito carroçável";"Com Vítimas Feridas";"Amanhecer";"Decrescente";"Nublado";"Simples";"Reta";"Não";4;0;2;0;2;0;2;1;-24,87439;-48,209382;"SPRF-SP";"DEL05-SP";"UOP02-DEL05-SP"
328813;2020-12-19;"sábado";"05:20:00";"RS";290;6;"OSORIO";"Falta de Atenção à Condução";"Saída de leito carroçável";"Com Vítimas Feridas";"Pleno dia";"Decrescente";"Céu Claro";"Dupla";"Reta";"Não";1;0;1;0;0;0;1;1;-29,896193;-50,334114;"SPRF-RS";"DEL03-RS";"UOP01-DEL03-RS"
328819;2020-12-19;"sábado";"04:40:00";"RR";174;501;"BOA VISTA";"Ingestão de álcool e/ou substâncias psicoativas pelo pedestre";"Colisão com objeto estático";"Com Vítimas Feridas";"Amanhecer";"Decrescente";"Nublado";"Dupla";"Reta";"Sim";2;0;2;0;0;0;2;1;2,781689;-60,703827;"SPRF-RR";"DEL01-RR";"UOP01-DEL01-RR"
328820;2020-12-19;"sábado";"06:30:00";"PR";116;17;"CURITIBA";"Desobediência às normas de trânsito pelo condutor";"Colisão transversal";"Com Vítimas Feridas";"Pleno dia";"Crescente";"Céu Claro";"Dupla";"Reta";"Sim";2;0;1;0;1;0;1;2;-25,389;-49,1867;"SPRF-PR";"DEL01-PR";"UOP02-DEL01-PR"
328821;2020-12-19;"sábado";"04:30:00";"RS";392;68,2;"PELOTAS";"Desobediência às normas de trânsito pelo condutor";"Queda de ocupante de veículo";"Sem Vítimas";"Amanhecer";"Decrescente";"Nublado";"Dupla";"Curva";"Não";1;0;0;0;0;1;0;1;-31,74853677;-52,40231256;"SPRF-RS";"DEL07-RS";"UOP01-DEL07-RS"
328822;2020-12-18;"sexta-feira";"21:00:00";"RJ";465;5;"SEROPEDICA";"Falta de Atenção à Condução";"Colisão transversal";"Com Vítimas Feridas";"Plena Noite";"Crescente";"Céu Claro";"Simples";"Reta";"Sim";2;0;1;0;1;0;1;2;-22,747673;-43,699196;"SPRF-RJ";"DEL01-RJ";"UOP03-DEL01-RJ"
328824;2020-12-19;"sábado";"07:00:00";"SC";101;88,1;"BARRA VELHA";"Falta de Atenção à Condução";"Colisão traseira";"Com Vítimas Feridas";"Pleno dia";"Crescente";"Nublado";"Simples";"Reta";"Sim";3;0;1;1;1;0;2;2;-26,65103634;-48,68729711;"SPRF-SC";"DEL03-SC";"UOP02-DEL03-SC"
328826;2020-12-19;"sábado";"07:40:00";"CE";116;17;"EUSEBIO";"Velocidade Incompatível";"Colisão traseira";"Com Vítimas Feridas";"Pleno dia";"Decrescente";"Nublado";"Dupla";"Reta";"Sim";2;0;1;0;1;0;1;2;-3,89617918;-38,50336042;"SPRF-CE";"DEL01-CE";"UOP02-DEL01-CE"
328827;2020-12-19;"sábado";"04:40:00";"MT";364;28,6;"ALTO ARAGUAIA";"Ultrapassagem Indevida";"Saída de leito carroçável";"Com Vítimas Feridas";"Amanhecer";"Crescente";"Céu Claro";"Simples";"Aclive";"Não";1;0;1;0;0;0;1;1;-17,17155933;-53,40273814;"SPRF-MT";"DEL02-MT";"UOP02-DEL02-MT"
328830;2020-12-19;"sábado";"07:40:00";"PE";101;74,5;"RECIFE";"Falta de Atenção à Condução";"Engavetamento";"Com Vítimas Feridas";"Pleno dia";"Decrescente";"Céu Claro";"Dupla";"Curva";"Sim";6;0;1;0;5;0;1;4;-8,105831;-34,948625;"SPRF-PE";"DEL01-PE";"UOP01-DEL01-PE"
328831;2020-12-18;"sexta-feira";"20:50:00";"SC";101;210;"SAO JOSE";"Falta de Atenção à Condução";"Colisão lateral";"Com Vítimas Feridas";"Plena Noite";"Decrescente";"Garoa/Chuvisco";"Dupla";"Reta";"Sim";2;0;1;0;1;0;1;2;-27,6167305;-48,6457265;"SPRF-SC";"DEL01-SC";"UOP01-DEL01-SC"
328832;2020-12-19;"sábado";"04:30:00";"SP";116;479;"JACUPIRANGA";"Desobediência às normas de trânsito pelo pedestre";"Atropelamento de Pedestre";"Com Vítimas Fatais";"Amanhecer";"Decrescente";"Nevoeiro/Neblina";"Dupla";"Reta";"Não";3;1;1;0;1;0;1;2;-24,70935401;-48,01820699;"SPRF-SP";"DEL05-SP";"UOP01-DEL05-SP"
328833;2020-12-19;"sábado";"08:09:00";"PE";101;87;"CABO DE SANTO AGOSTINHO";"Falta de Atenção à Condução";"Engavetamento";"Sem Vítimas";"Pleno dia";"Crescente";"Céu Claro";"Múltipla";"Reta";"Sim";3;0;0;0;3;0;0;3;-8,19120206;-34,97449985;"SPRF-PE";"DEL01-PE";"UOP03-DEL01-PE"
328834;2020-12-19;"sábado";"02:00:00";"SC";470;320;"CAMPOS NOVOS";"Ingestão de Álcool";"Colisão com objeto estático";"Sem Vítimas";"Plena Noite";"Decrescente";"Céu Claro";"Simples";"Reta";"Não";3;0;0;0;2;1;0;3;-27,41375;-51,23394;"SPRF-SC";"DEL07-SC";"UOP06-DEL07-SC"
328836;2020-12-18;"sexta-feira";"23:00:00";"BA";101;832;"TEIXEIRA DE FREITAS";"Falta de Atenção à Condução";"Colisão frontal";"Com Vítimas Feridas";"Plena Noite";"Crescente";"Céu Claro";"Simples";"Reta";"Não";5;0;3;0;2;0;3;2;-17,37296991;-39,65593317;"SPRF-BA";"DEL09-BA";"UOP02-DEL09-BA"
328838;2020-12-19;"sábado";"07:30:00";"ES";101;277,5;"SERRA";"Falta de Atenção à Condução";"Saída de leito carroçável";"Com Vítimas Feridas";"Pleno dia";"Decrescente";"Céu Claro";"Dupla";"Curva";"Não";3;0;0;2;0;1;2;2;-20,21307738;-40,32125972;"SPRF-ES";"DEL02-ES";"UOP01-DEL02-ES"
328839;2020-12-06;"domingo";"18:00:00";"RJ";40;90,5;"PETROPOLIS";"Velocidade Incompatível";"Colisão com objeto estático";"Com Vítimas Feridas";"Plena Noite";"Crescente";"Chuva";"Simples";"Curva";"Não";8;0;6;0;2;0;6;1;-22,55185939;-43,23617935;"SPRF-RJ";"DEL06-RJ";"UOP01-DEL06-RJ"
328843;2020-12-19;"sábado";"08:00:00";"SP";116;284,8;"ITAPECERICA DA SERRA";"Falta de Atenção à Condução";"Colisão traseira";"Com Vítimas Feridas";"Pleno dia";"Crescente";"Sol";"Dupla";"Viaduto";"Sim";3;0;2;0;1;0;2;2;-23,69998;-46,867767;"SPRF-SP";"DEL04-SP";"UOP01-DEL04-SP"
328845;2020-12-19;"sábado";"05:00:00";"MT";70;273,9;"PRIMAVERA DO LESTE";"Falta de Atenção à Condução";"Colisão traseira";"Com Vítimas Feridas";"Amanhecer";"Crescente";"Nublado";"Simples";"Reta";"Não";4;0;1;0;2;1;1;3;-15,54158116;-54,23761592;"SPRF-MT";"DEL05-MT";"UOP01-DEL05-MT"
328846;2020-12-19;"sábado";"02:20:00";"RO";425;98,5;"NOVA MAMORE";"Ingestão de Álcool";"Colisão com objeto estático";"Sem Vítimas";"Plena Noite";"Decrescente";"Céu Claro";"Múltipla";"Declive";"Sim";3;0;0;0;0;3;0;3;-10,403116;-65,32756;"SPRF-RO";"DEL01-RO";"UOP03-DEL01-RO"
328847;2020-11-22;"domingo";"16:00:00";"ES";262;6,6;"CARIACICA";"Defeito na Via";"Tombamento";"Com Vítimas Feridas";"Pleno dia";"Crescente";"Ignorado";"Múltipla";"Reta";"Sim";1;0;1;0;0;0;1;1;-20,34212782;-40,39917684;"SPRF-ES";"DEL01-ES";"UOP01-DEL01-ES"
328849;2020-12-19;"sábado";"07:15:00";"DF";80;0,2;"BRASILIA";"Falta de Atenção à Condução";"Colisão traseira";"Com Vítimas Feridas";"Pleno dia";"Crescente";"Céu Claro";"Simples";"Reta";"Sim";2;0;1;0;1;0;1;2;-15,735591;-48,075591;"SPRF-DF";"DEL03-DF";"UOP02-DEL03-DF"
328850;2020-12-19;"sábado";"07:35:00";"SC";101;50;"JOINVILLE";"Ingestão de Álcool";"Colisão com objeto estático";"Sem Vítimas";"Pleno dia";"Crescente";"Nublado";"Dupla";"Reta";"Não";1;0;0;0;1;0;0;1;-26,37546719;-48,85479619;"SPRF-SC";"DEL03-SC";"UOP01-DEL03-SC"
328851;2020-12-19;"sábado";"06:45:00";"GO";153;494,9;"GOIANIA";"Falta de Atenção à Condução";"Colisão frontal";"Com Vítimas Feridas";"Amanhecer";"Decrescente";"Sol";"Dupla";"Reta";"Não";2;0;2;0;0;0;2;2;-16,6614;-49,2218;"SPRF-GO";"DEL01-GO";"UOP01-DEL01-GO"
328852;2020-12-19;"sábado";"09:00:00";"MG";40;522;"RIBEIRAO DAS NEVES";"Falta de Atenção à Condução";"Saída de leito carroçável";"Sem Vítimas";"Pleno dia";"Decrescente";"Céu Claro";"Dupla";"Reta";"Não";1;0;0;0;0;1;0;1;-19,8638731;-44,06749809;"SPRF-MG";"DEL01-MG";"UOP02-DEL01-MG"
328853;2020-12-19;"sábado";"08:50:00";"GO";40;1,5;"VALPARAISO DE GOIAS";"Falta de Atenção do Pedestre";"Atropelamento de Pedestre";"Com Vítimas Feridas";"Pleno dia";"Crescente";"Sol";"Dupla";"Reta";"Sim";2;0;0;1;1;0;1;2;-16,058245;-47,982825;"SPRF-DF";"DEL01-DF";"UOP01-DEL01-DF"
328854;2020-12-19;"sábado";"08:00:00";"MS";163;258;"DOURADOS";"Desobediência às normas de trânsito pelo condutor";"Colisão transversal";"Com Vítimas Feridas";"Pleno dia";"Crescente";"Céu Claro";"Dupla";"Rotatória";"Sim";2;0;1;0;0;1;1;2;-22,25859;-54,783592;"SPRF-MS";"DEL04-MS";"UOP01-DEL04-MS"
328855;2020-12-19;"sábado";"09:15:00";"PR";116;151;"MANDIRITUBA";"Desobediência às normas de trânsito pelo condutor";"Colisão transversal";"Sem Vítimas";"Pleno dia";"Crescente";"Sol";"Simples";"Reta;Aclive";"Não";2;0;0;0;2;0;0;2;-25,82348404;-49,33547684;"SPRF-PR";"DEL01-PR";"UOP03-DEL01-PR"
328857;2020-12-19;"sábado";"09:35:00";"RN";304;35;"MOSSORO";"Falta de Atenção à Condução";"Colisão lateral";"Com Vítimas Feridas";"Pleno dia";"Decrescente";"Céu Claro";"Simples";"Rotatória";"Não";2;0;1;0;1;0;1;2;-5,16149497;-37,35068212;"SPRF-RN";"DEL04-RN";"UOP02-DEL04-RN"
328860;2020-12-19;"sábado";"08:00:00";"MT";163;853;"SINOP";"Falta de Atenção à Condução";"Queda de ocupante de veículo";"Com Vítimas Feridas";"Pleno dia";"Decrescente";"Sol";"Simples";"Reta";"Sim";1;0;1;0;0;0;1;1;-11,701603;-55,453672;"SPRF-MT";"DEL06-MT";"NPF/DEL06-MT"
328861;2020-12-19;"sábado";"09:30:00";"MG";381;501;"BETIM";"Não guardar distância de segurança";"Colisão traseira";"Com Vítimas Feridas";"Pleno dia";"Decrescente";"Céu Claro";"Dupla";"Reta";"Sim";2;0;1;0;0;1;1;2;-20,00598238;-44,21454334;"SPRF-MG";"DEL01-MG";"UOP03-DEL01-MG"
328862;2020-12-19;"sábado";"06:30:00";"BA";101;535;"SAO JOSE DA VITORIA";"Velocidade Incompatível";"Colisão transversal";"Com Vítimas Fatais";"Pleno dia";"Crescente";"Céu Claro";"Simples";"Curva";"Não";2;1;1;0;0;0;1;2;-15,15775202;-39,41074199;"SPRF-BA";"DEL05-BA";"UOP01-DEL05-BA"
328863;2020-12-19;"sábado";"07:00:00";"RR";174;431;"MUCAJAI";"Defeito na Via";"Queda de ocupante de veículo";"Com Vítimas Feridas";"Pleno dia";"Crescente";"Céu Claro";"Simples";"Reta";"Não";1;0;0;1;0;0;1;1;2,300603;-60,924877;"SPRF-RR";"DEL01-RR";"UOP01-DEL01-RR"
328864;2020-12-19;"sábado";"09:00:00";"MS";163;479,1;"CAMPO GRANDE";"Ingestão de Álcool";"Colisão transversal";"Com Vítimas Feridas";"Pleno dia";"Decrescente";"Céu Claro";"Simples";"Reta";"Sim";4;0;1;0;2;1;1;3;-20,487322;-54,55929095;"SPRF-MS";"DEL01-MS";"UOP01-DEL01-MS"
328867;2020-12-19;"sábado";"09:40:00";"SC";101;280,5;"IMBITUBA";"Defeito Mecânico no Veículo";"Tombamento";"Com Vítimas Feridas";"Pleno dia";"Decrescente";"Sol";"Dupla";"Reta";"Não";1;0;1;0;0;0;1;1;-28,199736;-48,697743;"SPRF-SC";"DEL02-SC";"UOP03-DEL02-SC"
328868;2020-12-19;"sábado";"07:55:00";"MT";163;538;"DIAMANTINO";"Defeito Mecânico no Veículo";"Saída de leito carroçável";"Com Vítimas Feridas";"Pleno dia";"Crescente";"Céu Claro";"Simples";"Reta";"Não";1;0;1;0;0;0;1;1;-14,39790283;-56,11054979;"SPRF-MT";"DEL01-MT";"UOP01-DEL01-MT"
328869;2020-12-19;"sábado";"08:35:00";"MG";381;674;"PERDOES";"Não guardar distância de segurança";"Colisão traseira";"Sem Vítimas";"Pleno dia";"Decrescente";"Céu Claro";"Dupla";"Reta";"Não";4;0;0;0;4;0;0;4;-21,107021;-45,09114;"SPRF-MG";"DEL04-MG";"UOP02-DEL04-MG"
328870;2020-12-19;"sábado";"09:55:00";"SC";101;282,5;"IMBITUBA";"Falta de Atenção à Condução";"Colisão transversal";"Com Vítimas Feridas";"Pleno dia";"Decrescente";"Céu Claro";"Simples";"Interseção de Vias";"Sim";2;0;1;0;1;0;1;2;-28,21533368;-48,69947802;"SPRF-SC";"DEL02-SC";"UOP03-DEL02-SC"
328872;2020-12-19;"sábado";"09:40:00";"SC";101;120,6;"ITAJAI";"Não guardar distância de segurança";"Colisão traseira";"Com Vítimas Feridas";"Pleno dia";"Decrescente";"Céu Claro";"Dupla";"Reta";"Não";3;0;1;0;1;1;1;2;-26,912758;-48,711998;"SPRF-SC";"DEL04-SC";"UOP04-DEL04-SC"
328873;2020-12-19;"sábado";"06:00:00";"MG";40;176;"JOAO PINHEIRO";"Pista Escorregadia";"Saída de leito carroçável";"Com Vítimas Feridas";"Pleno dia";"Decrescente";"Chuva";"Simples";"Declive;Reta";"Não";5;0;5;0;0;0;5;1;-17,96024022;-46,01446609;"SPRF-MG";"DEL14-MG";"UOP02-DEL14-MG"
328874;2020-12-19;"sábado";"10:10:00";"PR";277;81,9;"CURITIBA";"Desobediência às normas de trânsito pelo condutor";"Colisão lateral";"Com Vítimas Feridas";"Pleno dia";"Crescente";"Céu Claro";"Dupla";"Reta";"Sim";4;0;2;0;2;0;2;3;-25,568939;-49,181978;"SPRF-PR";"DEL01-PR";"UOP01-DEL01-PR"
328875;2020-12-19;"sábado";"07:30:00";"RJ";116;117;"MAGE";"Falta de Atenção à Condução";"Saída de leito carroçável";"Sem Vítimas";"Pleno dia";"Crescente";"Céu Claro";"Dupla";"Reta";"Não";1;0;0;0;1;0;0;1;-22,60276206;-43,02514183;"SPRF-RJ";"DEL04-RJ";"UOP02-DEL04-RJ"
328876;2020-12-19;"sábado";"10:25:00";"RS";153;45;"ERECHIM";"Velocidade Incompatível";"Saída de leito carroçável";"Com Vítimas Feridas";"Pleno dia";"Decrescente";"Chuva";"Simples";"Curva";"Não";1;0;1;0;0;0;1;1;-27,63214303;-52,23626162;"SPRF-RS";"DEL08-RS";"UOP04-DEL08-RS"
328877;2020-12-19;"sábado";"10:40:00";"PE";101;46;"IGARASSU";"Falta de Atenção à Condução";"Colisão lateral";"Com Vítimas Feridas";"Pleno dia";"Crescente";"Céu Claro";"Múltipla";"Reta";"Não";3;0;1;0;1;1;1;2;-7,87406004;-34,90588126;"SPRF-PE";"DEL01-PE";"UOP02-DEL01-PE"
328878;2020-12-19;"sábado";"10:10:00";"ES";101;208;"IBIRACU";"Falta de Atenção do Pedestre";"Atropelamento de Pedestre";"Com Vítimas Feridas";"Pleno dia";"Decrescente";"Nublado";"Simples";"Reta";"Não";2;0;0;1;0;1;1;2;-19,780796;-40,37160598;"SPRF-ES";"DEL02-ES";"UOP01-DEL02-ES"
328880;2020-12-13;"domingo";"21:55:00";"MS";419;285,3;"NIOAQUE";"Animais na Pista";"Saída de leito carroçável";"Com Vítimas Feridas";"Plena Noite";"Decrescente";"Céu Claro";"Simples";"Reta";"Não";3;0;1;0;2;0;1;1;-20,83568191;-55,91509487;"SPRF-MS";"DEL03-MS";"UOP01-DEL03-MS"
328882;2020-12-19;"sábado";"10:15:00";"ES";262;144,4;"MUNIZ FREIRE";"Velocidade Incompatível";"Colisão traseira";"Com Vítimas Feridas";"Pleno dia";"Crescente";"Céu Claro";"Simples";"Reta";"Não";3;0;0;1;2;0;1;2;-20,23880893;-41,40054411;"SPRF-ES";"DEL01-ES";"UOP02-DEL01-ES"
328884;2020-12-19;"sábado";"10:30:00";"SP";116;230,5;"SAO PAULO";"Não guardar distância de segurança";"Colisão traseira";"Com Vítimas Feridas";"Pleno dia";"Crescente";"Céu Claro";"Múltipla";"Reta";"Sim";3;0;1;0;2;0;1;2;-23,52251783;-46,5855702;"SPRF-SP";"DEL01-SP";"UOP01-DEL01-SP"
328885;2020-12-19;"sábado";"07:00:00";"BA";135;54;"FORMOSA DO RIO PRETO";"Velocidade Incompatível";"Capotamento";"Com Vítimas Feridas";"Amanhecer";"Decrescente";"Chuva";"Simples";"Reta";"Não";4;0;4;0;0;0;4;1;-11,21740812;-45,04750425;"SPRF-BA";"DEL10-BA";"UOP01-DEL10-BA"
328887;2020-12-19;"sábado";"11:00:00";"MG";116;275,8;"TEOFILO OTONI";"Falta de Atenção à Condução";"Colisão transversal";"Sem Vítimas";"Pleno dia";"Decrescente";"Céu Claro";"Dupla";"Reta";"Sim";3;0;0;0;1;2;0;3;-17,84235093;-41,51410418;"SPRF-MG";"DEL11-MG";"UOP01-DEL11-MG"
328888;2020-12-19;"sábado";"11:35:00";"PE";424;98,8;"GARANHUNS";"Ingestão de Álcool";"Colisão lateral";"Com Vítimas Feridas";"Pleno dia";"Crescente";"Céu Claro";"Simples";"Reta";"Não";2;0;1;0;0;1;1;2;-8,951714;-36,507836;"SPRF-PE";"DEL03-PE";"UOP01-DEL03-PE"
328889;2020-12-19;"sábado";"11:35:00";"SP";116;52,4;"LORENA";"Falta de Atenção à Condução";"Colisão traseira";"Com Vítimas Feridas";"Pleno dia";"Decrescente";"Céu Claro";"Dupla";"Reta";"Não";2;0;1;0;1;0;1;2;-22,74708138;-45,09973038;"SPRF-SP";"DEL08-SP";"UOP01-DEL08-SP"
328890;2020-12-19;"sábado";"11:30:00";"PR";116;98;"SAO JOSE DOS PINHAIS";"Falta de Atenção à Condução";"Colisão lateral";"Com Vítimas Feridas";"Pleno dia";"Crescente";"Céu Claro";"Dupla";"Reta";"Não";3;0;1;0;0;2;1;3;-25,51973222;-49,13431573;"SPRF-PR";"DEL01-PR";"UOP01-DEL01-PR"
328892;2020-12-19;"sábado";"12:00:00";"PR";476;129,3;"CURITIBA";"Falta de Atenção à Condução";"Colisão traseira";"Com Vítimas Feridas";"Pleno dia";"Decrescente";"Sol";"Múltipla";"Reta";"Sim";2;0;0;1;1;0;1;2;-25,440983;-49,233715;"SPRF-PR";"DEL01-PR";"UOP03-DEL01-PR"
328895;2020-12-19;"sábado";"10:30:00";"RJ";101;45;"CAMPOS DOS GOYTACAZES";"Não guardar distância de segurança";"Colisão traseira";"Com Vítimas Feridas";"Pleno dia";"Crescente";"Sol";"Simples";"Reta";"Não";2;0;1;0;1;0;1;2;-21,58933207;-41,31689933;"SPRF-RJ";"DEL08-RJ";"UOP01-DEL08-RJ"
328896;2020-12-19;"sábado";"11:00:00";"MT";163;955;"NOVA SANTA HELENA";"Falta de Atenção à Condução";"Colisão traseira";"Sem Vítimas";"Pleno dia";"Crescente";"Céu Claro";"Simples";"Reta";"Sim";2;0;0;0;1;1;0;2;-10,84099835;-55,18430471;"SPRF-MT";"DEL06-MT";"NPF/DEL06-MT"
328897;2020-12-19;"sábado";"12:30:00";"RS";470;224;"GARIBALDI";"Falta de Atenção à Condução";"Colisão traseira";"Sem Vítimas";"Pleno dia";"Crescente";"Chuva";"Simples";"Aclive";"Não";4;0;0;0;4;0;0;2;-29,23334038;-51,51605845;"SPRF-RS";"DEL06-RS";"UOP01-DEL06-RS"
328901;2020-12-19;"sábado";"09:20:00";"RJ";101;144;"MACAE";"Velocidade Incompatível";"Capotamento";"Com Vítimas Feridas";"Pleno dia";"Decrescente";"Céu Claro";"Dupla";"Retorno Regulamentado";"Não";3;0;3;0;0;0;3;1;-22,21509038;-41,75522447;"SPRF-RJ";"DEL08-RJ";"UOP04-DEL08-RJ"
328902;2020-12-19;"sábado";"13:30:00";"PE";101;68,1;"RECIFE";"Falta de Atenção à Condução";"Colisão traseira";"Com Vítimas Feridas";"Pleno dia";"Decrescente";"Sol";"Simples";"Rotatória";"Sim";3;0;2;0;0;1;2;2;-8,051976;-34,945903;"SPRF-PE";"DEL01-PE";"UOP01-DEL01-PE"
328904;2020-11-29;"domingo";"05:40:00";"PE";101;25;"IGARASSU";"Velocidade Incompatível";"Saída de leito carroçável";"Com Vítimas Fatais";"Pleno dia";"Crescente";"Sol";"Dupla";"Curva";"Não";1;1;0;0;0;0;0;1;-7,7009082;-34,9229207;"SPRF-PE";"DEL01-PE";"UOP02-DEL01-PE"
328905;2020-12-19;"sábado";"12:30:00";"RO";364;714;"PORTO VELHO";"Pista Escorregadia";"Tombamento";"Com Vítimas Feridas";"Pleno dia";"Decrescente";"Sol";"Simples";"Declive";"Sim";2;0;1;0;1;0;1;1;-8,77471806;-63,88606165;"SPRF-RO";"DEL01-RO";"UOP01-DEL01-RO"
328906;2020-12-19;"sábado";"13:10:00";"RJ";393;285;"VOLTA REDONDA";"Ingestão de Álcool";"Colisão com objeto estático";"Com Vítimas Feridas";"Pleno dia";"Crescente";"Sol";"Dupla";"Rotatória";"Sim";1;0;1;0;0;0;1;1;-22,481726;-44,06308602;"SPRF-RJ";"DEL05-RJ";"UOP04-DEL05-RJ"
328909;2020-12-19;"sábado";"12:00:00";"MA";10;250,3;"IMPERATRIZ";"Falta de Atenção à Condução";"Colisão traseira";"Com Vítimas Feridas";"Pleno dia";"Decrescente";"Céu Claro";"Simples";"Reta";"Sim";3;0;0;1;2;0;1;2;-5,545398;-47,463018;"SPRF-MA";"DEL04-MA";"UOP01-DEL04-MA"
328910;2020-12-19;"sábado";"10:40:00";"RJ";116;311;"ITATIAIA";"Falta de Atenção à Condução";"Queda de ocupante de veículo";"Com Vítimas Feridas";"Pleno dia";"Decrescente";"Sol";"Dupla";"Reta";"Não";1;0;1;0;0;0;1;1;-22,46086624;-44,44296321;"SPRF-RJ";"DEL07-RJ";"UOP02-DEL07-RJ"
328914;2020-12-19;"sábado";"13:15:00";"CE";222;1,6;"FORTALEZA";"Não guardar distância de segurança";"Engavetamento";"Com Vítimas Feridas";"Pleno dia";"Crescente";"Céu Claro";"Múltipla";"Reta";"Sim";3;0;1;0;2;0;1;3;-3,737804;-38,578061;"SPRF-CE";"DEL01-CE";"UOP01-DEL01-CE"
328915;2020-12-19;"sábado";"14:30:00";"PE";101;51,6;"PAULISTA";"Falta de Atenção à Condução";"Colisão traseira";"Com Vítimas Feridas";"Pleno dia";"Decrescente";"Sol";"Dupla";"Reta";"Sim";2;0;0;1;1;0;1;2;-7,9169968;-34,89689272;"SPRF-PE";"DEL01-PE";"UOP02-DEL01-PE"
328916;2020-12-19;"sábado";"13:00:00";"BA";116;822;"VITORIA DA CONQUISTA";"Desobediência às normas de trânsito pelo condutor";"Colisão lateral";"Sem Vítimas";"Pleno dia";"Crescente";"Céu Claro";"Dupla";"Reta";"Sim";2;0;0;0;2;0;0;2;-14,84724576;-40,8482427;"SPRF-BA";"DEL08-BA";"UOP01-DEL08-BA"
328917;2020-12-15;"terça-feira";"13:00:00";"AP";156;634;"CALCOENE";"Falta de Atenção à Condução";"Saída de leito carroçável";"Sem Vítimas";"Anoitecer";"Crescente";"Céu Claro";"Simples";"Reta";"Não";1;0;0;0;0;1;0;1;2,56099612;-51,31447296;"SPRF-AP";"DEL01-AP";"UOP01-DEL01-AP"
328919;2020-12-19;"sábado";"14:10:00";"SC";101;63;"ARAQUARI";"Ultrapassagem Indevida";"Colisão lateral";"Com Vítimas Feridas";"Pleno dia";"Decrescente";"Céu Claro";"Dupla";"Reta";"Sim";5;0;1;0;4;0;1;2;-26,45898367;-48,7584088;"SPRF-SC";"DEL03-SC";"UOP02-DEL03-SC"