"id";"data_inversa";"dia_semana";"horario";"uf";"br";"km";"municipio";"causa_acidente";"tipo_acidente";"classificacao_acidente";"fase_dia";"sentido_via";"condicao_metereologica";"tipo_pista";"tracado_via";"uso_solo";"pessoas";"mortos";"feridos_leves";"feridos_graves";"ilesos";"ignorados";"feridos";"veiculos";"latitude";"longitude";"regional";"delegacia";"uop"
329025;2020-12-19;"sábado";"19:50:00";"PR";153;44,5;"SANTO ANTONIO DA PLATINA";"Falta de Atenção à Condução";"Colisão traseira";"Com Vítimas Feridas";"Plena Noite";"Crescente";"Céu Claro";"Simples";"Reta";"Não";2;0;2;0;0;0;2;2;-23,31060229;-50,07032495;"SPRF-PR";"DEL07-PR";"UOP04-DEL07-PR"
329026;2020-12-19;"sábado";"17:50:00";"SC";282;583;"PINHALZINHO";"Avarias e/ou desgaste excessivo no pneu";"Colisão frontal";"Com Vítimas Fatais";"Anoitecer";"Decrescente";"Chuva";"Simples";"Curva";"Não";6;1;2;3;0;0;5;4;-26,83096412;-53,01868916;"SPRF-SC";"DEL07-SC";"UOP02-DEL07-SC"
329027;2020-12-19;"sábado";"20:40:00";"ES";259;103,4;"BAIXO GUANDU";"Velocidade Incompatível";"Saída de leito carroçável";"Com Vítimas Fatais";"Plena Noite";"Decrescente";"Nublado";"Simples";"Reta";"Não";1;1;0;0;0;0;0;1;-19,51753177;-41,01967578;"SPRF-ES";"DEL02-ES";"UOP01-DEL02-ES"
329029;2020-12-19;"sábado";"17:30:00";"BA";101;807,9;"ITAMARAJU";"Falta de Atenção à Condução";"Colisão lateral";"Com Vítimas Feridas";"Pleno dia";"Crescente";"Céu Claro";"Múltipla";"Interseção de Vias";"Sim";3;0;1;0;2;0;1;2;-17,0185485;-39,54164213;"SPRF-BA";"DEL09-BA";"UOP02-DEL09-BA"
329030;2020-12-19;"sábado";"20:10:00";"RS";470;335;"TRIUNFO";"Falta de Atenção à Condução";"Colisão lateral";"Com Vítimas Feridas";"Plena Noite";"Decrescente";"Céu Claro";"Simples";"Reta";"Não";2;0;1;0;1;0;1;2;-29,88304303;-51,71045118;"SPRF-RS";"DEL04-RS";"UOP02-DEL04-RS"
329031;2020-12-19;"sábado";"21:35:00";"RS";290;93;"PORTO ALEGRE";"Defeito Mecânico no Veículo";"Colisão traseira";"Com Vítimas Feridas";"Plena Noite";"Crescente";"Céu Claro";"Dupla";"Reta";"Não";2;0;1;0;1;0;1;2;-29,970839;-51,187725;"SPRF-RS";"DEL01-RS";"UOP01-DEL01-RS"
329032;2020-12-19;"sábado";"21:15:00";"RJ";101;59;"CAMPOS DOS GOYTACAZES";"Desobediência às normas de trânsito pelo condutor";"Colisão transversal";"Com Vítimas Feridas";"Plena Noite";"Decrescente";"Céu Claro";"Simples";"Reta";"Sim";2;0;0;1;1;0;1;2;-21,71366497;-41,30861915;"SPRF-RJ";"DEL08-RJ";"UOP01-DEL08-RJ"
329033;2020-12-19;"sábado";"17:30:00";"AC";364;167;"BUJARI";"Falta de Atenção à Condução";"Colisão traseira";"Com Vítimas Feridas";"Plena Noite";"Decrescente";"Céu Claro";"Simples";"Reta";"Não";3;0;1;0;2;0;1;2;-9,78129307;-68,03347604;"SPRF-AC";"DEL01-AC";"UOP01-DEL01-AC"
329034;2020-12-19;"sábado";"21:00:00";"MG";50;176,8;"UBERABA";"Ingestão de Álcool";"Colisão lateral";"Sem Vítimas";"Plena Noite";"Crescente";"Nublado";"Dupla";"Reta";"Não";2;0;0;0;2;0;0;2;-19,77919981;-47,960032;"SPRF-MG";"DEL13-MG";"UOP01-DEL13-MG"
329038;2020-12-19;"sábado";"21:30:00";"PR";376;80,5;"GUAIRACA";"Falta de Atenção à Condução";"Saída de leito carroçável";"Sem Vítimas";"Plena Noite";"Crescente";"Céu Claro";"Simples";"Reta";"Não";1;0;0;0;1;0;0;1;-22,95683;-52,6586;"SPRF-PR";"DEL09-PR";"UOP02-DEL09-PR"
329040;2020-12-19;"sábado";"20:30:00";"MT";163;692,3;"SORRISO";"Falta de Atenção à Condução";"Colisão lateral";"Com Vítimas Fatais";"Plena Noite";"Crescente";"Céu Claro";"Simples";"Reta";"Não";2;2;0;0;0;0;0;2;-13,04673;-55,904866;"SPRF-MT";"DEL06-MT";"UOP01-DEL06-MT"
329042;2020-12-19;"sábado";"20:30:00";"SC";101;210,6;"SAO JOSE";"Desobediência às normas de trânsito pelo condutor";"Colisão frontal";"Com Vítimas Fatais";"Plena Noite";"Crescente";"Nublado";"Múltipla";"Reta";"Sim";3;1;0;0;0;2;0;3;-27,6219474;-48,6509183;"SPRF-SC";"DEL01-SC";"UOP01-DEL01-SC"
329045;2020-12-19;"sábado";"21:00:00";"PE";232;414;"SERRA TALHADA";"Ingestão de Álcool";"Colisão traseira";"Sem Vítimas";"Plena Noite";"Decrescente";"Céu Claro";"Simples";"Reta";"Sim";3;0;0;0;3;0;0;2;-7,99236282;-38,33750809;"SPRF-PE";"DEL04-PE";"UOP01-DEL04-PE"
329046;2020-12-19;"sábado";"21:00:00";"MG";40;546;"NOVA LIMA";"Pista Escorregadia";"Colisão com objeto estático";"Com Vítimas Feridas";"Plena Noite";"Decrescente";"Chuva";"Dupla";"Curva";"Não";1;0;1;0;0;0;1;1;-20,01444685;-43,96893823;"SPRF-MG";"DEL01-MG";"UOP02-DEL01-MG"
329047;2020-12-19;"sábado";"21:50:00";"DF";70;10;"BRASILIA";"Falta de Atenção à Condução";"Colisão traseira";"Sem Vítimas";"Plena Noite";"Crescente";"Céu Claro";"Dupla";"Reta";"Sim";3;0;0;0;3;0;0;2;-15,787066;-48,140709;"SPRF-DF";"DEL03-DF";"UOP02-DEL03-DF"
329048;2020-12-19;"sábado";"21:50:00";"GO";50;280;"CATALAO";"Ingestão de Álcool";"Colisão lateral";"Sem Vítimas";"Plena Noite";"Crescente";"Nublado";"Simples";"Reta";"Sim";2;0;0;0;2;0;0;2;-18,1784;-47,9362;"SPRF-GO";"DEL06-GO";"UOP01-DEL06-GO"
329050;2020-12-19;"sábado";"22:40:00";"PE";101;45;"IGARASSU";"Ingestão de Álcool";"Colisão frontal";"Com Vítimas Feridas";"Plena Noite";"Decrescente";"Vento";"Múltipla";"Declive";"Sim";2;0;1;0;1;0;1;2;-7,86521297;-34,90715176;"SPRF-PE";"DEL01-PE";"UOP02-DEL01-PE"
329051;2020-12-19;"sábado";"21:50:00";"MG";381;361;"JOAO MONLEVADE";"Falta de Atenção do Pedestre";"Atropelamento de Pedestre";"Com Vítimas Feridas";"Plena Noite";"Decrescente";"Chuva";"Simples";"Reta";"Não";2;0;1;0;1;0;1;2;-19,85881293;-43,234108;"SPRF-MG";"DEL03-MG";"UOP01-DEL03-MG"
329053;2020-12-19;"sábado";"21:40:00";"MG";267;272,4;"AIURUOCA";"Falta de Atenção à Condução";"Colisão traseira";"Com Vítimas Feridas";"Plena Noite";"Decrescente";"Nublado";"Simples";"Curva";"Não";4;0;3;0;1;0;3;2;-21,93555445;-44,65527997;"SPRF-MG";"DEL17-MG";"UOP01-DEL17-MG"
329054;2020-12-19;"sábado";"21:40:00";"SC";280;123;"RIO NEGRINHO";"Ingestão de Álcool";"Colisão lateral";"Sem Vítimas";"Plena Noite";"Crescente";"Garoa/Chuvisco";"Simples";"Reta";"Não";5;0;0;0;5;0;0;3;-26,239194;-49,47992;"SPRF-SC";"DEL06-SC";"UOP03-DEL06-SC"
329055;2020-12-19;"sábado";"21:40:00";"MS";158;150;"APARECIDA DO TABOADO";"Ingestão de Álcool";"Colisão frontal";"Com Vítimas Fatais";"Plena Noite";"Decrescente";"Garoa/Chuvisco";"Simples";"Reta";"Não";4;1;2;1;0;0;3;2;-20,098574;-51,157522;"SPRF-MS";"DEL08-MS";"UOP01-DEL08-MS"
329056;2020-12-19;"sábado";"22:20:00";"SP";381;77;"SAO PAULO";"Pista Escorregadia";"Saída de leito carroçável";"Com Vítimas Feridas";"Plena Noite";"Decrescente";"Chuva";"Dupla";"Declive";"Sim";3;0;2;1;0;0;3;1;-23,388839;-46,5693478;"SPRF-SP";"DEL03-SP";"UOP01-DEL03-SP"
329057;2020-12-19;"sábado";"22:30:00";"MG";381;495;"BETIM";"Fenômenos da Natureza";"Tombamento";"Com Vítimas Feridas";"Pleno dia";"Decrescente";"Chuva";"Dupla";"Reta";"Sim";1;0;1;0;0;0;1;1;-19,98890883;-44,20522016;"SPRF-MG";"DEL01-MG";"UOP03-DEL01-MG"
329058;2020-12-19;"sábado";"09:30:00";"GO";70;377;"MONTES CLAROS DE GOIAS";"Falta de Atenção à Condução";"Saída de leito carroçável";"Com Vítimas Feridas";"Pleno dia";"Crescente";"Céu Claro";"Simples";"Reta";"Não";1;0;1;0;0;0;1;1;-15,936325;-51,382382;"SPRF-GO";"DEL04-GO";"UOP01-DEL04-GO"
329059;2020-12-19;"sábado";"23:00:00";"PR";373;175,3;"PONTA GROSSA";"Desobediência às normas de trânsito pelo condutor";"Colisão transversal";"Com Vítimas Feridas";"Plena Noite";"Decrescente";"Chuva";"Dupla";"Retorno Regulamentado";"Sim";3;0;1;0;2;0;1;2;-25,06728094;-50,21211882;"SPRF-PR";"DEL03-PR";"UOP04-DEL03-PR"
329061;2020-12-19;"sábado";"23:00:00";"PE";101;66,8;"RECIFE";"Velocidade Incompatível";"Colisão traseira";"Com Vítimas Feridas";"Plena Noite";"Decrescente";"Garoa/Chuvisco";"Dupla";"Reta";"Sim";3;0;2;0;1;0;2;2;-8,041156;-34,942653;"SPRF-PE";"DEL01-PE";"UOP01-DEL01-PE"
329063;2020-12-19;"sábado";"17:30:00";"PR";153;348;"IRATI";"Falta de Atenção à Condução";"Saída de leito carroçável";"Sem Vítimas";"Pleno dia";"Crescente";"Nublado";"Simples";"Declive;Reta";"Não";1;0;0;0;0;1;0;1;-25,59543291;-50,68809516;"SPRF-PR";"DEL03-PR";"UOP03-DEL03-PR"
329065;2020-12-19;"sábado";"22:20:00";"SC";101;133,5;"BALNEARIO CAMBORIU";"Falta de Atenção do Pedestre";"Atropelamento de Pedestre";"Com Vítimas Feridas";"Plena Noite";"Crescente";"Nublado";"Múltipla";"Reta";"Sim";2;0;1;1;0;0;2;2;-26,99936;-48,64609;"SPRF-SC";"DEL04-SC";"UOP03-DEL04-SC"
329066;2020-12-19;"sábado";"22:40:00";"PR";116;136;"MANDIRITUBA";"Falta de Atenção à Condução";"Saída de leito carroçável";"Sem Vítimas";"Plena Noite";"Decrescente";"Nublado";"Dupla";"Reta";"Não";1;0;0;0;1;0;0;1;-25,69308504;-49,31768479;"SPRF-PR";"DEL01-PR";"UOP03-DEL01-PR"
329067;2020-12-19;"sábado";"21:40:00";"SC";101;218;"PALHOCA";"Falta de Atenção à Condução";"Colisão lateral";"Com Vítimas Feridas";"Plena Noite";"Decrescente";"Céu Claro";"Dupla";"Reta";"Sim";2;0;1;0;1;0;1;2;-27,6758601;-48,67052525;"SPRF-SC";"DEL01-SC";"UOP02-DEL01-SC"
329068;2020-12-19;"sábado";"23:00:00";"SC";101;404,5;"MARACAJA";"Defeito Mecânico no Veículo";"Incêndio";"Sem Vítimas";"Plena Noite";"Crescente";"Nublado";"Dupla";"Reta";"Não";1;0;0;0;1;0;0;1;-28,87801417;-49,45745479;"SPRF-SC";"DEL02-SC";"UOP02-DEL02-SC"
329069;2020-12-19;"sábado";"23:45:00";"GO";60;118,4;"TEREZOPOLIS DE GOIAS";"Falta de Atenção à Condução";"Atropelamento de Pedestre";"Com Vítimas Feridas";"Anoitecer";"Decrescente";"Vento";"Dupla";"Reta";"Sim";2;0;1;0;0;1;1;2;-16,4848;-49,0935;"SPRF-GO";"DEL01-GO";"UOP01-DEL01-GO"
329072;2020-12-20;"domingo";"00:00:00";"MG";365;612,3;"UBERLANDIA";"Falta de Atenção à Condução";"Colisão lateral";"Com Vítimas Feridas";"Plena Noite";"Decrescente";"Nublado";"Simples";"Reta";"Sim";6;0;4;0;1;1;4;3;-18,92793854;-48,19198317;"SPRF-MG";"DEL15-MG";"UOP01-DEL15-MG"
329074;2020-12-19;"sábado";"22:30:00";"PB";230;215,5;"SOLEDADE";"Falta de Atenção do Pedestre";"Atropelamento de Pedestre";"Com Vítimas Feridas";"Plena Noite";"Decrescente";"Céu Claro";"Simples";"Reta";"Não";2;0;1;0;0;1;1;2;-7,0577;-36,3629;"SPRF-PB";"DEL02-PB";"UOP02-DEL02-PB"
329076;2020-12-19;"sábado";"22:10:00";"SC";282;23;"SANTO AMARO DA IMPERATRIZ";"Desobediência às normas de trânsito pelo condutor";"Colisão lateral";"Com Vítimas Feridas";"Plena Noite";"Crescente";"Céu Claro";"Simples";"Reta";"Sim";2;0;1;0;1;0;1;2;-27,687958;-48,736794;"SPRF-SC";"DEL01-SC";"UOP02-DEL01-SC"
329077;2020-12-19;"sábado";"21:45:00";"ES";101;269;"SERRA";"Ingestão de Álcool";"Colisão lateral";"Sem Vítimas";"Plena Noite";"Crescente";"Céu Claro";"Múltipla";"Reta";"Sim";2;0;0;0;2;0;0;2;-20,21740496;-40,26990578;"SPRF-ES";"DEL02-ES";"UOP01-DEL02-ES"
329078;2020-12-19;"sábado";"22:15:00";"BA";116;15;"VITORIA DA CONQUISTA";"Falta de Atenção à Condução";"Colisão lateral";"Com Vítimas Feridas";"Plena Noite";"Decrescente";"Céu Claro";"Simples";"Reta";"Sim";2;0;1;0;1;0;1;2;-14,89926892;-40,85507696;"SPRF-PE";"DEL05-PE";"UOP03-DEL05-PE"
329081;2020-12-19;"sábado";"23:10:00";"MT";163;1033,1;"PEIXOTO DE AZEVEDO";"Ausência de reação do condutor";"Colisão traseira";"Com Vítimas Fatais";"Plena Noite";"Crescente";"Céu Claro";"Simples";"Reta";"Não";2;1;0;0;1;0;0;2;-10,33413892;-55,03922841;"SPRF-MT";"DEL06-MT";"NPF/DEL06-MT"
329082;2020-12-20;"domingo";"00:10:00";"RS";116;233;"ESTANCIA VELHA";"Desobediência às normas de trânsito pelo condutor";"Colisão lateral";"Com Vítimas Feridas";"Plena Noite";"Decrescente";"Céu Claro";"Dupla";"Reta";"Não";2;0;2;0;0;0;2;2;-29,64206007;-51,14268362;"SPRF-RS";"DEL01-RS";"UOP02-DEL01-RS"
329083;2020-12-20;"domingo";"00:20:00";"RS";392;643,7;"GUARANI DAS MISSOES";"Falta de Atenção à Condução";"Colisão transversal";"Com Vítimas Fatais";"Plena Noite";"Crescente";"Céu Claro";"Simples";"Reta";"Sim";2;1;0;0;1;0;0;2;-28,1486329;-54,56997156;"SPRF-RS";"DEL10-RS";"UOP01-DEL10-RS"
329084;2020-12-20;"domingo";"01:15:00";"SC";101;211;"PALHOCA";"Ingestão de Álcool";"Colisão frontal";"Com Vítimas Feridas";"Plena Noite";"Crescente";"Céu Claro";"Dupla";"Interseção de Vias";"Sim";4;0;2;1;1;0;3;3;-27,62329313;-48,65245588;"SPRF-SC";"DEL01-SC";"UOP02-DEL01-SC"
329085;2020-12-19;"sábado";"20:30:00";"RO";364;544;"ALTO PARAISO";"Ingestão de Álcool";"Colisão lateral";"Com Vítimas Feridas";"Plena Noite";"Decrescente";"Ignorado";"Simples";"Reta";"Não";3;0;1;0;2;0;1;2;-9,69258495;-63,10766741;"SPRF-RO";"DEL03-RO";"UOP01-DEL03-RO"
329087;2020-12-20;"domingo";"01:00:00";"MG";381;487,7;"BETIM";"Falta de Atenção à Condução";"Tombamento";"Com Vítimas Feridas";"Plena Noite";"Decrescente";"Chuva";"Dupla";"Aclive;Curva";"Sim";1;0;1;0;0;0;1;1;-19,95765806;-44,12176967;"SPRF-MG";"DEL01-MG";"UOP03-DEL01-MG"
329088;2020-12-20;"domingo";"00:30:00";"PB";230;78;"RIACHAO DO POCO";"Ingestão de Álcool";"Colisão com objeto estático";"Com Vítimas Feridas";"Plena Noite";"Decrescente";"Céu Claro";"Dupla";"Em Obras";"Não";2;0;0;2;0;0;2;1;-7,18291696;-35,30604601;"SPRF-PB";"DEL01-PB";"UOP03-DEL01-PB"
329090;2020-12-19;"sábado";"23:40:00";"PR";476;120;"COLOMBO";"Falta de Atenção à Condução";"Colisão transversal";"Com Vítimas Feridas";"Plena Noite";"Decrescente";"Nublado";"Múltipla";"Interseção de Vias";"Sim";3;0;1;0;2;0;1;2;-25,37191;-49,19146;"SPRF-PR";"DEL01-PR";"UOP02-DEL01-PR"
329093;2020-12-20;"domingo";"01:20:00";"MG";50;179;"UBERABA";"Não guardar distância de segurança";"Colisão traseira";"Com Vítimas Feridas";"Plena Noite";"Decrescente";"Chuva";"Dupla";"Declive;Desvio Temporário;Em Obras";"Sim";2;0;1;0;0;1;1;2;-19,77827047;-47,93140998;"SPRF-MG";"DEL13-MG";"UOP01-DEL13-MG"
329094;2020-12-20;"domingo";"00:20:00";"RO";364;342;"JI-PARANA";"Desobediência às normas de trânsito pelo condutor";"Colisão com objeto estático";"Com Vítimas Feridas";"Plena Noite";"Decrescente";"Ignorado";"Dupla";"Reta";"Sim";12;0;1;0;0;11;1;3;-10,88381227;-61,93741416;"SPRF-RO";"DEL02-RO";"UOP01-DEL02-RO"
329095;2020-12-20;"domingo";"02:00:00";"BA";116;285,5;"TUCANO";"Falta de Atenção à Condução";"Colisão frontal";"Com Vítimas Fatais";"Plena Noite";"Crescente";"Céu Claro";"Simples";"Curva";"Não";2;1;0;1;0;0;1;1;-11,04772005;-38,8380369;"SPRF-BA";"DEL02-BA";"UOP01-DEL02-BA"
329096;2020-12-20;"domingo";"01:40:00";"PR";277;682,9;"SAO MIGUEL DO IGUACU";"Falta de Atenção à Condução";"Saída de leito carroçável";"Sem Vítimas";"Plena Noite";"Decrescente";"Céu Claro";"Dupla";"Reta";"Não";1;0;0;0;0;1;0;1;-25,32986789;-54,18272203;"SPRF-PR";"DEL05-PR";"UOP01-DEL05-PR"
329098;2020-12-19;"sábado";"21:15:00";"MT";174;172;"PORTO ESPERIDIAO";"Deficiência ou não Acionamento do Sistema de Iluminação/Sinalização do Veículo";"Colisão traseira";"Com Vítimas Fatais";"Plena Noite";"Decrescente";"Céu Claro";"Simples";"Reta";"Não";4;1;0;1;2;0;1;2;-15,85571;-58,50314;"SPRF-MT";"DEL03-MT";"UOP01-DEL03-MT"
329099;2020-12-20;"domingo";"00:50:00";"SC";101;138;"BALNEARIO CAMBORIU";"Ingestão de Álcool";"Colisão lateral";"Sem Vítimas";"Plena Noite";"Decrescente";"Nublado";"Dupla";"Reta";"Não";1;0;0;0;1;0;0;1;-27,02397426;-48,60761649;"SPRF-SC";"DEL04-SC";"UOP03-DEL04-SC"
329100;2020-12-19;"sábado";"23:40:00";"MG";251;506,2;"FRANCISCO SA";"Velocidade Incompatível";"Saída de leito carroçável";"Com Vítimas Fatais";"Plena Noite";"Crescente";"Chuva";"Simples";"Curva";"Não";11;2;8;1;0;0;9;1;-16,61894941;-43,6887828;"SPRF-MG";"DEL12-MG";"UOP01-DEL12-MG"
329102;2020-12-19;"sábado";"23:00:00";"SC";101;371,8;"ICARA";"Ingestão de Álcool";"Saída de leito carroçável";"Sem Vítimas";"Pleno dia";"Crescente";"Céu Claro";"Dupla";"Reta";"Não";1;0;0;0;1;0;0;1;-28,70403682;-49,2008731;"SPRF-SC";"DEL02-SC";"UOP01-DEL02-SC"
329103;2020-12-19;"sábado";"20:30:00";"GO";364;35,5;"PARANAIGUARA";"Não guardar distância de segurança";"Colisão lateral";"Com Vítimas Feridas";"Plena Noite";"Crescente";"Nublado";"Simples";"Reta";"Não";2;0;0;1;0;1;1;2;-18,875383;-50,774216;"SPRF-GO";"DEL05-GO";"UOP02-DEL05-GO"
329104;2020-12-20;"domingo";"02:40:00";"MG";365;322;"JOAO PINHEIRO";"Defeito Mecânico no Veículo";"Saída de leito carroçável";"Com Vítimas Fatais";"Plena Noite";"Crescente";"Chuva";"Simples";"Curva";"Não";27;1;0;0;26;0;0;1;-18,26762;-45,8847;"SPRF-MG";"DEL10-MG";"UOP01-DEL10-MG"
329105;2020-12-20;"domingo";"02:55:00";"SP";116;300,8;"SAO LOURENCO DA SERRA";"Ingestão de Álcool";"Saída de leito carroçável";"Sem Vítimas";"Plena Noite";"Decrescente";"Ignorado";"Dupla";"Curva";"Não";1;0;0;0;1;0;0;1;-23,80425272;-46,92143625;"SPRF-SP";"DEL04-SP";"UOP01-DEL04-SP"
329106;2020-12-20;"domingo";"02:30:00";"MG";50;177;"UBERABA";"Falta de Atenção à Condução";"Saída de leito carroçável";"Sem Vítimas";"Plena Noite";"Crescente";"Chuva";"Dupla";"Reta";"Não";1;0;0;0;1;0;0;1;-19,77914852;-47,95047701;"SPRF-MG";"DEL13-MG";"UOP01-DEL13-MG"
329107;2020-12-20;"domingo";"01:05:00";"SC";101;136,3;"BALNEARIO CAMBORIU";"Falta de Atenção à Condução";"Colisão com objeto estático";"Com Vítimas Fatais";"Plena Noite";"Decrescente";"Nublado";"Dupla";"Curva";"Sim";2;1;0;0;0;1;0;2;-27,008113;-48,617245;"SPRF-SC";"DEL04-SC";"UOP03-DEL04-SC"
329108;2020-12-20;"domingo";"01:30:00";"MA";222;320;"ACAILANDIA";"Desobediência às normas de trânsito pelo condutor";"Colisão frontal";"Com Vítimas Feridas";"Plena Noite";"Decrescente";"Céu Claro";"Simples";"Interseção de Vias";"Sim";3;0;1;1;1;0;2;2;-4,948507;-47,503008;"SPRF-MA";"DEL02-MA";"UOP01-DEL02-MA"
329109;2020-12-20;"domingo";"03:05:00";"MG";381;664,6;"SANTO ANTONIO DO AMPARO";"Condutor Dormindo";"Saída de leito carroçável";"Com Vítimas Feridas";"Plena Noite";"Crescente";"Nublado";"Dupla";"Reta;Aclive";"Não";1;0;1;0;0;0;1;1;-21,05337253;-45,02126711;"SPRF-MG";"DEL04-MG";"UOP02-DEL04-MG"
329110;2020-12-20;"domingo";"03:30:00";"SP";381;85;"SAO PAULO";"Ingestão de Álcool";"Saída de leito carroçável";"Com Vítimas Fatais";"Plena Noite";"Decrescente";"Céu Claro";"Múltipla";"Reta";"Sim";2;1;0;0;1;0;0;2;-23,449343;-46,56983501;"SPRF-SP";"DEL03-SP";"UOP01-DEL03-SP"
329111;2020-12-20;"domingo";"00:20:00";"CE";116;189;"LIMOEIRO DO NORTE";"Ingestão de Álcool";"Colisão traseira";"Com Vítimas Feridas";"Plena Noite";"Decrescente";"Céu Claro";"Simples";"Reta";"Não";2;0;1;0;1;0;1;2;-5,11140507;-38,13712494;"SPRF-CE";"DEL03-CE";"UOP01-DEL03-CE"
329115;2020-12-20;"domingo";"03:00:00";"SP";116;218,5;"GUARULHOS";"Falta de Atenção à Condução";"Colisão com objeto estático";"Com Vítimas Feridas";"Plena Noite";"Decrescente";"Céu Claro";"Dupla";"Reta";"Sim";1;0;0;1;0;0;1;1;-23,460639;-46,487046;"SPRF-SP";"DEL01-SP";"UOP01-DEL01-SP"
329116;2020-12-20;"domingo";"04:00:00";"SP";116;211,6;"GUARULHOS";"Falta de Atenção à Condução";"Colisão com objeto estático";"Sem Vítimas";"Plena Noite";"Crescente";"Céu Claro";"Múltipla";"Reta";"Sim";1;0;0;0;0;1;0;1;-23,4324306;-46,4194352;"SPRF-SP";"DEL01-SP";"UOP01-DEL01-SP"
329118;2020-12-20;"domingo";"02:45:00";"RS";287;252;"SANTA MARIA";"Ingestão de Álcool";"Saída de leito carroçável";"Sem Vítimas";"Plena Noite";"Crescente";"Céu Claro";"Múltipla";"Interseção de Vias";"Sim";3;0;0;0;3;0;0;1;-29,68720036;-53,88412183;"SPRF-RS";"DEL09-RS";"UOP01-DEL09-RS"
329119;2020-12-20;"domingo";"03:30:00";"PE";232;110;"BEZERROS";"Velocidade Incompatível";"Saída de leito carroçável";"Com Vítimas Fatais";"Plena Noite";"Crescente";"Chuva";"Dupla";"Curva";"Não";3;1;0;2;0;0;2;1;-8,28634529;-35,81755579;"SPRF-PE";"DEL02-PE";"UOP03-DEL02-PE"
329120;2020-12-20;"domingo";"03:40:00";"GO";153;628,4;"MORRINHOS";"Ingestão de Álcool";"Saída de leito carroçável";"Sem Vítimas";"Amanhecer";"Decrescente";"Céu Claro";"Dupla";"Reta";"Não";1;0;0;0;1;0;0;1;-17,7843;-49,1865;"SPRF-GO";"DEL03-GO";"UOP01-DEL03-GO"
329121;2020-12-20;"domingo";"04:00:00";"MS";262;344,7;"CAMPO GRANDE";"Falta de Atenção à Condução";"Saída de leito carroçável";"Com Vítimas Feridas";"Amanhecer";"Decrescente";"Céu Claro";"Simples";"Curva";"Não";1;0;1;0;0;0;1;1;-20,56994516;-54,64056096;"SPRF-MS";"DEL01-MS";"UOP03-DEL01-MS"
329122;2020-12-20;"domingo";"04:12:00";"RJ";393;177,6;"PARAIBA DO SUL";"Falta de Atenção à Condução";"Queda de ocupante de veículo";"Com Vítimas Fatais";"Amanhecer";"Decrescente";"Céu Claro";"Simples";"Reta";"Não";1;1;0;0;0;0;0;1;-22,1305317;-43,22040965;"SPRF-RJ";"DEL05-RJ";"UOP03-DEL05-RJ"
329123;2020-12-20;"domingo";"05:30:00";"GO";452;2;"RIO VERDE";"Falta de Atenção à Condução";"Saída de leito carroçável";"Com Vítimas Feridas";"Amanhecer";"Decrescente";"Garoa/Chuvisco";"Dupla";"Reta";"Sim";2;0;1;0;1;0;1;1;-17,79595391;-50,88555295;"SPRF-GO";"DEL04-GO";"UOP01-DEL04-GO"
329126;2020-12-20;"domingo";"05:00:00";"RJ";465;13;"SEROPEDICA";"Falta de Atenção à Condução";"Atropelamento de Pedestre";"Com Vítimas Feridas";"Amanhecer";"Crescente";"Céu Claro";"Simples";"Reta";"Sim";2;0;1;0;0;1;1;2;-22,798468;-43,645508;"SPRF-RJ";"DEL01-RJ";"UOP03-DEL01-RJ"
329127;2020-12-20;"domingo";"05:15:00";"SP";153;289,2;"OCAUCU";"Falta de Atenção à Condução";"Tombamento";"Com Vítimas Feridas";"Amanhecer";"Decrescente";"Nublado";"Simples";"Reta";"Não";2;0;1;1;0;0;2;2;-22,482923;-49,889446;"SPRF-SP";"DEL07-SP";"UOP02-DEL07-SP"
329128;2020-12-20;"domingo";"05:20:00";"RS";285;472;"CORONEL BARROS";"Condutor Dormindo";"Saída de leito carroçável";"Sem Vítimas";"Amanhecer";"Crescente";"Nublado";"Simples";"Ponte;Reta";"Não";1;0;0;0;1;0;0;1;-28,383673;-54,020966;"SPRF-RS";"DEL10-RS";"UOP01-DEL10-RS"
329129;2020-12-20;"domingo";"05:08:00";"ES";101;266,6;"SERRA";"Ingestão de Álcool";"Colisão transversal";"Sem Vítimas";"Amanhecer";"Decrescente";"Céu Claro";"Múltipla";"Reta";"Sim";2;0;0;0;1;1;0;2;-20,190199;-40,26828891;"SPRF-ES";"DEL02-ES";"UOP01-DEL02-ES"
329130;2020-12-20;"domingo";"05:40:00";"SP";116;213;"GUARULHOS";"Falta de Atenção à Condução";"Colisão traseira";"Com Vítimas Feridas";"Amanhecer";"Crescente";"Céu Claro";"Dupla";"Reta";"Não";2;0;1;0;1;0;1;2;-23,44101292;-46,44015681;"SPRF-SP";"DEL01-SP";"UOP01-DEL01-SP"
329131;2020-12-20;"domingo";"04:10:00";"SC";101;48,8;"JOINVILLE";"Ingestão de álcool e/ou substâncias psicoativas pelo pedestre";"Colisão frontal";"Sem Vítimas";"Amanhecer";"Decrescente";"Nublado";"Dupla";"Reta";"Não";2;0;0;0;2;0;0;2;-26,35345909;-48,85867862;"SPRF-SC";"DEL03-SC";"UOP01-DEL03-SC"
329133;2020-12-20;"domingo";"04:30:00";"RS";386;129;"SARANDI";"Ingestão de Álcool";"Colisão frontal";"Com Vítimas Feridas";"Plena Noite";"Crescente";"Nublado";"Simples";"Interseção de Vias";"Não";3;0;3;0;0;0;3;2;-27,92880596;-52,96440125;"SPRF-RS";"DEL08-RS";"UOP01-DEL08-RS"