"id";"data_inversa";"dia_semana";"horario";"uf";"br";"km";"municipio";"causa_acidente";"tipo_acidente";"classificacao_acidente";"fase_dia";"sentido_via";"condicao_metereologica";"tipo_pista";"tracado_via";"uso_solo";"pessoas";"mortos";"feridos_leves";"feridos_graves";"ilesos";"ignorados";"feridos";"veiculos";"latitude";"longitude";"regional";"delegacia";"uop"
329244;2020-12-20;"domingo";"15:50:00";"RS";116;251;"SAO LEOPOLDO";"Falta de Atenção à Condução";"Colisão lateral";"Com Vítimas Feridas";"Pleno dia";"Decrescente";"Céu Claro";"Dupla";"Reta";"Sim";3;0;2;0;1;0;2;2;-29,7990697;-51,1652294;"SPRF-RS";"DEL01-RS";"UOP02-DEL01-RS"
329245;2020-12-20;"domingo";"15:50:00";"GO";40;19,3;"LUZIANIA";"Velocidade Incompatível";"Colisão lateral";"Com Vítimas Feridas";"Pleno dia";"Decrescente";"Céu Claro";"Dupla";"Reta;Declive";"Sim";2;0;0;1;0;1;1;2;-16,206913;-47,918321;"SPRF-DF";"DEL01-DF";"UOP01-DEL01-DF"
329249;2020-12-20;"domingo";"12:35:00";"MG";40;505,1;"ESMERALDAS";"Condutor Dormindo";"Saída de leito carroçável";"Com Vítimas Feridas";"Pleno dia";"Decrescente";"Nublado";"Dupla";"Reta;Aclive";"Não";1;0;1;0;0;0;1;1;-19,73838088;-44,14935661;"SPRF-MG";"DEL02-MG";"UOP01-DEL02-MG"
329250;2020-12-20;"domingo";"15:20:00";"BA";324;440,5;"RIACHAO DO JACUIPE";"Ingestão de Álcool";"Tombamento";"Com Vítimas Fatais";"Pleno dia";"Crescente";"Céu Claro";"Simples";"Reta";"Não";1;1;0;0;0;0;0;1;-11,81728368;-39,37651582;"SPRF-BA";"DEL02-BA";"UOP01-DEL02-BA"
329254;2020-12-20;"domingo";"15:30:00";"SC";101;92,8;"BARRA VELHA";"Defeito Mecânico no Veículo";"Incêndio";"Sem Vítimas";"Pleno dia";"Crescente";"Céu Claro";"Dupla";"Reta";"Não";1;0;0;0;1;0;0;1;-26,6806041;-48,6931497;"SPRF-SC";"DEL03-SC";"UOP02-DEL03-SC"
329255;2020-12-20;"domingo";"16:15:00";"SP";381;45;"ATIBAIA";"Falta de Atenção à Condução";"Colisão lateral";"Com Vítimas Feridas";"Pleno dia";"Crescente";"Céu Claro";"Dupla";"Reta";"Sim";3;0;1;0;1;1;1;3;-23,17274184;-46,57748439;"SPRF-SP";"DEL03-SP";"UOP01-DEL03-SP"
329256;2020-12-20;"domingo";"17:00:00";"PE";104;67;"CARUARU";"Ingestão de Álcool";"Colisão traseira";"Sem Vítimas";"Pleno dia";"Decrescente";"Céu Claro";"Dupla";"Reta";"Sim";2;0;0;0;2;0;0;2;-8,3016;-35,9882;"SPRF-PE";"DEL02-PE";"UOP01-DEL02-PE"
329257;2020-12-20;"domingo";"15:50:00";"PR";476;199,4;"LAPA";"Ingestão de álcool e/ou substâncias psicoativas pelo pedestre";"Colisão lateral";"Com Vítimas Feridas";"Pleno dia";"Decrescente";"Chuva";"Simples";"Declive;Curva";"Não";3;0;0;1;2;0;1;2;-25,772074;-49,745663;"SPRF-PR";"DEL02-PR";"UOP04-DEL02-PR"
329258;2020-12-20;"domingo";"16:00:00";"BA";242;797,7;"BARREIRAS";"Falta de Atenção à Condução";"Colisão traseira";"Com Vítimas Feridas";"Pleno dia";"Decrescente";"Chuva";"Simples";"Reta";"Sim";3;0;1;0;2;0;1;2;-12,16482771;-44,8590841;"SPRF-BA";"DEL10-BA";"UOP01-DEL10-BA"
329260;2020-12-20;"domingo";"16:50:00";"AL";101;129;"SAO MIGUEL DOS CAMPOS";"Não guardar distância de segurança";"Colisão traseira";"Sem Vítimas";"Pleno dia";"Crescente";"Céu Claro";"Simples";"Reta";"Não";3;0;0;0;3;0;0;3;-9,74963266;-36,06531248;"SPRF-AL";"DEL02-AL";"UOP01-DEL02-AL"
329261;2020-12-20;"domingo";"13:45:00";"GO";153;621;"MORRINHOS";"Pista Escorregadia";"Saída de leito carroçável";"Sem Vítimas";"Pleno dia";"Crescente";"Chuva";"Dupla";"Reta;Declive";"Não";2;0;0;0;2;0;0;1;-17,7309;-49,1552;"SPRF-GO";"DEL03-GO";"UOP01-DEL03-GO"
329263;2020-12-20;"domingo";"12:00:00";"BA";110;84;"JEREMOABO";"Condutor Dormindo";"Saída de leito carroçável";"Com Vítimas Feridas";"Pleno dia";"Decrescente";"Céu Claro";"Simples";"Reta";"Não";3;0;1;2;0;0;3;1;-10,15988418;-38,28147226;"SPRF-BA";"DEL07-BA";"UOP01-DEL07-BA"
329267;2020-12-20;"domingo";"16:15:00";"PR";376;621;"SAO JOSE DOS PINHAIS";"Falta de Atenção à Condução";"Tombamento";"Com Vítimas Feridas";"Pleno dia";"Decrescente";"Céu Claro";"Dupla";"Reta";"Não";2;0;2;0;0;0;2;1;-25,61783292;-49,1690968;"SPRF-PR";"DEL01-PR";"UOP04-DEL01-PR"
329268;2020-12-20;"domingo";"12:45:00";"RJ";101;329;"RIO DE JANEIRO";"Falta de Atenção à Condução";"Colisão lateral";"Com Vítimas Feridas";"Pleno dia";"Decrescente";"Céu Claro";"Dupla";"Reta";"Não";3;0;0;3;0;0;3;2;-22,86939305;-43,175642;"SPRF-RJ";"DEL02-RJ";"UOP02-DEL02-RJ"
329269;2020-12-20;"domingo";"16:00:00";"MG";381;924,6;"ITAPEVA";"Velocidade Incompatível";"Colisão com objeto estático";"Com Vítimas Feridas";"Pleno dia";"Crescente";"Chuva";"Dupla";"Curva";"Não";3;0;3;0;0;0;3;1;-22,77050246;-46,23490598;"SPRF-MG";"DEL16-MG";"UOP03-DEL16-MG"
329272;2020-12-20;"domingo";"18:00:00";"SP";116;130;"CACAPAVA";"Falta de Atenção à Condução";"Colisão traseira";"Com Vítimas Feridas";"Anoitecer";"Crescente";"Chuva";"Dupla";"Reta";"Sim";4;0;1;0;3;0;1;3;-23,12313858;-45,72792271;"SPRF-SP";"DEL06-SP";"UOP01-DEL06-SP"
329273;2020-12-20;"domingo";"07:00:00";"BA";407;22;"JUAZEIRO";"Velocidade Incompatível";"Saída de leito carroçável";"Com Vítimas Fatais";"Pleno dia";"Decrescente";"Céu Claro";"Simples";"Reta";"Não";7;1;0;6;0;0;6;1;-9,58537093;-40,42466184;"SPRF-BA";"DEL04-BA";"UOP01-DEL04-BA"
329276;2020-12-20;"domingo";"17:25:00";"PR";277;132;"BALSA NOVA";"Falta de Atenção à Condução";"Colisão com objeto estático";"Com Vítimas Feridas";"Pleno dia";"Crescente";"Garoa/Chuvisco";"Múltipla";"Curva";"Não";1;0;1;0;0;0;1;1;-25,471731;-49,661873;"SPRF-PR";"DEL01-PR";"UOP03-DEL03-PR"
329279;2020-12-20;"domingo";"18:00:00";"GO";60;96;"ANAPOLIS";"Falta de Atenção à Condução";"Queda de ocupante de veículo";"Com Vítimas Feridas";"Anoitecer";"Decrescente";"Nublado";"Dupla";"Reta";"Sim";1;0;0;1;0;0;1;1;-16,371;-48,9422;"SPRF-GO";"DEL02-GO";"UOP01-DEL02-GO"
329280;2020-12-20;"domingo";"17:57:00";"PR";116;39;"CAMPINA GRANDE DO SUL";"Falta de Atenção à Condução";"Saída de leito carroçável";"Sem Vítimas";"Pleno dia";"Decrescente";"Chuva";"Dupla";"Curva";"Não";1;0;0;0;1;0;0;1;-25,1592466;-48,8619671;"SPRF-PR";"DEL01-PR";"UOP02-DEL01-PR"
329281;2020-12-20;"domingo";"18:30:00";"RS";448;21,5;"PORTO ALEGRE";"Velocidade Incompatível";"Saída de leito carroçável";"Com Vítimas Feridas";"Pleno dia";"Crescente";"Céu Claro";"Simples";"Curva";"Sim";2;0;1;1;0;0;2;1;-29,97349712;-51,19948994;"SPRF-RS";"DEL01-RS";"UOP01-DEL01-RS"
329282;2020-12-20;"domingo";"17:55:00";"PR";376;621;"SAO JOSE DOS PINHAIS";"Não guardar distância de segurança";"Colisão traseira";"Com Vítimas Feridas";"Anoitecer";"Decrescente";"Nublado";"Dupla";"Reta";"Não";3;0;1;0;2;0;1;2;-25,61783292;-49,1690968;"SPRF-PR";"DEL01-PR";"UOP04-DEL01-PR"
329285;2020-12-20;"domingo";"15:30:00";"RJ";40;78;"PETROPOLIS";"Velocidade Incompatível";"Saída de leito carroçável";"Com Vítimas Feridas";"Pleno dia";"Crescente";"Céu Claro";"Simples";"Curva";"Não";1;0;0;1;0;0;1;1;-22,48485874;-43,22843406;"SPRF-RJ";"DEL06-RJ";"UOP01-DEL06-RJ"
329286;2020-12-20;"domingo";"18:30:00";"PR";376;493;"PONTA GROSSA";"Ingestão de Álcool";"Saída de leito carroçável";"Sem Vítimas";"Pleno dia";"Crescente";"Céu Claro";"Dupla";"Curva";"Sim";2;0;0;0;1;1;0;2;-25,16001091;-50,12436895;"SPRF-PR";"DEL03-PR";"UOP04-DEL03-PR"
329289;2020-12-20;"domingo";"18:40:00";"SE";101;111,5;"SAO CRISTOVAO";"Animais na Pista";"Atropelamento de Animal";"Com Vítimas Feridas";"Anoitecer";"Crescente";"Céu Claro";"Dupla";"Reta";"Não";6;0;1;2;3;0;3;2;-10,97659898;-37,28527603;"SPRF-SE";"DEL02-SE";"UOP01-DEL02-SE"
329290;2020-12-20;"domingo";"18:30:00";"PR";116;39;"CAMPINA GRANDE DO SUL";"Desobediência às normas de trânsito pelo condutor";"Saída de leito carroçável";"Com Vítimas Feridas";"Anoitecer";"Crescente";"Chuva";"Dupla";"Curva";"Não";4;0;1;0;3;0;1;1;-25,156168;-48,8613401;"SPRF-PR";"DEL01-PR";"UOP02-DEL01-PR"
329291;2020-12-20;"domingo";"17:30:00";"MT";70;514;"VARZEA GRANDE";"Desobediência às normas de trânsito pelo condutor";"Colisão transversal";"Sem Vítimas";"Anoitecer";"Crescente";"Céu Claro";"Simples";"Interseção de Vias";"Sim";2;0;0;0;2;0;0;2;-15,70501874;-56,13189697;"SPRF-MT";"DEL01-MT";"UOP02-DEL01-MT"
329292;2020-12-20;"domingo";"17:30:00";"SP";116;287;"ITAPECERICA DA SERRA";"Desobediência às normas de trânsito pelo pedestre";"Atropelamento de Pedestre";"Com Vítimas Feridas";"Anoitecer";"Decrescente";"Garoa/Chuvisco";"Dupla";"Reta";"Não";2;0;1;1;0;0;2;2;-23,69976647;-46,86750412;"SPRF-SP";"DEL04-SP";"UOP01-DEL04-SP"
329295;2020-12-20;"domingo";"10:00:00";"PI";135;383;"BOM JESUS";"Não guardar distância de segurança";"Colisão traseira";"Sem Vítimas";"Pleno dia";"Decrescente";"Nublado";"Simples";"Reta";"Não";3;0;0;0;3;0;0;2;-9,29795067;-44,5044703;"SPRF-PI";"DEL03-PI";"UOP02-DEL03-PI"
329297;2020-12-20;"domingo";"14:00:00";"PI";135;305;"CRISTINO CASTRO";"Desobediência às normas de trânsito pelo condutor";"Colisão frontal";"Com Vítimas Fatais";"Pleno dia";"Crescente";"Céu Claro";"Simples";"Reta";"Não";3;2;0;1;0;0;1;2;-8,74330787;-44,1453971;"SPRF-PI";"DEL03-PI";"UOP02-DEL03-PI"
329298;2020-12-20;"domingo";"19:15:00";"SC";280;23;"ARAQUARI";"Ingestão de Álcool";"Colisão traseira";"Sem Vítimas";"Plena Noite";"Crescente";"Garoa/Chuvisco";"Simples";"Reta";"Sim";2;0;0;0;2;0;0;2;-26,3746846;-48,71651173;"SPRF-SC";"DEL03-SC";"UOP03-DEL03-SC"
329299;2020-12-20;"domingo";"18:30:00";"AL";104;87,6;"RIO LARGO";"Velocidade Incompatível";"Colisão traseira";"Com Vítimas Feridas";"Plena Noite";"Decrescente";"Nublado";"Dupla";"Reta";"Sim";5;0;3;0;2;0;3;2;-9,47532901;-35,82160002;"SPRF-AL";"DEL01-AL";"UOP01-DEL01-AL"
329300;2020-12-20;"domingo";"16:00:00";"RJ";40;74;"PETROPOLIS";"Defeito Mecânico no Veículo";"Queda de ocupante de veículo";"Com Vítimas Feridas";"Pleno dia";"Crescente";"Nublado";"Simples";"Curva";"Não";1;0;1;0;0;0;1;1;-22,47224973;-43,22332717;"SPRF-RJ";"DEL06-RJ";"UOP01-DEL06-RJ"
329301;2020-12-20;"domingo";"19:00:00";"SC";101;117,5;"ITAJAI";"Avarias e/ou desgaste excessivo no pneu";"Tombamento";"Com Vítimas Feridas";"Anoitecer";"Decrescente";"Céu Claro";"Simples";"Reta";"Não";2;0;1;1;0;0;2;1;-26,88747187;-48,72252969;"SPRF-SC";"DEL04-SC";"UOP04-DEL04-SC"
329302;2020-12-20;"domingo";"19:45:00";"SP";116;207;"GUARULHOS";"Falta de Atenção à Condução";"Colisão lateral";"Sem Vítimas";"Plena Noite";"Crescente";"Nublado";"Múltipla";"Reta";"Sim";3;0;0;0;3;0;0;2;-23,4205657;-46,38759255;"SPRF-SP";"DEL01-SP";"UOP01-DEL01-SP"
329303;2020-12-20;"domingo";"19:00:00";"RS";386;351;"ESTRELA";"Desobediência às normas de trânsito pelo condutor";"Saída de leito carroçável";"Sem Vítimas";"Anoitecer";"Crescente";"Céu Claro";"Dupla";"Curva";"Não";1;0;0;0;0;1;0;1;-29,48586098;-51,95449775;"SPRF-RS";"DEL04-RS";"UOP02-DEL04-RS"
329304;2020-12-20;"domingo";"18:35:00";"PB";230;40;"SANTA RITA";"Falta de Atenção à Condução";"Colisão com objeto estático";"Sem Vítimas";"Plena Noite";"Crescente";"Céu Claro";"Dupla";"Aclive";"Não";1;0;0;0;0;1;0;1;-7,1414;-34,9778;"SPRF-PB";"DEL01-PB";"UOP03-DEL01-PB"
329307;2020-12-20;"domingo";"19:30:00";"ES";482;76,2;"ALEGRE";"Falta de Atenção à Condução";"Colisão transversal";"Com Vítimas Feridas";"Plena Noite";"Crescente";"Céu Claro";"Simples";"Reta";"Não";6;0;3;0;2;1;3;2;-20,7461658;-41,48379518;"SPRF-ES";"DEL03-ES";"UOP02-DEL03-ES"
329308;2020-12-20;"domingo";"19:30:00";"PI";222;128,1;"BATALHA";"Falta de Atenção à Condução";"Colisão traseira";"Com Vítimas Fatais";"Plena Noite";"Crescente";"Céu Claro";"Simples";"Reta";"Não";2;1;0;0;1;0;0;2;-4,0101933;-42,09164224;"SPRF-PI";"DEL02-PI";"UOP01-DEL02-PI"
329309;2020-12-20;"domingo";"18:40:00";"PE";101;45,6;"IGARASSU";"Velocidade Incompatível";"Atropelamento de Pedestre";"Com Vítimas Fatais";"Plena Noite";"Crescente";"Céu Claro";"Múltipla";"Reta";"Sim";2;1;0;0;0;1;0;2;-7,86521297;-34,90715176;"SPRF-PE";"DEL01-PE";"UOP02-DEL01-PE"
329313;2020-12-20;"domingo";"19:00:00";"RN";427;145,3;"SERRA NEGRA DO NORTE";"Desobediência às normas de trânsito pelo condutor";"Colisão frontal";"Com Vítimas Feridas";"Plena Noite";"Decrescente";"Céu Claro";"Simples";"Reta";"Não";2;0;0;1;0;1;1;2;-6,66146841;-37,39721089;"SPRF-RN";"DEL03-RN";"UOP01-DEL03-RN"
329314;2020-12-20;"domingo";"19:00:00";"MG";40;805;"JUIZ DE FORA";"Desobediência às normas de trânsito pelo condutor";"Colisão transversal";"Com Vítimas Feridas";"Anoitecer";"Crescente";"Céu Claro";"Dupla";"Reta";"Sim";7;0;1;0;6;0;1;2;-21,86534291;-43,36765294;"SPRF-MG";"DEL05-MG";"UOP01-DEL05-MG"
329315;2020-12-20;"domingo";"18:55:00";"BA";101;175,9;"SAO GONCALO DOS CAMPOS";"Ingestão de Álcool";"Colisão traseira";"Sem Vítimas";"Plena Noite";"Decrescente";"Nublado";"Simples";"Aclive";"Não";2;0;0;0;1;1;0;2;-12,40570223;-38,89666557;"SPRF-BA";"DEL01-BA";"UOP03-DEL01-BA"
329316;2020-12-20;"domingo";"18:20:00";"RJ";116;223;"PIRAI";"Falta de Atenção à Condução";"Colisão lateral";"Com Vítimas Feridas";"Plena Noite";"Decrescente";"Céu Claro";"Simples";"Curva";"Não";2;0;1;0;1;0;1;2;-22,68972504;-43,801317;"SPRF-RJ";"DEL07-RJ";"UOP01-DEL07-RJ"
329319;2020-12-20;"domingo";"20:10:00";"SP";116;205;"ARUJA";"Ingestão de Álcool";"Engavetamento";"Sem Vítimas";"Plena Noite";"Crescente";"Céu Claro";"Dupla";"Reta";"Não";3;0;0;0;3;0;0;3;-23,41475243;-46,36600788;"SPRF-SP";"DEL01-SP";"UOP01-DEL01-SP"
329320;2020-12-20;"domingo";"18:05:00";"RJ";101;333;"RIO DE JANEIRO";"Não guardar distância de segurança";"Colisão traseira";"Com Vítimas Feridas";"Anoitecer";"Crescente";"Céu Claro";"Simples";"Reta";"Sim";2;0;1;0;1;0;1;2;-22,87827816;-43,21053578;"SPRF-RJ";"DEL02-RJ";"UOP02-DEL02-RJ"
329322;2020-12-20;"domingo";"20:40:00";"SC";101;153;"PORTO BELO";"Falta de Atenção à Condução";"Colisão traseira";"Sem Vítimas";"Plena Noite";"Decrescente";"Nublado";"Dupla";"Reta";"Não";2;0;0;0;2;0;0;2;-27,144717;-48,61063935;"SPRF-SC";"DEL04-SC";"UOP03-DEL04-SC"
329323;2020-12-20;"domingo";"14:55:00";"SC";282;460,7;"PONTE SERRADA";"Falta de Atenção à Condução";"Colisão transversal";"Sem Vítimas";"Pleno dia";"Decrescente";"Chuva";"Simples";"Rotatória";"Sim";2;0;0;0;2;0;0;2;-26,87369346;-52,01828957;"SPRF-SC";"DEL07-SC";"UOP04-DEL07-SC"
329324;2020-12-20;"domingo";"20:10:00";"PR";277;7,5;"PARANAGUA";"Desobediência às normas de trânsito pelo condutor";"Queda de ocupante de veículo";"Com Vítimas Feridas";"Plena Noite";"Decrescente";"Céu Claro";"Dupla";"Reta";"Não";2;0;0;2;0;0;2;1;-25,568198;-48,615292;"SPRF-PR";"DEL01-PR";"UOP05-DEL01-PR"
329325;2020-12-20;"domingo";"19:20:00";"RJ";493;0,5;"ITABORAI";"Ingestão de Álcool";"Queda de ocupante de veículo";"Com Vítimas Feridas";"Plena Noite";"Decrescente";"Céu Claro";"Simples";"Reta";"Sim";2;0;1;0;1;0;1;1;-22,77062;-42,92223;"SPRF-RJ";"DEL02-RJ";"UOP02-DEL02-RJ"
329326;2020-12-20;"domingo";"20:45:00";"ES";101;167;"LINHARES";"Desobediência às normas de trânsito pelo condutor";"Colisão transversal";"Com Vítimas Feridas";"Plena Noite";"Decrescente";"Céu Claro";"Simples";"Reta";"Não";2;0;0;1;1;0;1;2;-19,52734804;-40,15218496;"SPRF-ES";"DEL04-ES";"UOP01-DEL04-ES"
329328;2020-12-20;"domingo";"20:00:00";"ES";101;261,4;"SERRA";"Ingestão de Álcool";"Saída de leito carroçável";"Sem Vítimas";"Plena Noite";"Crescente";"Céu Claro";"Dupla";"Reta";"Sim";1;0;0;0;1;0;0;1;-20,14854215;-40,27970926;"SPRF-ES";"DEL02-ES";"UOP01-DEL02-ES"
329329;2020-12-20;"domingo";"20:35:00";"SC";282;2;"FLORIANOPOLIS";"Ingestão de Álcool";"Colisão lateral";"Com Vítimas Feridas";"Plena Noite";"Crescente";"Céu Claro";"Múltipla";"Reta";"Sim";2;0;1;0;1;0;1;2;-27,603289;-48,590416;"SPRF-SC";"DEL01-SC";"UOP01-DEL01-SC"
329330;2020-12-20;"domingo";"21:00:00";"PB";230;4,7;"CABEDELO";"Ingestão de Álcool";"Queda de ocupante de veículo";"Com Vítimas Feridas";"Plena Noite";"Crescente";"Céu Claro";"Dupla";"Em Obras;Desvio Temporário";"Sim";1;0;1;0;0;0;1;1;-7,0004;-34,8284;"SPRF-PB";"DEL01-PB";"UOP01-DEL01-PB"
329331;2020-12-20;"domingo";"20:35:00";"RS";285;339,5;"CARAZINHO";"Ingestão de Álcool";"Colisão traseira";"Sem Vítimas";"Plena Noite";"Crescente";"Céu Claro";"Simples";"Rotatória";"Sim";2;0;0;0;2;0;0;2;-28,3123;-52,7906;"SPRF-RS";"DEL08-RS";"UOP03-DEL08-RS"
329332;2020-12-20;"domingo";"21:15:00";"PB";104;142;"QUEIMADAS";"Avarias e/ou desgaste excessivo no pneu";"Saída de leito carroçável";"Com Vítimas Feridas";"Plena Noite";"Decrescente";"Céu Claro";"Simples";"Aclive";"Não";3;0;2;1;0;0;3;1;-7,39577502;-35,89744631;"SPRF-PB";"DEL02-PB";"UOP03-DEL02-PB"
329335;2020-12-20;"domingo";"20:30:00";"MS";262;144,5;"AGUA CLARA";"Não guardar distância de segurança";"Colisão lateral";"Com Vítimas Feridas";"Plena Noite";"Crescente";"Nublado";"Simples";"Reta";"Sim";2;0;2;0;0;0;2;2;-20,44382266;-52,88126791;"SPRF-MS";"DEL07-MS";"UOP02-DEL07-MS"
329337;2020-12-20;"domingo";"21:50:00";"SC";280;11,9;"SAO FRANCISCO DO SUL";"Ultrapassagem Indevida";"Saída de leito carroçável";"Com Vítimas Feridas";"Plena Noite";"Crescente";"Céu Claro";"Simples";"Declive;Reta";"Não";5;0;5;0;0;0;5;1;-26,312485;-48,644155;"SPRF-SC";"DEL03-SC";"UOP03-DEL03-SC"
329339;2020-12-07;"segunda-feira";"22:30:00";"MG";381;713;"CARMO DA CACHOEIRA";"Pista Escorregadia";"Saída de leito carroçável";"Com Vítimas Feridas";"Plena Noite";"Crescente";"Chuva";"Dupla";"Curva";"Não";2;0;1;0;1;0;1;1;-21,40375992;-45,21090213;"SPRF-MG";"DEL04-MG";"UOP02-DEL04-MG"
329340;2020-12-20;"domingo";"16:00:00";"RJ";40;59;"PETROPOLIS";"Defeito Mecânico no Veículo";"Colisão com objeto estático";"Com Vítimas Feridas";"Pleno dia";"Decrescente";"Chuva";"Simples";"Reta";"Não";2;0;1;0;1;0;1;1;-22,38628773;-43,13543464;"SPRF-RJ";"DEL05-RJ";"UOP02-DEL05-RJ"
329341;2020-12-20;"domingo";"21:35:00";"PB";101;79;"SANTA RITA";"Animais na Pista";"Capotamento";"Com Vítimas Feridas";"Plena Noite";"Crescente";"Céu Claro";"Dupla";"Reta";"Não";4;0;2;2;0;0;4;1;-7,1147526;-34,95793891;"SPRF-PB";"DEL01-PB";"UOP04-DEL01-PB"
329342;2020-12-20;"domingo";"04:15:00";"PI";343;1;"TERESINA";"Falta de Atenção à Condução";"Colisão com objeto estático";"Sem Vítimas";"Plena Noite";"Decrescente";"Céu Claro";"Dupla";"Reta";"Sim";1;0;0;0;0;1;0;1;-5,089569;-42,802288;"SPRF-PI";"DEL01-PI";"UOP01-DEL01-PI"
329343;2020-12-20;"domingo";"20:30:00";"AL";423;55,9;"INHAPI";"Animais na Pista";"Atropelamento de Animal";"Sem Vítimas";"Plena Noite";"Crescente";"Céu Claro";"Simples";"Reta";"Não";10;0;0;0;10;0;0;2;-9,27604235;-37,76536788;"SPRF-AL";"DEL03-AL";"UOP02-DEL03-AL"
329345;2020-12-20;"domingo";"21:10:00";"MG";40;527;"CONTAGEM";"Condutor Dormindo";"Colisão com objeto estático";"Com Vítimas Feridas";"Plena Noite";"Decrescente";"Céu Claro";"Dupla";"Reta";"Sim";1;0;1;0;0;0;1;1;-19,90149502;-44,04938939;"SPRF-MG";"DEL01-MG";"UOP02-DEL01-MG"
329346;2020-12-20;"domingo";"22:00:00";"PR";376;2;"CURITIBA";"Manobra de mudança de faixa";"Tombamento";"Com Vítimas Feridas";"Plena Noite";"Decrescente";"Nublado";"Dupla";"Reta";"Sim";1;0;0;1;0;0;1;1;-25,55009788;-49,18831766;"SPRF-PR";"DEL01-PR";"UOP01-DEL01-PR"
329348;2020-12-20;"domingo";"20:33:00";"SP";101;50;"UBATUBA";"Desobediência às normas de trânsito pelo condutor";"Colisão transversal";"Sem Vítimas";"Plena Noite";"Crescente";"Céu Claro";"Simples";"Reta";"Sim";2;0;0;0;2;0;0;2;-23,45018939;-45,07743735;"SPRF-SP";"DEL06-SP";"UOP01-DEL06-SP"
329350;2020-12-20;"domingo";"22:45:00";"SP";116;221;"GUARULHOS";"Ingestão de Álcool";"Colisão traseira";"Com Vítimas Feridas";"Plena Noite";"Decrescente";"Céu Claro";"Múltipla";"Reta";"Sim";3;0;1;0;2;0;1;3;-23,46802395;-46,50704901;"SPRF-SP";"DEL01-SP";"UOP01-DEL01-SP"
329352;2020-12-20;"domingo";"22:30:00";"MG";381;928,9;"ITAPEVA";"Fenômenos da Natureza";"Queda de ocupante de veículo";"Com Vítimas Feridas";"Plena Noite";"Decrescente";"Chuva";"Dupla";"Reta";"Não";1;0;0;1;0;0;1;1;-22,79564412;-46,25379582;"SPRF-MG";"DEL16-MG";"UOP03-DEL16-MG"
329354;2020-12-20;"domingo";"22:30:00";"PE";428;10,5;"CABROBO";"Ingestão de Álcool";"Colisão com objeto estático";"Com Vítimas Feridas";"Plena Noite";"Crescente";"Céu Claro";"Simples";"Reta";"Sim";1;0;0;1;0;0;1;1;-8,5091915;-39,30745984;"SPRF-PE";"DEL05-PE";"UOP03-DEL05-PE"
329355;2020-12-20;"domingo";"22:30:00";"GO";40;5,3;"VALPARAISO DE GOIAS";"Falta de Atenção à Condução";"Danos eventuais";"Com Vítimas Feridas";"Plena Noite";"Crescente";"Céu Claro";"Dupla";"Reta";"Sim";2;0;1;0;0;1;1;2;-16,095772;-47,980709;"SPRF-DF";"DEL01-DF";"UOP01-DEL01-DF"
329356;2020-12-20;"domingo";"22:20:00";"BA";116;14,5;"VITORIA DA CONQUISTA";"Ingestão de Álcool";"Colisão com objeto estático";"Sem Vítimas";"Plena Noite";"Decrescente";"Nublado";"Simples";"Viaduto";"Sim";1;0;0;0;1;0;0;1;-14,851;-40,8485;"SPRF-BA";"DEL08-BA";"UOP01-DEL08-BA"
329357;2020-12-20;"domingo";"23:00:00";"PA";10;18;"DOM ELISEU";"Desobediência às normas de trânsito pelo condutor";"Colisão lateral";"Com Vítimas Feridas";"Plena Noite";"Crescente";"Céu Claro";"Simples";"Reta";"Não";2;0;0;1;1;0;1;2;-4,293095;-47,556904;"SPRF-PA";"DEL02-PA";"UOP02-DEL02-PA"
329358;2020-12-20;"domingo";"22:50:00";"PR";277;69;"SAO JOSE DOS PINHAIS";"Falta de Atenção à Condução";"Colisão traseira";"Sem Vítimas";"Plena Noite";"Decrescente";"Céu Claro";"Dupla";"Reta";"Não";2;0;0;0;2;0;0;2;-25,53715243;-49,07076619;"SPRF-PR";"DEL01-PR";"UOP01-DEL01-PR"
329359;2020-12-20;"domingo";"12:00:00";"MG";40;277;"TRES MARIAS";"Falta de Atenção à Condução";"Colisão transversal";"Com Vítimas Feridas";"Pleno dia";"Decrescente";"Céu Claro";"Simples";"Interseção de Vias";"Sim";3;0;2;0;1;0;2;2;-18,22076064;-45,22097111;"SPRF-MG";"DEL14-MG";"UOP02-DEL14-MG"
329360;2020-12-20;"domingo";"17:00:00";"AM";317;517;"BOCA DO ACRE";"Falta de Atenção à Condução";"Saída de leito carroçável";"Com Vítimas Feridas";"Pleno dia";"Crescente";"Céu Claro";"Simples";"Curva";"Não";3;0;3;0;0;0;3;1;-9,58961104;-67,32369191;"SPRF-AC";"DEL01-AC";"UOP01-DEL01-AC"
329361;2020-12-20;"domingo";"22:30:00";"MS";163;473;"CAMPO GRANDE";"Restrição de Visibilidade";"Tombamento";"Com Vítimas Feridas";"Plena Noite";"Crescente";"Céu Claro";"Simples";"Declive";"Sim";1;0;1;0;0;0;1;1;-20,53459008;-54,56411122;"SPRF-MS";"DEL01-MS";"UOP01-DEL01-MS"
329362;2020-12-20;"domingo";"23:00:00";"MG";381;532;"ITATIAIUCU";"Velocidade Incompatível";"Colisão com objeto em movimento";"Com Vítimas Feridas";"Plena Noite";"Decrescente";"Céu Claro";"Dupla";"Curva";"Não";3;0;1;0;2;0;1;2;-20,1904316;-44,38268793;"SPRF-MG";"DEL04-MG";"UOP03-DEL04-MG"