"id";"data_inversa";"dia_semana";"horario";"uf";"br";"km";"municipio";"causa_acidente";"tipo_acidente";"classificacao_acidente";"fase_dia";"sentido_via";"condicao_metereologica";"tipo_pista";"tracado_via";"uso_solo";"pessoas";"mortos";"feridos_leves";"feridos_graves";"ilesos";"ignorados";"feridos";"veiculos";"latitude";"longitude";"regional";"delegacia";"uop"
329363;2020-12-20;"domingo";"17:30:00";"MT";70;309;"POXOREO";"Velocidade Incompatível";"Saída de leito carroçável";"Com Vítimas Feridas";"Anoitecer";"Decrescente";"Nublado";"Simples";"Curva";"Não";4;0;2;0;2;0;2;1;-15,57144615;-54,54848103;"SPRF-MT";"DEL05-MT";"UOP01-DEL05-MT"
329364;2020-12-20;"domingo";"23:00:00";"MG";40;511;"RIBEIRAO DAS NEVES";"Avarias e/ou desgaste excessivo no pneu";"Capotamento";"Com Vítimas Feridas";"Plena Noite";"Decrescente";"Nublado";"Dupla";"Reta";"Sim";8;0;5;2;0;1;7;1;-19,78164295;-44,11733194;"SPRF-MG";"DEL01-MG";"UOP02-DEL01-MG"
329365;2020-12-20;"domingo";"22:00:00";"TO";242;451,8;"FORMOSO DO ARAGUAIA";"Ingestão de Álcool";"Atropelamento de Pedestre";"Com Vítimas Feridas";"Plena Noite";"Crescente";"Nublado";"Dupla";"Curva";"Sim";3;0;1;2;0;0;3;2;-11,8175552;-49,51180102;"SPRF-TO";"DEL01-TO";"UOP02-DEL01-TO"
329366;2020-12-20;"domingo";"22:22:00";"AL";316;87,2;"SANTANA DO IPANEMA";"Ingestão de Álcool";"Queda de ocupante de veículo";"Com Vítimas Feridas";"Plena Noite";"Decrescente";"Céu Claro";"Simples";"Reta";"Sim";2;0;0;2;0;0;2;1;-9,37623216;-37,22677605;"SPRF-AL";"DEL03-AL";"UOP02-DEL03-AL"
329368;2020-12-20;"domingo";"21:50:00";"GO";153;318;"RIANAPOLIS";"Ingestão de Álcool";"Colisão lateral";"Com Vítimas Feridas";"Plena Noite";"Crescente";"Céu Claro";"Dupla";"Reta";"Sim";3;0;1;0;2;0;1;2;-15,44937835;-49,5054245;"SPRF-GO";"DEL02-GO";"UOP02-DEL02-GO"
329369;2020-12-20;"domingo";"22:00:00";"RS";471;171,1;"RIO PARDO";"Não guardar distância de segurança";"Colisão traseira";"Com Vítimas Feridas";"Plena Noite";"Decrescente";"Nublado";"Simples";"Reta;Declive";"Sim";3;0;1;0;2;0;1;2;-29,9967;-52,368134;"SPRF-RS";"DEL02-RS";"UOP03-DEL02-RS"
329371;2020-12-20;"domingo";"15:39:00";"RO";435;84,7;"COLORADO DO OESTE";"Desobediência às normas de trânsito pelo condutor";"Colisão transversal";"Com Vítimas Feridas";"Pleno dia";"Crescente";"Céu Claro";"Dupla";"Interseção de Vias";"Sim";3;0;0;2;0;1;2;2;-13,12087;-60,544938;"SPRF-RO";"DEL04-RO";"UOP02-DEL04-RO"
329373;2020-12-21;"segunda-feira";"01:30:00";"MG";40;614,3;"CONGONHAS";"Falta de Atenção à Condução";"Saída de leito carroçável";"Com Vítimas Feridas";"Plena Noite";"Decrescente";"Nevoeiro/Neblina";"Simples";"Curva";"Não";2;0;2;0;0;0;2;1;-20,52977973;-43,82351464;"SPRF-MG";"DEL05-MG";"UOP02-DEL05-MG"
329375;2020-12-20;"domingo";"23:30:00";"BA";242;841;"BARREIRAS";"Falta de Atenção à Condução";"Saída de leito carroçável";"Com Vítimas Feridas";"Plena Noite";"Crescente";"Garoa/Chuvisco";"Simples";"Reta";"Não";1;0;1;0;0;0;1;1;-12,11821242;-45,20638402;"SPRF-BA";"DEL10-BA";"UOP01-DEL10-BA"
329376;2020-12-21;"segunda-feira";"00:09:00";"CE";116;415;"IPAUMIRIM";"Ingestão de Álcool";"Queda de ocupante de veículo";"Com Vítimas Feridas";"Plena Noite";"Crescente";"Céu Claro";"Simples";"Rotatória";"Não";2;0;1;1;0;0;2;1;-6,72290398;-38,80338092;"SPRF-CE";"DEL05-CE";"UOP01-DEL05-CE"
329377;2020-12-20;"domingo";"22:50:00";"SC";101;412;"ARARANGUA";"Falta de Atenção à Condução";"Colisão traseira";"Com Vítimas Feridas";"Plena Noite";"Decrescente";"Ignorado";"Simples";"Reta";"Sim";2;0;0;1;1;0;1;2;-28,95360392;-49,50985011;"SPRF-SC";"DEL02-SC";"UOP02-DEL02-SC"
329381;2020-12-21;"segunda-feira";"01:00:00";"PI";343;318;"ALTOS";"Falta de Atenção à Condução";"Saída de leito carroçável";"Com Vítimas Feridas";"Plena Noite";"Crescente";"Céu Claro";"Simples";"Curva";"Não";1;0;0;1;0;0;1;1;-5,043957;-42,553181;"SPRF-PI";"DEL01-PI";"UOP01-DEL01-PI"
329382;2020-12-08;"terça-feira";"12:00:00";"RO";364;239,1;"CACOAL";"Velocidade Incompatível";"Colisão lateral";"Com Vítimas Feridas";"Pleno dia";"Crescente";"Sol";"Simples";"Interseção de Vias;Retorno Regulamentado";"Sim";3;0;1;1;1;0;2;2;-11,433602;-61,463671;"SPRF-RO";"DEL02-RO";"UOP02-DEL02-RO"
329383;2020-12-21;"segunda-feira";"01:10:00";"AP";210;4;"MACAPA";"Velocidade Incompatível";"Capotamento";"Com Vítimas Feridas";"Plena Noite";"Crescente";"Céu Claro";"Simples";"Interseção de Vias";"Sim";2;0;0;1;0;1;1;1;0,08784181;-51,09546131;"SPRF-AP";"DEL01-AP";"UOP01-DEL01-AP"
329385;2020-12-21;"segunda-feira";"03:50:00";"RJ";116;164;"RIO DE JANEIRO";"Falta de Atenção à Condução";"Colisão traseira";"Com Vítimas Feridas";"Amanhecer";"Crescente";"Céu Claro";"Dupla";"Reta";"Sim";3;0;2;0;0;1;2;2;-22,81074068;-43,28844363;"SPRF-RJ";"DEL01-RJ";"UOP01-DEL01-RJ"
329387;2020-12-21;"segunda-feira";"04:20:00";"CE";20;367,9;"MARANGUAPE";"Animais na Pista";"Atropelamento de Animal";"Com Vítimas Feridas";"Amanhecer";"Crescente";"Nublado";"Simples";"Reta";"Não";1;0;0;1;0;0;1;1;-3,99412332;-38,9348798;"SPRF-CE";"DEL02-CE";"UOP01-DEL02-CE"
329390;2020-12-20;"domingo";"16:00:00";"MG";116;380,2;"MATHIAS LOBATO";"Falta de Atenção à Condução";"Saída de leito carroçável";"Com Vítimas Feridas";"Pleno dia";"Decrescente";"Céu Claro";"Simples";"Curva";"Não";3;0;3;0;0;0;3;1;-18,62219904;-41,94238892;"SPRF-MG";"DEL06-MG";"UOP01-DEL06-MG"
329391;2020-12-21;"segunda-feira";"04:40:00";"RS";290;48;"GLORINHA";"Falta de Atenção à Condução";"Tombamento";"Com Vítimas Feridas";"Plena Noite";"Decrescente";"Nublado";"Múltipla";"Reta";"Não";1;0;1;0;0;0;1;1;-29,909142;-50,76345;"SPRF-RS";"DEL03-RS";"UOP01-DEL03-RS"
329393;2020-12-21;"segunda-feira";"05:00:00";"GO";40;5;"VALPARAISO DE GOIAS";"Falta de Atenção à Condução";"Saída de leito carroçável";"Sem Vítimas";"Amanhecer";"Crescente";"Céu Claro";"Dupla";"Reta";"Sim";1;0;0;0;1;0;0;1;-16,093134;-47,982236;"SPRF-DF";"DEL01-DF";"UOP01-DEL01-DF"
329395;2020-12-21;"segunda-feira";"03:00:00";"SP";116;279,7;"EMBU DAS ARTES";"Falta de Atenção à Condução";"Colisão com objeto em movimento";"Com Vítimas Feridas";"Plena Noite";"Crescente";"Céu Claro";"Dupla";"Reta";"Sim";3;0;1;0;1;1;1;2;-23,64087626;-46,83682144;"SPRF-SP";"DEL04-SP";"UOP01-DEL04-SP"
329397;2020-12-21;"segunda-feira";"05:30:00";"PR";116;3;"CAMPINA GRANDE DO SUL";"Defeito Mecânico no Veículo";"Incêndio";"Sem Vítimas";"Pleno dia";"Decrescente";"Sol";"Dupla";"Reta";"Sim";1;0;0;0;0;1;0;1;-25,35598177;-49,06747341;"SPRF-PR";"DEL01-PR";"UOP02-DEL01-PR"
329398;2020-12-20;"domingo";"23:00:00";"PE";407;92,4;"PETROLINA";"Falta de Atenção à Condução";"Capotamento";"Com Vítimas Fatais";"Plena Noite";"Decrescente";"Céu Claro";"Simples";"Reta;Declive";"Não";1;1;0;0;0;0;0;1;-9,11550286;-40,64329326;"SPRF-PE";"DEL06-PE";"UOP02-DEL06-PE"
329400;2020-12-21;"segunda-feira";"05:30:00";"PR";116;124,9;"FAZENDA RIO GRANDE";"Agressão Externa";"Incêndio";"Sem Vítimas";"Amanhecer";"Crescente";"Céu Claro";"Dupla";"Reta";"Não";1;0;0;0;0;1;0;1;-25,62547298;-49,31523845;"SPRF-PR";"DEL01-PR";"UOP03-DEL01-PR"
329401;2020-12-21;"segunda-feira";"04:40:00";"MS";60;370;"CAMPO GRANDE";"Condutor Dormindo";"Tombamento";"Com Vítimas Fatais";"Amanhecer";"Crescente";"Céu Claro";"Simples";"Reta";"Não";1;1;0;0;0;0;0;1;-20,569703;-54,692009;"SPRF-MS";"DEL01-MS";"UOP04-DEL01-MS"
329403;2020-12-21;"segunda-feira";"06:30:00";"DF";20;5,6;"BRASILIA";"Desobediência às normas de trânsito pelo condutor";"Saída de leito carroçável";"Sem Vítimas";"Pleno dia";"Crescente";"Chuva";"Dupla";"Reta;Declive";"Sim";1;0;0;0;1;0;0;1;-15,670546;-47,816044;"SPRF-DF";"DEL02-DF";"UOP01-DEL02-DF"
329404;2020-12-21;"segunda-feira";"04:50:00";"MS";158;20,6;"CASSILANDIA";"Falta de Atenção à Condução";"Saída de leito carroçável";"Com Vítimas Feridas";"Amanhecer";"Crescente";"Nublado";"Simples";"Reta";"Não";5;0;2;3;0;0;5;1;-19,18577467;-51,58706885;"SPRF-MS";"DEL08-MS";"UOP01-DEL08-MS"
329405;2020-12-21;"segunda-feira";"06:30:00";"ES";101;269,9;"SERRA";"Não guardar distância de segurança";"Colisão traseira";"Com Vítimas Feridas";"Pleno dia";"Crescente";"Céu Claro";"Dupla";"Reta";"Sim";2;0;0;1;1;0;1;2;-20,21888681;-40,27101338;"SPRF-ES";"DEL02-ES";"UOP01-DEL02-ES"
329407;2020-12-21;"segunda-feira";"06:05:00";"MG";116;710,9;"MURIAE";"Falta de Atenção à Condução";"Colisão com objeto estático";"Com Vítimas Feridas";"Pleno dia";"Decrescente";"Céu Claro";"Simples";"Curva";"Não";2;0;2;0;0;0;2;1;-21,17559299;-42,37196176;"SPRF-MG";"DEL07-MG";"UOP02-DEL07-MG"
329408;2020-12-21;"segunda-feira";"00:15:00";"MG";262;443;"NOVA SERRANA";"Velocidade Incompatível";"Saída de leito carroçável";"Com Vítimas Feridas";"Plena Noite";"Crescente";"Chuva";"Dupla";"Declive";"Sim";2;0;1;0;1;0;1;1;-19,88065393;-44,92197102;"SPRF-MG";"DEL08-MG";"UOP03-DEL08-MG"
329411;2020-12-21;"segunda-feira";"02:10:00";"PR";376;185;"SARANDI";"Falta de Atenção à Condução";"Saída de leito carroçável";"Sem Vítimas";"Plena Noite";"Decrescente";"Céu Claro";"Dupla";"Curva";"Sim";1;0;0;0;0;1;0;1;-23,45147413;-51,85361808;"SPRF-PR";"DEL09-PR";"UOP01-DEL09-PR"
329412;2020-12-21;"segunda-feira";"07:02:00";"SP";116;65;"GUARATINGUETA";"Não guardar distância de segurança";"Colisão traseira";"Com Vítimas Feridas";"Pleno dia";"Crescente";"Nublado";"Dupla";"Curva";"Sim";2;0;0;1;0;1;1;2;-22,823273;-45,192806;"SPRF-SP";"DEL08-SP";"UOP01-DEL08-SP"
329415;2020-12-21;"segunda-feira";"07:00:00";"CE";116;71,1;"CHOROZINHO";"Falta de Atenção à Condução";"Queda de ocupante de veículo";"Com Vítimas Feridas";"Pleno dia";"Crescente";"Chuva";"Simples";"Reta";"Não";1;0;1;0;0;0;1;1;-4,338919;-38,475423;"SPRF-CE";"DEL03-CE";"UOP02-DEL03-CE"
329416;2020-12-21;"segunda-feira";"07:15:00";"SP";381;90;"SAO PAULO";"Falta de Atenção à Condução";"Colisão traseira";"Com Vítimas Feridas";"Pleno dia";"Crescente";"Sol";"Múltipla";"Reta";"Não";2;0;1;0;1;0;1;2;-23,49479479;-46,55959864;"SPRF-SP";"DEL03-SP";"UOP01-DEL03-SP"
329417;2020-12-21;"segunda-feira";"06:50:00";"RN";304;297;"MACAIBA";"Desobediência às normas de trânsito pelo condutor";"Colisão frontal";"Com Vítimas Feridas";"Pleno dia";"Crescente";"Céu Claro";"Simples";"Reta;Aclive";"Sim";2;0;1;0;0;1;1;2;-5,86534101;-35,340694;"SPRF-RN";"DEL01-RN";"UOP02-DEL01-RN"
329418;2020-12-21;"segunda-feira";"05:50:00";"MG";365;756,6;"ITUIUTABA";"Falta de Atenção à Condução";"Saída de leito carroçável";"Com Vítimas Feridas";"Pleno dia";"Decrescente";"Céu Claro";"Simples";"Interseção de Vias";"Não";1;0;1;0;0;0;1;1;-18,96561294;-49,50587511;"SPRF-MG";"DEL15-MG";"UOP03-DEL15-MG"
329419;2020-12-21;"segunda-feira";"07:30:00";"RN";110;45,8;"MOSSORO";"Ultrapassagem Indevida";"Colisão traseira";"Com Vítimas Feridas";"Pleno dia";"Crescente";"Céu Claro";"Simples";"Reta";"Sim";2;0;1;0;1;0;1;2;-5,19257993;-37,31114905;"SPRF-RN";"DEL04-RN";"UOP01-DEL04-RN"
329420;2020-12-20;"domingo";"18:30:00";"MG";40;171,4;"JOAO PINHEIRO";"Falta de Atenção à Condução";"Saída de leito carroçável";"Com Vítimas Feridas";"Anoitecer";"Decrescente";"Nublado";"Dupla";"Reta";"Não";1;0;1;0;0;0;1;1;-17,93800314;-46,05128308;"SPRF-MG";"DEL14-MG";"UOP02-DEL14-MG"
329421;2020-12-21;"segunda-feira";"07:00:00";"MG";40;512;"RIBEIRAO DAS NEVES";"Não guardar distância de segurança";"Colisão traseira";"Com Vítimas Feridas";"Pleno dia";"Crescente";"Céu Claro";"Dupla";"Declive;Reta";"Sim";3;0;3;0;0;0;3;2;-19,78946999;-44,11290699;"SPRF-MG";"DEL01-MG";"UOP02-DEL01-MG"
329422;2020-12-21;"segunda-feira";"07:45:00";"DF";60;4;"BRASILIA";"Ingestão de Álcool";"Saída de leito carroçável";"Sem Vítimas";"Pleno dia";"Crescente";"Céu Claro";"Dupla";"Reta";"Sim";1;0;0;0;1;0;0;1;-15,892721;-48,095741;"SPRF-DF";"DEL03-DF";"UOP01-DEL03-DF"
329424;2020-12-20;"domingo";"19:40:00";"MG";40;128;"JOAO PINHEIRO";"Falta de Atenção à Condução";"Tombamento";"Com Vítimas Feridas";"Anoitecer";"Crescente";"Céu Claro";"Simples";"Reta";"Sim";3;0;1;0;0;2;1;2;-17,70131701;-46,303719;"SPRF-MG";"DEL14-MG";"UOP01-DEL14-MG"
329425;2020-12-21;"segunda-feira";"07:00:00";"ES";101;273;"SERRA";"Defeito Mecânico no Veículo";"Tombamento";"Com Vítimas Feridas";"Pleno dia";"Crescente";"Céu Claro";"Dupla";"Reta";"Não";2;0;2;0;0;0;2;1;-20,21740496;-40,26990578;"SPRF-ES";"DEL02-ES";"UOP01-DEL02-ES"
329426;2020-12-20;"domingo";"15:30:00";"MG";262;800;"UBERABA";"Falta de Atenção à Condução";"Queda de ocupante de veículo";"Com Vítimas Feridas";"Pleno dia";"Decrescente";"Céu Claro";"Dupla";"Viaduto";"Sim";2;0;2;0;0;0;2;1;-19,76914188;-47,88911998;"SPRF-MG";"DEL13-MG";"UOP01-DEL13-MG"
329427;2020-12-21;"segunda-feira";"07:40:00";"CE";116;14;"FORTALEZA";"Falta de Atenção à Condução";"Colisão lateral";"Com Vítimas Feridas";"Pleno dia";"Crescente";"Céu Claro";"Dupla";"Reta";"Sim";2;0;1;0;1;0;1;2;-3,86973356;-38,49827361;"SPRF-CE";"DEL01-CE";"UOP02-DEL01-CE"
329428;2020-12-21;"segunda-feira";"07:40:00";"AP";210;4;"MACAPA";"Animais na Pista";"Atropelamento de Animal";"Com Vítimas Feridas";"Pleno dia";"Decrescente";"Céu Claro";"Dupla";"Reta";"Sim";1;0;1;0;0;0;1;1;0,08824228;-51,09472897;"SPRF-AP";"DEL01-AP";"UOP01-DEL01-AP"
329429;2020-12-21;"segunda-feira";"07:50:00";"PB";230;27;"JOAO PESSOA";"Não guardar distância de segurança";"Colisão traseira";"Com Vítimas Feridas";"Pleno dia";"Decrescente";"Sol";"Dupla";"Reta";"Sim";5;0;2;0;2;1;2;4;-7,16556105;-34,88994068;"SPRF-PB";"DEL01-PB";"UOP01-DEL01-PB"
329431;2020-12-21;"segunda-feira";"08:15:00";"SC";280;70,7;"JARAGUA DO SUL";"Falta de Atenção à Condução";"Colisão transversal";"Com Vítimas Feridas";"Pleno dia";"Crescente";"Céu Claro";"Simples";"Reta";"Sim";3;0;2;0;0;1;2;3;-26,46151693;-49,13480597;"SPRF-SC";"DEL03-SC";"UOP03-DEL03-SC"
329432;2020-12-20;"domingo";"17:50:00";"PA";308;208;"BRAGANCA";"Ingestão de Álcool";"Colisão frontal";"Com Vítimas Fatais";"Pleno dia";"Crescente";"Céu Claro";"Simples";"Reta";"Não";2;1;1;0;0;0;1;2;-1,05720747;-46,73031994;"SPRF-PA";"DEL01-PA";"UOP03-DEL01-PA"
329433;2020-12-21;"segunda-feira";"07:15:00";"RJ";40;4;"COMENDADOR LEVY GASPARIAN";"Animais na Pista";"Saída de leito carroçável";"Com Vítimas Feridas";"Pleno dia";"Decrescente";"Nublado";"Dupla";"Curva";"Não";1;0;1;0;0;0;1;1;-22,01023369;-43,24174058;"SPRF-RJ";"DEL05-RJ";"UOP02-DEL05-RJ"
329434;2020-03-21;"sábado";"16:05:00";"MT";158;604,3;"AGUA BOA";"Velocidade Incompatível";"Saída de leito carroçável";"Com Vítimas Feridas";"Pleno dia";"Crescente";"Nublado";"Simples";"Reta";"Não";1;0;1;0;0;0;1;1;-14,35845999;-52,1691017;"SPRF-MT";"DEL07-MT";"UOP02-DEL07-MT"
329435;2020-12-21;"segunda-feira";"08:09:00";"SP";116;2;"GUARULHOS";"Desobediência às normas de trânsito pelo condutor";"Colisão transversal";"Com Vítimas Feridas";"Pleno dia";"Crescente";"Céu Claro";"Simples";"Interseção de Vias";"Sim";2;0;1;0;1;0;1;2;-23,44867977;-46,48796082;"SPRF-SP";"DEL08-SP";"UOP02-DEL08-SP"
329436;2020-12-21;"segunda-feira";"00:30:00";"RS";290;602,7;"ALEGRETE";"Animais na Pista";"Atropelamento de Animal";"Com Vítimas Fatais";"Plena Noite";"Crescente";"Céu Claro";"Simples";"Reta";"Não";1;1;0;0;0;0;0;1;-29,872198;-55,982094;"SPRF-RS";"DEL13-RS";"UOP02-DEL13-RS"
329437;2020-12-21;"segunda-feira";"08:00:00";"PB";230;155,3;"CAMPINA GRANDE";"Velocidade Incompatível";"Colisão traseira";"Sem Vítimas";"Pleno dia";"Crescente";"Nublado";"Simples";"Reta";"Não";3;0;0;0;2;1;0;3;-7,2748;-35,9058;"SPRF-PB";"DEL02-PB";"UOP01-DEL02-PB"
329438;2020-12-21;"segunda-feira";"07:17:00";"RN";101;96,6;"NATAL";"Falta de Atenção à Condução";"Colisão lateral";"Com Vítimas Feridas";"Pleno dia";"Decrescente";"Sol";"Múltipla";"Reta";"Sim";2;0;0;1;0;1;1;2;-5,85131956;-35,20981908;"SPRF-RN";"DEL01-RN";"UOP01-DEL01-RN"
329439;2020-12-21;"segunda-feira";"08:10:00";"RJ";116;168;"SAO JOAO DE MERITI";"Falta de Atenção à Condução";"Colisão lateral";"Com Vítimas Feridas";"Pleno dia";"Decrescente";"Céu Claro";"Múltipla";"Reta";"Sim";2;0;1;0;1;0;1;2;-22,819969;-43,31499997;"SPRF-RJ";"DEL01-RJ";"UOP01-DEL01-RJ"
329440;2020-12-20;"domingo";"21:00:00";"MG";40;249,8;"SAO GONCALO DO ABAETE";"Falta de Atenção à Condução";"Capotamento";"Com Vítimas Feridas";"Plena Noite";"Decrescente";"Nublado";"Simples";"Declive";"Não";5;0;3;1;1;0;4;1;-18,12048563;-45,45200399;"SPRF-MG";"DEL14-MG";"UOP02-DEL14-MG"
329441;2020-12-21;"segunda-feira";"08:35:00";"RJ";101;58;"CAMPOS DOS GOYTACAZES";"Falta de Atenção à Condução";"Queda de ocupante de veículo";"Com Vítimas Feridas";"Pleno dia";"Crescente";"Sol";"Simples";"Curva";"Sim";1;0;1;0;0;0;1;1;-21,71320005;-41,30864542;"SPRF-RJ";"DEL08-RJ";"UOP01-DEL08-RJ"
329442;2020-12-21;"segunda-feira";"08:55:00";"MG";50;139;"UBERABA";"Falta de Atenção à Condução";"Capotamento";"Com Vítimas Feridas";"Pleno dia";"Decrescente";"Chuva";"Dupla";"Reta";"Não";1;0;1;0;0;0;1;1;-19,46790412;-48,05602538;"SPRF-MG";"DEL13-MG";"UOP01-DEL13-MG"
329443;2020-12-21;"segunda-feira";"09:00:00";"RN";101;105,8;"PARNAMIRIM";"Desobediência às normas de trânsito pelo condutor";"Colisão transversal";"Com Vítimas Feridas";"Pleno dia";"Decrescente";"Nublado";"Múltipla";"Viaduto";"Sim";3;0;2;0;1;0;2;2;-5,90165196;-35,25928517;"SPRF-RN";"DEL01-RN";"UOP01-DEL01-RN"
329444;2020-12-21;"segunda-feira";"07:45:00";"GO";50;309,8;"CUMARI";"Falta de Atenção à Condução";"Saída de leito carroçável";"Com Vítimas Feridas";"Pleno dia";"Decrescente";"Nublado";"Simples";"Reta;Em Obras";"Não";3;0;1;0;2;0;1;1;-18,3914;-48,07;"SPRF-GO";"DEL06-GO";"UOP01-DEL06-GO"
329445;2020-12-21;"segunda-feira";"09:22:00";"SC";101;203,9;"SAO JOSE";"Desobediência às normas de trânsito pelo condutor";"Colisão transversal";"Com Vítimas Feridas";"Pleno dia";"Crescente";"Nublado";"Múltipla";"Interseção de Vias";"Sim";2;0;1;0;1;0;1;2;-27,57365549;-48,61384749;"SPRF-SC";"DEL01-SC";"UOP01-DEL01-SC"
329446;2020-12-21;"segunda-feira";"09:20:00";"SC";101;213;"PALHOCA";"Falta de Atenção à Condução";"Colisão traseira";"Com Vítimas Feridas";"Pleno dia";"Decrescente";"Nublado";"Múltipla";"Reta";"Sim";3;0;2;1;0;0;3;2;-27,63697369;-48,66514142;"SPRF-SC";"DEL01-SC";"UOP02-DEL01-SC"
329447;2020-12-21;"segunda-feira";"08:30:00";"MS";262;483,6;"ANASTACIO";"Ultrapassagem Indevida";"Saída de leito carroçável";"Com Vítimas Feridas";"Pleno dia";"Decrescente";"Céu Claro";"Simples";"Reta";"Não";1;0;1;0;0;0;1;1;-20,50337535;-55,74932002;"SPRF-MS";"DEL03-MS";"UOP01-DEL03-MS"
329448;2020-12-21;"segunda-feira";"08:20:00";"PR";163;288;"MARECHAL CANDIDO RONDON";"Defeito na Via";"Colisão com objeto estático";"Sem Vítimas";"Pleno dia";"Crescente";"Chuva";"Dupla";"Viaduto";"Sim";2;0;0;0;2;0;0;1;-24,55143816;-54,0412003;"SPRF-PR";"DEL06-PR";"UOP02-DEL06-PR"
329449;2020-12-21;"segunda-feira";"09:00:00";"RN";110;0,9;"AREIA BRANCA";"Falta de Atenção à Condução";"Colisão transversal";"Com Vítimas Feridas";"Pleno dia";"Crescente";"Céu Claro";"Simples";"Reta";"Sim";2;0;0;2;0;0;2;2;-4,94797789;-37,12251934;"SPRF-RN";"DEL04-RN";"UOP01-DEL04-RN"
329451;2020-12-21;"segunda-feira";"08:50:00";"SP";116;226;"GUARULHOS";"Desobediência às normas de trânsito pelo condutor";"Saída de leito carroçável";"Com Vítimas Feridas";"Pleno dia";"Decrescente";"Céu Claro";"Dupla";"Reta";"Sim";1;0;1;0;0;0;1;1;-23,49602507;-46,55878195;"SPRF-SP";"DEL01-SP";"UOP01-DEL01-SP"
329455;2020-12-21;"segunda-feira";"09:30:00";"BA";324;453;"RIACHAO DO JACUIPE";"Desobediência às normas de trânsito pelo condutor";"Colisão lateral";"Com Vítimas Feridas";"Pleno dia";"Crescente";"Céu Claro";"Simples";"Reta";"Não";2;0;1;0;1;0;1;2;-11,89284289;-39,28311192;"SPRF-BA";"DEL02-BA";"UOP01-DEL02-BA"
329456;2020-12-21;"segunda-feira";"10:10:00";"RJ";101;50;"CAMPOS DOS GOYTACAZES";"Falta de Atenção à Condução";"Colisão lateral";"Com Vítimas Feridas";"Pleno dia";"Decrescente";"Céu Claro";"Simples";"Interseção de Vias";"Sim";3;0;1;0;1;1;1;2;-21,64041776;-41,31191969;"SPRF-RJ";"DEL08-RJ";"UOP01-DEL08-RJ"
329458;2020-07-08;"quarta-feira";"07:50:00";"PI";343;313,6;"ALTOS";"Falta de Atenção à Condução";"Colisão traseira";"Com Vítimas Feridas";"Pleno dia";"Crescente";"Sol";"Simples";"Aclive";"Não";3;0;1;0;2;0;1;2;-5,046057;-42,509869;"SPRF-PI";"DEL01-PI";"UOP01-DEL01-PI"
329460;2020-12-21;"segunda-feira";"10:20:00";"RJ";356;63;"ITALVA";"Falta de Atenção à Condução";"Capotamento";"Com Vítimas Feridas";"Pleno dia";"Crescente";"Céu Claro";"Simples";"Reta";"Não";1;0;1;0;0;0;1;1;-21,33057033;-41,7110002;"SPRF-RJ";"DEL08-RJ";"UOP03-DEL08-RJ"
329462;2020-12-21;"segunda-feira";"10:10:00";"PR";476;133,1;"CURITIBA";"Desobediência às normas de trânsito pelo condutor";"Colisão traseira";"Com Vítimas Feridas";"Pleno dia";"Decrescente";"Nublado";"Dupla";"Reta";"Sim";2;0;1;0;1;0;1;2;-25,469219;-49,254143;"SPRF-PR";"DEL01-PR";"UOP03-DEL01-PR"
329463;2020-12-21;"segunda-feira";"10:30:00";"PI";316;316,5;"PICOS";"Falta de Atenção à Condução";"Colisão lateral";"Com Vítimas Feridas";"Pleno dia";"Crescente";"Céu Claro";"Simples";"Reta";"Sim";2;0;0;1;1;0;1;2;-7,08133721;-41,42347604;"SPRF-PI";"DEL04-PI";"UOP01-DEL04-PI"
329465;2020-11-27;"sexta-feira";"14:35:00";"MG";381;936,2;"EXTREMA";"Velocidade Incompatível";"Colisão com objeto estático";"Com Vítimas Feridas";"Pleno dia";"Crescente";"Garoa/Chuvisco";"Dupla";"Declive;Curva";"Não";8;0;2;0;6;0;2;3;-22,80837697;-46,27756834;"SPRF-MG";"DEL16-MG";"UOP03-DEL16-MG"
329468;2020-12-21;"segunda-feira";"11:15:00";"CE";304;52,1;"ARACATI";"Agressão Externa";"Queda de ocupante de veículo";"Com Vítimas Feridas";"Pleno dia";"Crescente";"Céu Claro";"Simples";"Reta";"Não";1;0;1;0;0;0;1;1;-4,57080706;-37,74473041;"SPRF-CE";"DEL03-CE";"UOP03-DEL03-CE"
329469;2020-12-21;"segunda-feira";"09:30:00";"MG";354;759;"ITAMONTE";"Falta de Atenção à Condução";"Colisão transversal";"Com Vítimas Feridas";"Pleno dia";"Crescente";"Céu Claro";"Simples";"Curva;Aclive";"Não";2;0;1;0;1;0;1;2;-22,32923677;-44,83632288;"SPRF-MG";"DEL17-MG";"UOP01-DEL17-MG"
329470;2020-12-21;"segunda-feira";"12:05:00";"RS";285;458,2;"IJUI";"Falta de Atenção à Condução";"Colisão transversal";"Com Vítimas Feridas";"Pleno dia";"Crescente";"Sol";"Simples";"Curva";"Sim";2;0;1;0;1;0;1;2;-28,40768375;-53,90027444;"SPRF-RS";"DEL10-RS";"UOP01-DEL10-RS"
329472;2020-10-30;"sexta-feira";"18:50:00";"PA";316;65;"CASTANHAL";"Não guardar distância de segurança";"Colisão lateral";"Com Vítimas Feridas";"Plena Noite";"Crescente";"Nublado";"Dupla";"Reta";"Sim";3;0;1;0;2;0;1;2;-1,29580361;-47,91084002;"SPRF-PA";"DEL01-PA";"UOP01-DEL01-PA"