"id";"data_inversa";"dia_semana";"horario";"uf";"br";"km";"municipio";"causa_acidente";"tipo_acidente";"classificacao_acidente";"fase_dia";"sentido_via";"condicao_metereologica";"tipo_pista";"tracado_via";"uso_solo";"pessoas";"mortos";"feridos_leves";"feridos_graves";"ilesos";"ignorados";"feridos";"veiculos";"latitude";"longitude";"regional";"delegacia";"uop"
329473;2020-12-21;"segunda-feira";"07:30:00";"MG";116;540,1;"SANTA RITA DE MINAS";"Condutor Dormindo";"Saída de leito carroçável";"Com Vítimas Feridas";"Amanhecer";"Crescente";"Nublado";"Simples";"Curva";"Não";1;0;1;0;0;0;1;1;-19,886814;-42,13777186;"SPRF-MG";"DEL06-MG";"UOP02-DEL06-MG"
329475;2020-12-21;"segunda-feira";"11:00:00";"RO";364;708,4;"PORTO VELHO";"Desobediência às normas de trânsito pelo condutor";"Colisão lateral";"Sem Vítimas";"Pleno dia";"Crescente";"Sol";"Dupla";"Retorno Regulamentado;Reta";"Sim";2;0;0;0;2;0;0;2;-8,7947902;-63,84208918;"SPRF-RO";"DEL01-RO";"UOP01-DEL01-RO"
329476;2020-12-21;"segunda-feira";"10:30:00";"PR";116;168;"QUITANDINHA";"Desobediência às normas de trânsito pelo condutor";"Colisão transversal";"Com Vítimas Feridas";"Pleno dia";"Crescente";"Nublado";"Simples";"Interseção de Vias";"Não";4;0;2;0;2;0;2;2;-25,87257323;-49,46295588;"SPRF-PR";"DEL01-PR";"UOP03-DEL01-PR"
329477;2020-12-01;"terça-feira";"13:55:00";"PR";277;98;"CURITIBA";"Falta de Atenção à Condução";"Colisão traseira";"Com Vítimas Feridas";"Pleno dia";"Crescente";"Garoa/Chuvisco";"Dupla";"Reta";"Sim";3;0;1;1;1;0;2;3;-25,540113;-49,311317;"SPRF-PR";"DEL01-PR";"UOP01-DEL01-PR"
329479;2020-12-21;"segunda-feira";"12:40:00";"RS";290;69,1;"GRAVATAI";"Defeito Mecânico no Veículo";"Incêndio";"Sem Vítimas";"Pleno dia";"Crescente";"Céu Claro";"Dupla";"Reta";"Sim";1;0;0;0;1;0;0;1;-29,944933;-50,946438;"SPRF-RS";"DEL03-RS";"UOP01-DEL03-RS"
329480;2020-12-21;"segunda-feira";"12:40:00";"RJ";40;98;"DUQUE DE CAXIAS";"Falta de Atenção à Condução";"Tombamento";"Com Vítimas Feridas";"Pleno dia";"Decrescente";"Nublado";"Dupla";"Reta";"Não";1;0;1;0;0;0;1;1;-22,58578;-43,270505;"SPRF-RJ";"DEL01-RJ";"UOP01-DEL01-RJ"
329481;2020-12-21;"segunda-feira";"11:20:00";"PR";376;4;"APUCARANA";"Desobediência às normas de trânsito pelo condutor";"Colisão transversal";"Com Vítimas Feridas";"Pleno dia";"Crescente";"Sol";"Dupla";"Reta";"Sim";2;0;1;0;1;0;1;2;-23,5513;-51,461266;"SPRF-PR";"DEL07-PR";"UOP03-DEL07-PR"
329483;2020-12-21;"segunda-feira";"13:00:00";"SP";116;217,8;"GUARULHOS";"Falta de Atenção à Condução";"Colisão lateral";"Com Vítimas Feridas";"Pleno dia";"Crescente";"Céu Claro";"Múltipla";"Reta";"Sim";3;0;1;0;0;2;1;3;-23,45423824;-46,47119028;"SPRF-SP";"DEL01-SP";"UOP01-DEL01-SP"
329486;2020-12-21;"segunda-feira";"12:45:00";"PR";277;623;"CEU AZUL";"Falta de Atenção à Condução";"Saída de leito carroçável";"Com Vítimas Feridas";"Pleno dia";"Crescente";"Céu Claro";"Simples";"Reta";"Não";1;0;1;0;0;0;1;1;-25,09721181;-53,73467528;"SPRF-PR";"DEL05-PR";"UOP02-DEL05-PR"
329487;2020-12-21;"segunda-feira";"12:30:00";"SP";116;422;"REGISTRO";"Falta de Atenção à Condução";"Saída de leito carroçável";"Com Vítimas Feridas";"Pleno dia";"Crescente";"Céu Claro";"Dupla";"Reta";"Não";6;0;2;0;3;1;2;3;-24,36454003;-47,69203096;"SPRF-SP";"DEL05-SP";"UOP01-DEL05-SP"
329489;2020-12-21;"segunda-feira";"13:30:00";"MG";381;775;"CAMPANHA";"Condutor Dormindo";"Saída de leito carroçável";"Com Vítimas Feridas";"Pleno dia";"Crescente";"Sol";"Dupla";"Curva";"Não";4;0;3;1;0;0;4;1;-21,7909241;-45,4484277;"SPRF-MG";"DEL16-MG";"UOP02-DEL16-MG"
329490;2020-12-21;"segunda-feira";"13:00:00";"SP";116;51,5;"LORENA";"Falta de Atenção à Condução";"Tombamento";"Com Vítimas Feridas";"Pleno dia";"Crescente";"Sol";"Dupla";"Interseção de Vias";"Sim";1;0;1;0;0;0;1;1;-22,74157511;-45,09206392;"SPRF-SP";"DEL08-SP";"UOP01-DEL08-SP"
329491;2020-12-21;"segunda-feira";"13:50:00";"MG";40;734,9;"SANTOS DUMONT";"Velocidade Incompatível";"Tombamento";"Com Vítimas Feridas";"Pleno dia";"Decrescente";"Céu Claro";"Simples";"Curva";"Não";1;0;1;0;0;0;1;1;-21,36247924;-43,57519146;"SPRF-MG";"DEL05-MG";"UOP01-DEL05-MG"
329492;2020-12-21;"segunda-feira";"14:00:00";"MG";262;80;"MATIPO";"Velocidade Incompatível";"Saída de leito carroçável";"Com Vítimas Feridas";"Pleno dia";"Decrescente";"Céu Claro";"Simples";"Reta";"Não";3;0;3;0;0;0;3;1;-20,33786678;-42,40070343;"SPRF-MG";"DEL03-MG";"UOP03-DEL03-MG"
329493;2020-12-21;"segunda-feira";"14:00:00";"SP";116;277;"EMBU DAS ARTES";"Falta de Atenção do Pedestre";"Atropelamento de Pedestre";"Com Vítimas Feridas";"Pleno dia";"Crescente";"Céu Claro";"Dupla";"Reta";"Sim";2;0;1;0;1;0;1;2;-23,62704;-46,81806;"SPRF-SP";"DEL04-SP";"UOP01-DEL04-SP"
329495;2020-12-21;"segunda-feira";"14:25:00";"PR";116;44;"CAMPINA GRANDE DO SUL";"Pista Escorregadia";"Saída de leito carroçável";"Sem Vítimas";"Pleno dia";"Crescente";"Garoa/Chuvisco";"Dupla";"Curva";"Não";1;0;0;0;1;0;0;1;-25,1882321;-48,88492529;"SPRF-PR";"DEL01-PR";"UOP02-DEL01-PR"
329496;2020-12-21;"segunda-feira";"09:10:00";"SC";101;203,9;"SAO JOSE";"Falta de Atenção à Condução";"Tombamento";"Com Vítimas Feridas";"Pleno dia";"Decrescente";"Nublado";"Múltipla";"Reta";"Sim";1;0;1;0;0;0;1;1;-27,57365029;-48,61333787;"SPRF-SC";"DEL01-SC";"UOP01-DEL01-SC"
329497;2020-12-21;"segunda-feira";"14:30:00";"DF";20;35;"BRASILIA";"Falta de Atenção à Condução";"Capotamento";"Com Vítimas Feridas";"Pleno dia";"Crescente";"Chuva";"Dupla";"Reta";"Não";2;0;1;0;1;0;1;1;-15,582146;-47,559162;"SPRF-DF";"DEL02-DF";"UOP01-DEL02-DF"
329501;2020-12-21;"segunda-feira";"12:22:00";"SC";101;171;"TIJUCAS";"Defeito Mecânico no Veículo";"Colisão lateral";"Com Vítimas Feridas";"Pleno dia";"Decrescente";"Céu Claro";"Dupla";"Reta";"Não";2;0;0;2;0;0;2;1;-27,30546499;-48,63258412;"SPRF-SC";"DEL04-SC";"UOP03-DEL04-SC"
329502;2020-12-21;"segunda-feira";"13:23:00";"MS";267;14,1;"BATAGUASSU";"Avarias e/ou desgaste excessivo no pneu";"Tombamento";"Com Vítimas Feridas";"Pleno dia";"Crescente";"Nublado";"Dupla";"Curva";"Sim";2;0;2;0;0;0;2;1;-21,72519822;-52,27412939;"SPRF-MS";"DEL02-MS";"UOP04-DEL02-MS"
329504;2020-12-21;"segunda-feira";"14:35:00";"ES";101;269;"SERRA";"Falta de Atenção à Condução";"Colisão transversal";"Com Vítimas Feridas";"Pleno dia";"Crescente";"Céu Claro";"Dupla";"Interseção de Vias";"Sim";2;0;0;1;1;0;1;2;-20,21740496;-40,26990578;"SPRF-ES";"DEL02-ES";"UOP01-DEL02-ES"
329506;2020-12-21;"segunda-feira";"15:15:00";"MG";153;43;"CENTRALINA";"Velocidade Incompatível";"Saída de leito carroçável";"Com Vítimas Feridas";"Pleno dia";"Decrescente";"Chuva";"Dupla";"Reta";"Não";3;0;1;0;2;0;1;1;-18,76410695;-49,07452386;"SPRF-MG";"DEL15-MG";"UOP03-DEL15-MG"
329507;2020-12-21;"segunda-feira";"15:26:00";"MG";381;800,1;"SAO GONCALO DO SAPUCAI";"Velocidade Incompatível";"Colisão com objeto estático";"Com Vítimas Fatais";"Pleno dia";"Crescente";"Chuva";"Dupla";"Aclive";"Não";2;1;1;0;0;0;1;1;-21,97761923;-45,63996491;"SPRF-MG";"DEL16-MG";"UOP02-DEL16-MG"
329509;2020-12-21;"segunda-feira";"15:35:00";"DF";40;8;"BRASILIA";"Defeito Mecânico no Veículo";"Colisão traseira";"Com Vítimas Feridas";"Pleno dia";"Crescente";"Chuva";"Dupla";"Reta";"Sim";2;0;0;1;1;0;1;2;-16,038666;-47,979691;"SPRF-DF";"DEL01-DF";"UOP01-DEL01-DF"
329510;2020-12-21;"segunda-feira";"15:20:00";"SC";101;137;"BALNEARIO CAMBORIU";"Não guardar distância de segurança";"Colisão lateral";"Com Vítimas Feridas";"Pleno dia";"Decrescente";"Céu Claro";"Múltipla";"Reta";"Sim";3;0;2;0;1;0;2;2;-27,0157238;-48,61192763;"SPRF-SC";"DEL04-SC";"UOP03-DEL04-SC"
329512;2020-12-21;"segunda-feira";"15:50:00";"SC";280;31;"ARAQUARI";"Falta de Atenção à Condução";"Colisão transversal";"Com Vítimas Feridas";"Pleno dia";"Crescente";"Céu Claro";"Simples";"Reta";"Sim";4;0;2;0;1;1;2;3;-26,41649938;-48,77181215;"SPRF-SC";"DEL03-SC";"UOP03-DEL03-SC"
329513;2020-12-21;"segunda-feira";"15:50:00";"PR";116;20;"CAMPINA GRANDE DO SUL";"Falta de Atenção à Condução";"Saída de leito carroçável";"Com Vítimas Feridas";"Pleno dia";"Decrescente";"Chuva";"Dupla";"Curva";"Não";3;0;3;0;0;0;3;1;-25,10052421;-48,72981603;"SPRF-PR";"DEL01-PR";"UOP02-DEL01-PR"
329514;2020-12-21;"segunda-feira";"15:30:00";"PR";277;507,9;"CASCAVEL";"Não guardar distância de segurança";"Colisão traseira";"Com Vítimas Feridas";"Pleno dia";"Crescente";"Nublado";"Simples";"Reta";"Não";3;0;1;0;2;0;1;2;-24,8439318;-53,31464946;"SPRF-PR";"DEL04-PR";"UOP01-DEL04-PR"
329516;2020-12-21;"segunda-feira";"15:30:00";"PR";116;16;"CAMPINA GRANDE DO SUL";"Pista Escorregadia";"Saída de leito carroçável";"Com Vítimas Feridas";"Pleno dia";"Decrescente";"Chuva";"Dupla";"Reta";"Não";7;0;5;0;2;0;5;1;-25,09969807;-48,692225;"SPRF-PR";"DEL01-PR";"UOP02-DEL01-PR"
329517;2020-12-21;"segunda-feira";"15:50:00";"RJ";40;120;"DUQUE DE CAXIAS";"Falta de Atenção do Pedestre";"Colisão traseira";"Sem Vítimas";"Pleno dia";"Decrescente";"Céu Claro";"Dupla";"Reta";"Não";4;0;0;0;4;0;0;4;-22,77280597;-43,28626763;"SPRF-RJ";"DEL01-RJ";"UOP01-DEL01-RJ"
329518;2020-12-21;"segunda-feira";"15:45:00";"SC";280;129,4;"RIO NEGRINHO";"Desobediência às normas de trânsito pelo condutor";"Colisão transversal";"Com Vítimas Feridas";"Pleno dia";"Decrescente";"Nublado";"Simples";"Reta";"Sim";3;0;2;0;1;0;2;2;-26,24586437;-49,52284615;"SPRF-SC";"DEL06-SC";"UOP03-DEL06-SC"
329519;2020-12-19;"sábado";"01:00:00";"RJ";40;109;"DUQUE DE CAXIAS";"Falta de Atenção à Condução";"Colisão traseira";"Com Vítimas Feridas";"Plena Noite";"Crescente";"Céu Claro";"Múltipla";"Reta";"Sim";3;0;0;2;1;0;2;2;-22,68249951;-43,28574657;"SPRF-RJ";"DEL01-RJ";"UOP01-DEL01-RJ"
329520;2020-12-21;"segunda-feira";"12:15:00";"PE";116;29;"SALGUEIRO";"Desobediência às normas de trânsito pelo condutor";"Colisão frontal";"Com Vítimas Feridas";"Pleno dia";"Crescente";"Céu Claro";"Simples";"Reta";"Não";6;0;3;2;1;0;5;2;-8,09494;-39,124596;"SPRF-PE";"DEL05-PE";"UOP01-DEL05-PE"
329521;2020-12-21;"segunda-feira";"14:10:00";"RO";425;99;"NOVA MAMORE";"Falta de Atenção à Condução";"Colisão transversal";"Com Vítimas Feridas";"Pleno dia";"Decrescente";"Céu Claro";"Múltipla";"Reta";"Sim";2;0;0;1;1;0;1;2;-10,403116;-65,32756;"SPRF-RO";"DEL01-RO";"UOP03-DEL01-RO"
329522;2020-12-21;"segunda-feira";"16:10:00";"RN";101;81;"NATAL";"Falta de Atenção à Condução";"Colisão lateral";"Sem Vítimas";"Pleno dia";"Decrescente";"Céu Claro";"Dupla";"Curva";"Sim";2;0;0;0;1;1;0;2;-5,76309114;-35,28697383;"SPRF-RN";"DEL02-RN";"UOP01-DEL02-RN"
329523;2020-12-21;"segunda-feira";"15:57:00";"SC";101;208,9;"SAO JOSE";"Desobediência às normas de trânsito pelo condutor";"Colisão traseira";"Com Vítimas Feridas";"Pleno dia";"Decrescente";"Céu Claro";"Dupla";"Reta";"Sim";2;0;0;1;1;0;1;2;-27,60327979;-48,63201818;"SPRF-SC";"DEL01-SC";"UOP01-DEL01-SC"
329524;2020-12-21;"segunda-feira";"15:50:00";"PR";476;140;"CURITIBA";"Falta de Atenção à Condução";"Colisão traseira";"Com Vítimas Feridas";"Pleno dia";"Decrescente";"Nublado";"Dupla";"Reta";"Sim";2;0;1;0;1;0;1;2;-25,520693;-49,294121;"SPRF-PR";"DEL01-PR";"UOP03-DEL01-PR"
329525;2020-12-21;"segunda-feira";"14:24:00";"BA";324;558;"AMELIA RODRIGUES";"Avarias e/ou desgaste excessivo no pneu";"Saída de leito carroçável";"Sem Vítimas";"Pleno dia";"Decrescente";"Nublado";"Dupla";"Reta";"Não";1;0;0;0;1;0;0;1;-12,48182515;-38,66808011;"SPRF-BA";"DEL01-BA";"UOP03-DEL01-BA"
329527;2020-12-21;"segunda-feira";"12:00:00";"PI";135;407;"REDENCAO DO GURGUEIA";"Condutor Dormindo";"Saída de leito carroçável";"Com Vítimas Feridas";"Pleno dia";"Decrescente";"Nublado";"Simples";"Reta";"Não";1;0;1;0;0;0;1;1;-9,4622821;-44,5978937;"SPRF-PI";"DEL03-PI";"UOP02-DEL03-PI"
329528;2020-12-21;"segunda-feira";"16:05:00";"RN";110;49;"MOSSORO";"Falta de Atenção à Condução";"Colisão frontal";"Com Vítimas Feridas";"Pleno dia";"Decrescente";"Céu Claro";"Simples";"Reta";"Sim";2;0;0;1;1;0;1;2;-5,21645975;-37,32927128;"SPRF-RN";"DEL04-RN";"UOP01-DEL04-RN"
329531;2020-12-21;"segunda-feira";"16:55:00";"GO";153;201;"URUACU";"Falta de Atenção à Condução";"Colisão transversal";"Com Vítimas Feridas";"Pleno dia";"Crescente";"Céu Claro";"Simples";"Interseção de Vias";"Sim";2;0;2;0;0;0;2;2;-14,519629;-49,154972;"SPRF-GO";"DEL07-GO";"UOP02-DEL07-GO"
329533;2020-12-21;"segunda-feira";"16:45:00";"RS";116;255;"ESTEIO";"Falta de Atenção à Condução";"Colisão traseira";"Com Vítimas Feridas";"Pleno dia";"Crescente";"Sol";"Dupla";"Reta";"Sim";2;0;1;0;1;0;1;2;-29,83522986;-51,17484349;"SPRF-RS";"DEL01-RS";"UOP02-DEL01-RS"
329538;2020-12-21;"segunda-feira";"16:55:00";"SC";101;145,6;"ITAPEMA";"Desobediência às normas de trânsito pelo condutor";"Colisão traseira";"Com Vítimas Feridas";"Pleno dia";"Crescente";"Nublado";"Dupla";"Aclive";"Não";2;0;1;0;1;0;1;2;-27,08139206;-48,60130993;"SPRF-SC";"DEL04-SC";"UOP03-DEL04-SC"
329539;2020-12-21;"segunda-feira";"17:32:00";"RN";304;47;"MOSSORO";"Desobediência às normas de trânsito pelo condutor";"Colisão lateral";"Com Vítimas Feridas";"Pleno dia";"Crescente";"Céu Claro";"Simples";"Reta";"Sim";2;0;2;0;0;0;2;2;-5,22597224;-37,33086797;"SPRF-RN";"DEL04-RN";"UOP01-DEL04-RN"
329542;2020-12-21;"segunda-feira";"17:05:00";"MG";116;530,5;"CARATINGA";"Falta de Atenção à Condução";"Colisão transversal";"Com Vítimas Feridas";"Pleno dia";"Crescente";"Céu Claro";"Simples";"Reta";"Não";2;0;1;0;1;0;1;2;-19,81067298;-42,13539446;"SPRF-MG";"DEL06-MG";"UOP02-DEL06-MG"
329546;2020-12-21;"segunda-feira";"17:10:00";"PR";369;162;"CAMBE";"Falta de Atenção à Condução";"Colisão traseira";"Com Vítimas Feridas";"Pleno dia";"Crescente";"Céu Claro";"Dupla";"Reta";"Sim";2;0;1;0;1;0;1;2;-23,27036548;-51,28349304;"SPRF-PR";"DEL07-PR";"UOP01-DEL07-PR"
329549;2020-12-21;"segunda-feira";"15:30:00";"MT";163;119;"RONDONOPOLIS";"Falta de Atenção à Condução";"Colisão com objeto estático";"Com Vítimas Feridas";"Pleno dia";"Crescente";"Céu Claro";"Dupla";"Reta";"Sim";2;0;2;0;0;0;2;1;-16,505412;-54,65154;"SPRF-MT";"DEL02-MT";"UOP01-DEL02-MT"
329554;2020-12-21;"segunda-feira";"18:20:00";"MG";381;526;"BRUMADINHO";"Falta de Atenção à Condução";"Capotamento";"Com Vítimas Feridas";"Plena Noite";"Crescente";"Chuva";"Dupla";"Curva";"Não";2;0;1;0;1;0;1;1;-20,16175378;-44,34144636;"SPRF-MG";"DEL04-MG";"UOP03-DEL04-MG"
329556;2020-12-21;"segunda-feira";"18:10:00";"SP";116;216;"GUARULHOS";"Não guardar distância de segurança";"Colisão lateral";"Com Vítimas Feridas";"Anoitecer";"Decrescente";"Nublado";"Múltipla";"Reta";"Sim";3;0;1;0;2;0;1;3;-23,45281016;-46,46792471;"SPRF-SP";"DEL01-SP";"UOP01-DEL01-SP"
329557;2020-12-21;"segunda-feira";"13:02:00";"PI";0;0;"TERESINA";"Defeito na Via";"Colisão com objeto estático";"Com Vítimas Feridas";"Pleno dia";"Não Informado";"Céu Claro";"Simples";"Declive;Em Obras";"Sim";3;0;1;0;2;0;1;1;-5,09435316;-42,76303953;"SPRF-PI";"DEL01-PI";"UOP01-DEL01-PI"
329558;2020-12-21;"segunda-feira";"18:40:00";"CE";116;19;"ITAITINGA";"Falta de Atenção à Condução";"Colisão traseira";"Com Vítimas Feridas";"Plena Noite";"Crescente";"Céu Claro";"Dupla";"Retorno Regulamentado";"Sim";2;0;1;0;1;0;1;2;-3,919546;-38,507514;"SPRF-CE";"DEL01-CE";"UOP02-DEL01-CE"
329559;2020-12-21;"segunda-feira";"17:15:00";"MS";262;357,4;"CAMPO GRANDE";"Defeito na Via";"Tombamento";"Com Vítimas Feridas";"Anoitecer";"Decrescente";"Chuva";"Simples";"Reta";"Não";1;0;1;0;0;0;1;1;-20,54745913;-54,68046404;"SPRF-MS";"DEL01-MS";"UOP03-DEL01-MS"
329560;2020-12-21;"segunda-feira";"14:30:00";"MT";70;323;"DOM AQUINO";"Falta de Atenção à Condução";"Capotamento";"Com Vítimas Feridas";"Pleno dia";"Crescente";"Chuva";"Simples";"Curva";"Não";2;0;1;0;1;0;1;1;-15,5095892;-54,64469197;"SPRF-MT";"DEL05-MT";"UOP01-DEL05-MT"
329561;2020-12-21;"segunda-feira";"19:00:00";"RJ";40;111;"DUQUE DE CAXIAS";"Não guardar distância de segurança";"Colisão traseira";"Com Vítimas Feridas";"Plena Noite";"Decrescente";"Céu Claro";"Múltipla";"Curva";"Sim";2;0;1;0;1;0;1;2;-22,691868;-43,287453;"SPRF-RJ";"DEL01-RJ";"UOP01-DEL01-RJ"
329562;2020-10-22;"quinta-feira";"20:00:00";"DF";40;2;"BRASILIA";"Falta de Atenção à Condução";"Colisão lateral";"Com Vítimas Feridas";"Plena Noite";"Crescente";"Céu Claro";"Dupla";"Reta";"Não";2;0;1;0;1;0;1;2;-15,99435;-47,985947;"SPRF-DF";"DEL01-DF";"UOP01-DEL01-DF"
329563;2020-12-21;"segunda-feira";"13:00:00";"RJ";116;32,4;"SAPUCAIA";"Velocidade Incompatível";"Colisão frontal";"Com Vítimas Fatais";"Pleno dia";"Decrescente";"Céu Claro";"Simples";"Curva";"Não";5;2;3;0;0;0;3;2;-22,08349192;-42,808942;"SPRF-RJ";"DEL04-RJ";"UOP01-DEL04-RJ"
329564;2020-12-21;"segunda-feira";"19:15:00";"SC";282;4,5;"SAO JOSE";"Falta de Atenção à Condução";"Colisão traseira";"Com Vítimas Feridas";"Plena Noite";"Crescente";"Nublado";"Múltipla";"Declive";"Sim";2;0;1;0;1;0;1;2;-27,592646;-48,604034;"SPRF-SC";"DEL01-SC";"UOP01-DEL01-SC"
329565;2020-12-21;"segunda-feira";"19:30:00";"RJ";101;49;"CAMPOS DOS GOYTACAZES";"Desobediência às normas de trânsito pelo condutor";"Colisão transversal";"Com Vítimas Feridas";"Plena Noite";"Crescente";"Céu Claro";"Simples";"Reta";"Sim";2;0;0;1;1;0;1;2;-21,62508006;-41,31411242;"SPRF-RJ";"DEL08-RJ";"UOP01-DEL08-RJ"
329566;2020-12-21;"segunda-feira";"15:45:00";"MG";381;319,9;"NOVA ERA";"Falta de Atenção à Condução";"Saída de leito carroçável";"Com Vítimas Feridas";"Pleno dia";"Decrescente";"Chuva";"Simples";"Curva;Aclive";"Não";4;0;2;2;0;0;4;1;-19,690756;-42,991939;"SPRF-MG";"DEL03-MG";"UOP02-DEL03-MG"
329567;2020-12-21;"segunda-feira";"17:35:00";"BA";116;787,2;"PLANALTO";"Velocidade Incompatível";"Saída de leito carroçável";"Com Vítimas Feridas";"Pleno dia";"Decrescente";"Céu Claro";"Simples";"Reta";"Não";2;0;2;0;0;0;2;1;-14,692625;-40,567809;"SPRF-BA";"DEL08-BA";"UOP02-DEL08-BA"
329568;2020-12-21;"segunda-feira";"19:00:00";"MG";381;528,9;"BRUMADINHO";"Velocidade Incompatível";"Saída de leito carroçável";"Com Vítimas Feridas";"Plena Noite";"Decrescente";"Chuva";"Dupla";"Curva";"Não";2;0;2;0;0;0;2;1;-20,16368096;-44,36025002;"SPRF-MG";"DEL04-MG";"UOP03-DEL04-MG"
329569;2020-12-21;"segunda-feira";"17:00:00";"BA";116;574;"BREJOES";"Desobediência às normas de trânsito pelo condutor";"Colisão transversal";"Com Vítimas Feridas";"Pleno dia";"Crescente";"Céu Claro";"Simples";"Reta";"Sim";2;0;1;0;1;0;1;2;-13,04175609;-39,9675933;"SPRF-BA";"DEL03-BA";"UOP02-DEL03-BA"
329571;2020-12-21;"segunda-feira";"19:30:00";"ES";262;111;"VENDA NOVA DO IMIGRANTE";"Desobediência às normas de trânsito pelo condutor";"Colisão transversal";"Com Vítimas Feridas";"Plena Noite";"Crescente";"Céu Claro";"Simples";"Reta";"Não";2;0;0;1;1;0;1;2;-20,33710625;-41,19042567;"SPRF-ES";"DEL01-ES";"UOP02-DEL01-ES"
329572;2020-12-21;"segunda-feira";"19:30:00";"ES";101;269,4;"SERRA";"Desobediência às normas de trânsito pelo condutor";"Colisão transversal";"Com Vítimas Feridas";"Plena Noite";"Decrescente";"Céu Claro";"Dupla";"Interseção de Vias";"Sim";2;0;0;1;1;0;1;2;-20,21740496;-40,26990578;"SPRF-ES";"DEL02-ES";"UOP01-DEL02-ES"
329573;2020-12-21;"segunda-feira";"18:00:00";"PR";476;93;"BOCAIUVA DO SUL";"Ingestão de Álcool";"Colisão com objeto estático";"Sem Vítimas";"Anoitecer";"Decrescente";"Nublado";"Simples";"Reta;Aclive";"Sim";2;0;0;0;2;0;0;2;-25,209375;-49,1133;"SPRF-PR";"DEL01-PR";"UOP02-DEL01-PR"
329574;2020-12-21;"segunda-feira";"20:00:00";"GO";153;634,8;"MORRINHOS";"Desobediência às normas de trânsito pelo condutor";"Colisão traseira";"Com Vítimas Feridas";"Plena Noite";"Crescente";"Chuva";"Dupla";"Aclive";"Não";3;0;1;0;2;0;1;2;-17,8366;-49,2167;"SPRF-GO";"DEL03-GO";"UOP01-DEL03-GO"
329575;2020-12-21;"segunda-feira";"21:00:00";"CE";116;4,1;"FORTALEZA";"Falta de Atenção do Pedestre";"Atropelamento de Pedestre";"Com Vítimas Fatais";"Plena Noite";"Decrescente";"Céu Claro";"Dupla";"Reta";"Sim";2;1;0;0;0;1;0;2;-3,7867209;-38,5114568;"SPRF-CE";"DEL01-CE";"UOP02-DEL01-CE"
329576;2020-12-21;"segunda-feira";"19:35:00";"SC";101;329;"CAPIVARI DE BAIXO";"Ingestão de Álcool";"Saída de leito carroçável";"Sem Vítimas";"Plena Noite";"Crescente";"Nublado";"Dupla";"Curva";"Não";1;0;0;0;1;0;0;1;-28,45242074;-48,97494256;"SPRF-SC";"DEL02-SC";"UOP01-DEL02-SC"
329578;2020-12-21;"segunda-feira";"19:30:00";"MG";381;533;"ITATIAIUCU";"Falta de Atenção à Condução";"Saída de leito carroçável";"Com Vítimas Feridas";"Plena Noite";"Decrescente";"Chuva";"Dupla";"Curva";"Não";2;0;1;0;1;0;1;1;-20,19896036;-44,38641307;"SPRF-MG";"DEL04-MG";"UOP03-DEL04-MG"
329581;2020-12-21;"segunda-feira";"14:00:00";"MG";267;293,5;"BAEPENDI";"Pista Escorregadia";"Colisão frontal";"Com Vítimas Fatais";"Pleno dia";"Decrescente";"Chuva";"Simples";"Ponte";"Não";3;2;0;1;0;0;1;2;-21,93120403;-44,83482299;"SPRF-MG";"DEL17-MG";"UOP01-DEL17-MG"
329582;2020-12-21;"segunda-feira";"19:40:00";"PI";316;78,3;"MIGUEL LEAO";"Desobediência às normas de trânsito pelo condutor";"Colisão frontal";"Com Vítimas Fatais";"Plena Noite";"Crescente";"Céu Claro";"Simples";"Reta";"Não";2;1;0;0;1;0;0;2;-5,72722978;-42,60684409;"SPRF-PI";"DEL01-PI";"UOP02-DEL01-PI"
329583;2020-12-21;"segunda-feira";"10:20:00";"BA";420;282,8;"UBAIRA";"Falta de Atenção à Condução";"Colisão com objeto estático";"Com Vítimas Feridas";"Pleno dia";"Crescente";"Céu Claro";"Simples";"Reta";"Não";1;0;1;0;0;0;1;1;-13,26094167;-39,6773834;"SPRF-BA";"DEL03-BA";"UOP01-DEL03-BA"
329586;2020-12-21;"segunda-feira";"18:10:00";"SC";163;1,8;"DIONISIO CERQUEIRA";"Falta de Atenção à Condução";"Colisão transversal";"Com Vítimas Feridas";"Pleno dia";"Decrescente";"Céu Claro";"Simples";"Reta;Declive;Rotatória";"Sim";2;0;0;1;1;0;1;2;-26,2613;-53,6206;"SPRF-SC";"DEL07-SC";"UOP03-DEL07-SC"
329587;2020-12-21;"segunda-feira";"22:05:00";"RJ";116;170,3;"SAO JOAO DE MERITI";"Falta de Atenção à Condução";"Colisão lateral";"Com Vítimas Feridas";"Plena Noite";"Crescente";"Céu Claro";"Múltipla";"Reta";"Sim";2;0;1;0;1;0;1;2;-22,7839356;-43,3818321;"SPRF-RJ";"DEL01-RJ";"UOP02-DEL01-RJ"
329590;2020-12-21;"segunda-feira";"21:50:00";"RS";386;349;"LAJEADO";"Restrição de Visibilidade";"Colisão transversal";"Com Vítimas Feridas";"Plena Noite";"Decrescente";"Céu Claro";"Dupla";"Retorno Regulamentado";"Sim";3;0;1;0;2;0;1;2;-29,465483;-51,95509;"SPRF-RS";"DEL04-RS";"UOP02-DEL04-RS"