"id";"data_inversa";"dia_semana";"horario";"uf";"br";"km";"municipio";"causa_acidente";"tipo_acidente";"classificacao_acidente";"fase_dia";"sentido_via";"condicao_metereologica";"tipo_pista";"tracado_via";"uso_solo";"pessoas";"mortos";"feridos_leves";"feridos_graves";"ilesos";"ignorados";"feridos";"veiculos";"latitude";"longitude";"regional";"delegacia";"uop"
329723;2020-12-22;"terça-feira";"15:15:00";"DF";70;18,3;"BRASILIA";"Falta de Atenção à Condução";"Saída de leito carroçável";"Com Vítimas Feridas";"Pleno dia";"Crescente";"Chuva";"Dupla";"Declive;Reta";"Sim";2;0;2;0;0;0;2;1;-15,791093;-48,21096;"SPRF-DF";"DEL03-DF";"UOP02-DEL03-DF"
329724;2020-12-22;"terça-feira";"15:00:00";"MG";381;497;"BETIM";"Desobediência às normas de trânsito pelo pedestre";"Atropelamento de Pedestre";"Com Vítimas Feridas";"Pleno dia";"Crescente";"Céu Claro";"Múltipla";"Reta";"Sim";3;0;1;0;1;1;1;2;-20,00483625;-44,21367172;"SPRF-MG";"DEL01-MG";"UOP03-DEL01-MG"
329725;2020-12-22;"terça-feira";"08:50:00";"SC";116;107,6;"SANTA CECILIA";"Falta de Atenção à Condução";"Saída de leito carroçável";"Com Vítimas Feridas";"Pleno dia";"Crescente";"Céu Claro";"Simples";"Curva";"Não";1;0;1;0;0;0;1;1;-26,75568818;-50,32812388;"SPRF-SC";"DEL06-SC";"UOP02-DEL06-SC"
329726;2020-12-22;"terça-feira";"15:15:00";"BA";407;3,1;"JUAZEIRO";"Ultrapassagem Indevida";"Colisão frontal";"Com Vítimas Feridas";"Pleno dia";"Decrescente";"Céu Claro";"Simples";"Reta";"Sim";2;0;1;0;1;0;1;2;-9,43134011;-40,49823324;"SPRF-PE";"DEL06-PE";"UOP01-DEL06-PE"
329727;2020-12-22;"terça-feira";"14:00:00";"ES";101;285,5;"CARIACICA";"Agressão Externa";"Colisão com objeto em movimento";"Com Vítimas Feridas";"Pleno dia";"Decrescente";"Céu Claro";"Dupla";"Reta;Aclive";"Não";2;0;1;0;1;0;1;2;-20,25148171;-40,37270066;"SPRF-ES";"DEL01-ES";"UOP01-DEL01-ES"
329729;2020-12-22;"terça-feira";"13:00:00";"MT";163;833;"SINOP";"Desobediência às normas de trânsito pelo condutor";"Colisão traseira";"Com Vítimas Feridas";"Pleno dia";"Decrescente";"Céu Claro";"Dupla";"Rotatória";"Sim";3;0;1;0;1;1;1;3;-11,88217108;-55,50100386;"SPRF-MT";"DEL06-MT";"UOP01-DEL06-MT"
329731;2020-12-22;"terça-feira";"15:55:00";"PB";230;85,4;"CALDAS BRANDAO";"Velocidade Incompatível";"Saída de leito carroçável";"Com Vítimas Feridas";"Pleno dia";"Decrescente";"Céu Claro";"Simples";"Reta";"Não";1;0;1;0;0;0;1;1;-7,1652;-35,3534;"SPRF-PB";"DEL01-PB";"UOP03-DEL01-PB"
329732;2020-12-22;"terça-feira";"16:30:00";"ES";101;282;"SERRA";"Desobediência às normas de trânsito pelo condutor";"Colisão transversal";"Com Vítimas Feridas";"Pleno dia";"Crescente";"Chuva";"Múltipla";"Reta";"Não";2;0;1;0;1;0;1;2;-20,22694;-40,36458;"SPRF-ES";"DEL01-ES";"UOP01-DEL01-ES"
329733;2020-12-22;"terça-feira";"16:30:00";"BA";324;619;"SALVADOR";"Falta de Atenção à Condução";"Queda de ocupante de veículo";"Com Vítimas Feridas";"Pleno dia";"Crescente";"Céu Claro";"Simples";"Reta";"Sim";1;0;1;0;0;0;1;1;-12,89820999;-38,45012202;"SPRF-BA";"DEL01-BA";"UOP01-DEL01-BA"
329734;2020-12-22;"terça-feira";"15:30:00";"RJ";101;296;"ITABORAI";"Falta de Atenção à Condução";"Colisão traseira";"Com Vítimas Feridas";"Pleno dia";"Crescente";"Nublado";"Dupla";"Reta";"Sim";6;0;2;0;4;0;2;2;-22,7670498;-42,91019601;"SPRF-RJ";"DEL02-RJ";"UOP02-DEL02-RJ"
329738;2020-12-22;"terça-feira";"16:20:00";"MG";262;43,8;"MANHUACU";"Falta de Atenção à Condução";"Colisão com objeto estático";"Com Vítimas Feridas";"Pleno dia";"Crescente";"Nublado";"Simples";"Curva";"Não";1;0;0;1;0;0;1;1;-20,26409492;-42,07800593;"SPRF-MG";"DEL06-MG";"UOP03-DEL06-MG"
329739;2020-12-22;"terça-feira";"16:50:00";"RJ";101;308;"SAO GONCALO";"Falta de Atenção à Condução";"Queda de ocupante de veículo";"Com Vítimas Feridas";"Anoitecer";"Crescente";"Chuva";"Dupla";"Reta";"Sim";2;0;2;0;0;0;2;1;-22,79309326;-43,02479595;"SPRF-RJ";"DEL02-RJ";"UOP02-DEL02-RJ"
329741;2020-12-22;"terça-feira";"15:00:00";"MG";381;674,9;"PERDOES";"Falta de Atenção à Condução";"Colisão com objeto estático";"Com Vítimas Feridas";"Pleno dia";"Decrescente";"Nublado";"Dupla";"Curva";"Sim";4;0;2;0;2;0;2;1;-21,107021;-45,09114;"SPRF-MG";"DEL04-MG";"UOP02-DEL04-MG"
329744;2020-12-22;"terça-feira";"16:10:00";"SP";116;513;"CAJATI";"Falta de Atenção à Condução";"Saída de leito carroçável";"Com Vítimas Feridas";"Pleno dia";"Decrescente";"Garoa/Chuvisco";"Dupla";"Curva";"Não";3;0;1;0;2;0;1;1;-24,85109616;-48,21802405;"SPRF-SP";"DEL05-SP";"UOP02-DEL05-SP"
329745;2020-12-22;"terça-feira";"17:20:00";"ES";101;212,3;"IBIRACU";"Não guardar distância de segurança";"Engavetamento";"Sem Vítimas";"Pleno dia";"Crescente";"Nublado";"Simples";"Reta";"Sim";5;0;0;0;1;4;0;4;-19,81537521;-40,36655964;"SPRF-ES";"DEL02-ES";"UOP01-DEL02-ES"
329748;2020-12-22;"terça-feira";"17:00:00";"CE";20;432;"EUSEBIO";"Falta de Atenção à Condução";"Colisão transversal";"Com Vítimas Feridas";"Pleno dia";"Decrescente";"Céu Claro";"Dupla";"Declive;Reta;Em Obras";"Não";4;0;1;3;0;0;4;2;-3,8649397;-38,47347736;"SPRF-CE";"DEL01-CE";"UOP02-DEL01-CE"
329749;2020-12-22;"terça-feira";"15:30:00";"PR";476;118;"COLOMBO";"Falta de Atenção à Condução";"Colisão lateral";"Com Vítimas Feridas";"Pleno dia";"Decrescente";"Nublado";"Múltipla";"Reta";"Sim";4;0;2;0;2;0;2;2;-25,35634;-49,180828;"SPRF-PR";"DEL01-PR";"UOP02-DEL01-PR"
329750;2020-12-22;"terça-feira";"15:50:00";"PR";277;80,5;"CURITIBA";"Não guardar distância de segurança";"Colisão traseira";"Com Vítimas Feridas";"Pleno dia";"Crescente";"Nublado";"Dupla";"Reta";"Sim";2;0;1;0;1;0;1;2;-25,568939;-49,181978;"SPRF-PR";"DEL01-PR";"UOP01-DEL01-PR"
329751;2020-12-22;"terça-feira";"17:40:00";"RS";290;87;"PORTO ALEGRE";"Falta de Atenção à Condução";"Colisão traseira";"Com Vítimas Feridas";"Pleno dia";"Decrescente";"Céu Claro";"Dupla";"Reta";"Sim";1;0;1;0;0;0;1;1;-29,967838;-51,127197;"SPRF-RS";"DEL01-RS";"UOP01-DEL01-RS"
329752;2020-12-22;"terça-feira";"16:44:00";"MA";316;260;"SANTA INES";"Desobediência às normas de trânsito pelo condutor";"Colisão lateral";"Com Vítimas Feridas";"Pleno dia";"Decrescente";"Céu Claro";"Simples";"Reta";"Sim";3;0;1;1;0;1;2;2;-3,663603;-45,386999;"SPRF-MA";"DEL02-MA";"UOP01-DEL02-MA"
329753;2020-12-22;"terça-feira";"18:00:00";"SP";381;88,7;"GUARULHOS";"Falta de Atenção à Condução";"Tombamento";"Com Vítimas Feridas";"Anoitecer";"Crescente";"Céu Claro";"Múltipla";"Reta";"Sim";1;0;1;0;0;0;1;1;-23,47469314;-46,56112919;"SPRF-SP";"DEL03-SP";"UOP01-DEL03-SP"
329754;2020-12-22;"terça-feira";"17:40:00";"RS";158;148,9;"PANAMBI";"Não guardar distância de segurança";"Colisão traseira";"Com Vítimas Feridas";"Pleno dia";"Decrescente";"Céu Claro";"Simples";"Reta";"Não";5;0;1;0;4;0;1;3;-28,26400697;-53,47990078;"SPRF-RS";"DEL10-RS";"UOP02-DEL10-RS"
329756;2020-12-22;"terça-feira";"18:20:00";"SE";101;93,5;"NOSSA SENHORA DO SOCORRO";"Falta de Atenção à Condução";"Tombamento";"Com Vítimas Feridas";"Plena Noite";"Decrescente";"Céu Claro";"Dupla";"Retorno Regulamentado";"Sim";1;0;1;0;0;0;1;1;-10,90528907;-37,14351073;"SPRF-SE";"DEL01-SE";"UOP01-DEL01-SE"
329757;2020-12-22;"terça-feira";"18:00:00";"ES";259;71,8;"COLATINA";"Pista Escorregadia";"Saída de leito carroçável";"Com Vítimas Feridas";"Plena Noite";"Decrescente";"Chuva";"Simples";"Reta";"Não";3;0;0;3;0;0;3;1;-19,4973764;-40,76451486;"SPRF-ES";"DEL02-ES";"UOP01-DEL02-ES"
329762;2020-12-22;"terça-feira";"18:50:00";"PI";230;181,5;"OEIRAS";"Velocidade Incompatível";"Atropelamento de Pedestre";"Com Vítimas Fatais";"Plena Noite";"Decrescente";"Garoa/Chuvisco";"Simples";"Reta";"Não";2;1;0;0;0;1;0;2;-6,94981272;-41,99859214;"SPRF-PI";"DEL04-PI";"UOP01-DEL04-PI"
329763;2020-12-22;"terça-feira";"18:15:00";"PB";101;84,5;"BAYEUX";"Desobediência às normas de trânsito pelo condutor";"Colisão traseira";"Com Vítimas Feridas";"Plena Noite";"Decrescente";"Céu Claro";"Dupla";"Reta";"Sim";2;0;0;1;1;0;1;2;-7,14264652;-34,91971135;"SPRF-PB";"DEL01-PB";"UOP01-DEL01-PB"
329764;2020-12-22;"terça-feira";"17:30:00";"DF";251;14,5;"BRASILIA";"Pista Escorregadia";"Saída de leito carroçável";"Sem Vítimas";"Plena Noite";"Decrescente";"Chuva";"Dupla";"Reta";"Não";1;0;0;0;1;0;0;1;-15,946637;-47,601704;"SPRF-DF";"DEL01-DF";"UOP01-DEL01-DF"
329765;2020-12-22;"terça-feira";"16:00:00";"GO";20;196,8;"POSSE";"Velocidade Incompatível";"Saída de leito carroçável";"Com Vítimas Feridas";"Pleno dia";"Crescente";"Chuva";"Simples";"Reta";"Não";2;0;1;0;1;0;1;1;-14,347785;-46,439873;"SPRF-DF";"DEL02-DF";"UOP03-DEL02-DF"
329766;2020-12-22;"terça-feira";"18:14:00";"PR";369;143,7;"LONDRINA";"Desobediência às normas de trânsito pelo condutor";"Colisão lateral";"Com Vítimas Feridas";"Pleno dia";"Decrescente";"Céu Claro";"Múltipla";"Curva";"Sim";2;0;1;0;1;0;1;2;-23,29298;-51,09637;"SPRF-PR";"DEL07-PR";"UOP01-DEL07-PR"
329767;2020-12-22;"terça-feira";"18:45:00";"PR";469;17;"FOZ DO IGUACU";"Não guardar distância de segurança";"Colisão traseira";"Com Vítimas Feridas";"Pleno dia";"Crescente";"Céu Claro";"Simples";"Reta";"Sim";2;0;1;0;0;1;1;2;-25,5906;-54,5172;"SPRF-PR";"DEL05-PR";"UOP04-DEL05-PR"
329769;2020-12-22;"terça-feira";"18:50:00";"RS";290;75;"GRAVATAI";"Desobediência às normas de trânsito pelo condutor";"Colisão transversal";"Com Vítimas Feridas";"Pleno dia";"Decrescente";"Céu Claro";"Múltipla";"Interseção de Vias";"Sim";3;0;1;0;2;0;1;2;-29,95521;-51,006855;"SPRF-RS";"DEL01-RS";"UOP01-DEL01-RS"
329772;2020-12-22;"terça-feira";"19:25:00";"CE";116;67,1;"CHOROZINHO";"Desobediência às normas de trânsito pelo condutor";"Colisão transversal";"Com Vítimas Feridas";"Plena Noite";"Crescente";"Céu Claro";"Simples";"Interseção de Vias";"Não";2;0;2;0;0;0;2;2;-4,3061949;-38,50142278;"SPRF-CE";"DEL03-CE";"UOP02-DEL03-CE"
329773;2020-12-22;"terça-feira";"19:30:00";"RN";101;96;"NATAL";"Falta de Atenção à Condução";"Colisão lateral";"Com Vítimas Feridas";"Pleno dia";"Decrescente";"Céu Claro";"Simples";"Reta";"Sim";2;0;1;0;1;0;1;2;-5,846217;-35,208218;"SPRF-RN";"DEL01-RN";"UOP01-DEL01-RN"
329774;2020-12-22;"terça-feira";"18:20:00";"RS";116;149,6;"CAXIAS DO SUL";"Ultrapassagem Indevida";"Colisão lateral";"Com Vítimas Feridas";"Amanhecer";"Crescente";"Céu Claro";"Dupla";"Reta;Interseção de Vias";"Sim";3;0;2;0;1;0;2;2;-29,15996905;-51,15645292;"SPRF-RS";"DEL05-RS";"UOP01-DEL05-RS"
329776;2020-12-22;"terça-feira";"18:50:00";"MG";381;496;"BETIM";"Ingestão de Álcool";"Colisão com objeto estático";"Sem Vítimas";"Plena Noite";"Decrescente";"Chuva";"Dupla";"Curva";"Sim";1;0;0;0;1;0;0;1;-19,99676497;-44,20958506;"SPRF-MG";"DEL01-MG";"UOP03-DEL01-MG"
329777;2020-12-22;"terça-feira";"13:50:00";"MG";381;676;"PERDOES";"Falta de Atenção à Condução";"Saída de leito carroçável";"Com Vítimas Feridas";"Pleno dia";"Crescente";"Céu Claro";"Dupla";"Reta";"Sim";1;0;1;0;0;0;1;1;-21,12375684;-45,09790729;"SPRF-MG";"DEL04-MG";"UOP02-DEL04-MG"
329778;2020-12-22;"terça-feira";"19:45:00";"BA";324;610;"SIMOES FILHO";"Falta de Atenção à Condução";"Colisão traseira";"Com Vítimas Feridas";"Plena Noite";"Decrescente";"Céu Claro";"Dupla";"Reta";"Não";3;0;1;0;2;0;1;2;-12,82931703;-38,41113193;"SPRF-BA";"DEL01-BA";"UOP01-DEL01-BA"
329779;2020-12-22;"terça-feira";"14:30:00";"RJ";101;543;"PARATY";"Velocidade Incompatível";"Saída de leito carroçável";"Com Vítimas Feridas";"Pleno dia";"Crescente";"Chuva";"Simples";"Reta";"Não";2;0;1;1;0;0;2;1;-23,04703884;-44,601273;"SPRF-RJ";"DEL03-RJ";"UOP02-DEL03-RJ"
329780;2020-12-22;"terça-feira";"19:35:00";"SC";470;56,2;"BLUMENAU";"Falta de Atenção à Condução";"Colisão transversal";"Com Vítimas Feridas";"Plena Noite";"Crescente";"Nublado";"Simples";"Reta";"Sim";2;0;1;0;1;0;1;2;-26,87674;-49,127743;"SPRF-SC";"DEL04-SC";"UOP01-DEL04-SC"
329784;2020-12-22;"terça-feira";"18:30:00";"SC";282;48;"AGUAS MORNAS";"Falta de Atenção à Condução";"Colisão traseira";"Sem Vítimas";"Anoitecer";"Decrescente";"Garoa/Chuvisco";"Simples";"Reta";"Não";2;0;0;0;1;1;0;2;-27,714352;-48,938072;"SPRF-SC";"DEL01-SC";"UOP03-DEL01-SC"
329785;2020-12-22;"terça-feira";"18:45:00";"SC";480;129,6;"CHAPECO";"Desobediência às normas de trânsito pelo condutor";"Colisão traseira";"Com Vítimas Feridas";"Pleno dia";"Crescente";"Céu Claro";"Simples";"Declive";"Sim";2;0;1;0;1;0;1;2;-27,04656607;-52,63577131;"SPRF-SC";"DEL07-SC";"UOP01-DEL07-SC"
329787;2020-12-22;"terça-feira";"18:58:00";"MT";174;289;"PONTES E LACERDA";"Desobediência às normas de trânsito pelo condutor";"Colisão transversal";"Com Vítimas Feridas";"Plena Noite";"Decrescente";"Céu Claro";"Simples";"Reta";"Sim";2;0;0;1;1;0;1;2;-15,249847;-59,311226;"SPRF-MT";"DEL04-MT";"UOP01-DEL04-MT"
329793;2020-12-22;"terça-feira";"20:40:00";"RJ";393;285,9;"VOLTA REDONDA";"Ingestão de Álcool";"Colisão transversal";"Com Vítimas Feridas";"Plena Noite";"Crescente";"Nublado";"Simples";"Retorno Regulamentado";"Sim";4;0;1;1;1;1;2;3;-22,49133996;-44,06505619;"SPRF-RJ";"DEL05-RJ";"UOP04-DEL05-RJ"
329794;2020-12-22;"terça-feira";"17:15:00";"BA";407;5,5;"JUAZEIRO";"Falta de Atenção à Condução";"Danos eventuais";"Com Vítimas Feridas";"Pleno dia";"Decrescente";"Céu Claro";"Simples";"Reta";"Sim";2;0;1;0;1;0;1;2;-9,44778544;-40,49043801;"SPRF-PE";"DEL06-PE";"UOP01-DEL06-PE"
329796;2020-12-22;"terça-feira";"21:00:00";"DF";70;3,5;"BRASILIA";"Ingestão de Álcool";"Colisão traseira";"Com Vítimas Feridas";"Plena Noite";"Crescente";"Chuva";"Dupla";"Reta";"Sim";2;0;1;0;1;0;1;2;-15,802453;-48,080387;"SPRF-DF";"DEL03-DF";"UOP02-DEL03-DF"
329797;2020-12-22;"terça-feira";"20:50:00";"CE";222;90;"UMIRIM";"Falta de Atenção do Pedestre";"Atropelamento de Pedestre";"Sem Vítimas";"Plena Noite";"Crescente";"Vento";"Simples";"Reta";"Não";2;0;0;0;0;2;0;2;-3,67800158;-39,34754409;"SPRF-CE";"DEL04-CE";"UOP03-DEL04-CE"
329798;2020-12-22;"terça-feira";"18:30:00";"MS";267;5;"BATAGUASSU";"Não guardar distância de segurança";"Colisão traseira";"Com Vítimas Feridas";"Anoitecer";"Crescente";"Nublado";"Simples";"Reta";"Não";6;0;4;0;2;0;4;2;-21,7451503;-52,20874786;"SPRF-MS";"DEL02-MS";"UOP04-DEL02-MS"
329800;2020-12-22;"terça-feira";"17:45:00";"SC";470;247,1;"CURITIBANOS";"Desobediência às normas de trânsito pelo condutor";"Colisão lateral";"Com Vítimas Feridas";"Pleno dia";"Decrescente";"Céu Claro";"Simples";"Interseção de Vias";"Sim";3;0;1;0;2;0;1;3;-27,31293745;-50,55882454;"SPRF-SC";"DEL05-SC";"UOP03-DEL05-SC"
329804;2020-12-22;"terça-feira";"20:30:00";"MG";40;549;"NOVA LIMA";"Objeto estático sobre o leito carroçável";"Colisão traseira";"Sem Vítimas";"Plena Noite";"Crescente";"Chuva";"Dupla";"Curva";"Sim";2;0;0;0;1;1;0;2;-20,03972326;-43,96703232;"SPRF-MG";"DEL01-MG";"UOP02-DEL01-MG"
329805;2020-12-22;"terça-feira";"17:05:00";"RO";435;123;"CEREJEIRAS";"Desobediência às normas de trânsito pelo condutor";"Colisão transversal";"Com Vítimas Feridas";"Pleno dia";"Crescente";"Nublado";"Dupla";"Reta";"Sim";2;0;1;1;0;0;2;2;-13,18896468;-60,81847787;"SPRF-RO";"DEL04-RO";"UOP02-DEL04-RO"
329806;2020-12-22;"terça-feira";"21:35:00";"SC";101;25,3;"JOINVILLE";"Falta de Atenção à Condução";"Colisão transversal";"Com Vítimas Feridas";"Plena Noite";"Crescente";"Garoa/Chuvisco";"Simples";"Interseção de Vias";"Sim";2;0;1;0;1;0;1;2;-26,1834739;-48,9105912;"SPRF-SC";"DEL03-SC";"UOP01-DEL03-SC"
329808;2020-12-22;"terça-feira";"21:15:00";"MS";163;487;"CAMPO GRANDE";"Falta de Atenção à Condução";"Colisão traseira";"Com Vítimas Feridas";"Plena Noite";"Crescente";"Céu Claro";"Simples";"Aclive;Reta";"Sim";2;0;0;1;0;1;1;2;-20,42493093;-54,54550758;"SPRF-MS";"DEL01-MS";"UOP02-DEL01-MS"
329810;2020-12-22;"terça-feira";"20:52:00";"MG";262;380;"JUATUBA";"Pista Escorregadia";"Capotamento";"Com Vítimas Feridas";"Plena Noite";"Crescente";"Chuva";"Dupla";"Reta";"Sim";2;0;1;0;1;0;1;1;-19,947864;-44,381226;"SPRF-MG";"DEL01-MG";"UOP03-DEL01-MG"
329812;2020-12-22;"terça-feira";"21:30:00";"AL";104;68,3;"MESSIAS";"Falta de Atenção à Condução";"Saída de leito carroçável";"Com Vítimas Fatais";"Plena Noite";"Crescente";"Céu Claro";"Simples";"Reta";"Não";1;1;0;0;0;0;0;1;-9,34924403;-35,87559016;"SPRF-AL";"DEL01-AL";"UOP02-DEL01-AL"
329814;2020-12-22;"terça-feira";"22:15:00";"RS";470;195;"BENTO GONCALVES";"Falta de Atenção do Pedestre";"Saída de leito carroçável";"Com Vítimas Feridas";"Plena Noite";"Decrescente";"Céu Claro";"Simples";"Curva";"Não";2;0;1;0;1;0;1;1;-29,05097073;-51,58205288;"SPRF-RS";"DEL06-RS";"UOP02-DEL06-RS"
329815;2020-12-22;"terça-feira";"22:20:00";"GO";50;146;"CAMPO ALEGRE DE GOIAS";"Velocidade Incompatível";"Saída de leito carroçável";"Com Vítimas Feridas";"Plena Noite";"Decrescente";"Chuva";"Dupla";"Reta";"Não";2;0;2;0;0;0;2;1;-17,1391;-47,7232;"SPRF-GO";"DEL06-GO";"UOP01-DEL06-GO"
329817;2020-12-22;"terça-feira";"19:45:00";"PR";163;38,9;"PRANCHITA";"Falta de Atenção à Condução";"Capotamento";"Com Vítimas Feridas";"Plena Noite";"Decrescente";"Céu Claro";"Simples";"Reta;Declive";"Não";1;0;0;1;0;0;1;1;-26,03699218;-53,73206019;"SPRF-PR";"DEL02-PR";"UOP02-DEL02-PR"
329818;2020-12-22;"terça-feira";"15:20:00";"RO";364;166;"PIMENTA BUENO";"Avarias e/ou desgaste excessivo no pneu";"Colisão com objeto estático";"Sem Vítimas";"Pleno dia";"Crescente";"Céu Claro";"Simples";"Reta";"Não";5;0;0;0;5;0;0;1;-11,87573612;-60,99448813;"SPRF-RO";"DEL02-RO";"UOP02-DEL02-RO"
329820;2020-12-22;"terça-feira";"18:30:00";"RJ";354;26;"RESENDE";"Desobediência às normas de trânsito pelo condutor";"Colisão lateral";"Com Vítimas Feridas";"Anoitecer";"Decrescente";"Chuva";"Simples";"Curva";"Sim";2;0;1;0;1;0;1;2;-22,501583;-44,669376;"SPRF-RJ";"DEL07-RJ";"UOP02-DEL07-RJ"
329821;2020-12-22;"terça-feira";"22:30:00";"PR";376;180,8;"MARINGA";"Falta de Atenção à Condução";"Colisão com objeto estático";"Com Vítimas Feridas";"Plena Noite";"Crescente";"Céu Claro";"Dupla";"Reta";"Sim";1;0;0;1;0;0;1;1;-23,42147143;-51,90654874;"SPRF-PR";"DEL09-PR";"UOP01-DEL09-PR"
329823;2020-12-22;"terça-feira";"23:45:00";"GO";20;59;"FORMOSA";"Falta de Atenção à Condução";"Saída de leito carroçável";"Sem Vítimas";"Plena Noite";"Crescente";"Garoa/Chuvisco";"Simples";"Curva";"Não";3;0;0;0;2;1;0;1;-15,25577;-47,165115;"SPRF-DF";"DEL02-DF";"UOP01-DEL02-DF"
329825;2020-12-22;"terça-feira";"22:50:00";"RO";364;259,1;"CACOAL";"Restrição de Visibilidade";"Colisão traseira";"Com Vítimas Feridas";"Plena Noite";"Decrescente";"Chuva";"Simples";"Reta";"Não";3;0;2;0;1;0;2;2;-11,41003349;-61,64883614;"SPRF-RO";"DEL02-RO";"UOP02-DEL02-RO"
329826;2020-12-22;"terça-feira";"22:50:00";"RJ";40;43;"AREAL";"Falta de Atenção à Condução";"Colisão com objeto estático";"Com Vítimas Feridas";"Plena Noite";"Crescente";"Chuva";"Dupla";"Curva";"Não";1;0;1;0;0;0;1;1;-22,265139;-43,108506;"SPRF-RJ";"DEL05-RJ";"UOP02-DEL05-RJ"
329827;2020-12-22;"terça-feira";"23:00:00";"RJ";116;237;"PIRAI";"Velocidade Incompatível";"Colisão lateral";"Com Vítimas Feridas";"Plena Noite";"Decrescente";"Chuva";"Dupla";"Curva";"Não";4;0;3;0;1;0;3;2;-22,62921354;-43,91154181;"SPRF-RJ";"DEL07-RJ";"UOP01-DEL07-RJ"
329831;2020-12-22;"terça-feira";"22:15:00";"RO";364;667;"CANDEIAS DO JAMARI";"Falta de Atenção à Condução";"Capotamento";"Sem Vítimas";"Plena Noite";"Crescente";"Céu Claro";"Dupla";"Reta";"Não";1;0;0;0;1;0;0;1;-8,775691;-63,479378;"SPRF-RO";"DEL01-RO";"UOP01-DEL01-RO"
329832;2020-12-23;"quarta-feira";"00:35:00";"MG";40;483,8;"SETE LAGOAS";"Falta de Atenção à Condução";"Saída de leito carroçável";"Sem Vítimas";"Plena Noite";"Decrescente";"Nevoeiro/Neblina";"Dupla";"Reta";"Não";1;0;0;0;1;0;0;1;-19,56753;-44,23715;"SPRF-MG";"DEL02-MG";"UOP01-DEL02-MG"
329834;2020-12-22;"terça-feira";"23:10:00";"PR";369;162,9;"CAMBE";"Falta de Atenção à Condução";"Colisão traseira";"Com Vítimas Feridas";"Plena Noite";"Decrescente";"Céu Claro";"Dupla";"Reta";"Não";3;0;1;0;2;0;1;2;-23,29690519;-51,27523184;"SPRF-PR";"DEL07-PR";"UOP01-DEL07-PR"
329835;2020-12-22;"terça-feira";"22:15:00";"MT";158;586,3;"AGUA BOA";"Falta de Atenção à Condução";"Saída de leito carroçável";"Com Vítimas Feridas";"Plena Noite";"Decrescente";"Garoa/Chuvisco";"Simples";"Curva";"Não";1;0;0;1;0;0;1;1;-14,20076094;-52,19166651;"SPRF-MT";"DEL07-MT";"UOP02-DEL07-MT"
329837;2020-12-23;"quarta-feira";"02:40:00";"RS";290;96;"PORTO ALEGRE";"Ingestão de Álcool";"Saída de leito carroçável";"Sem Vítimas";"Plena Noite";"Crescente";"Céu Claro";"Múltipla";"Reta";"Sim";1;0;0;0;0;1;0;1;-29,992107;-51,204525;"SPRF-RS";"DEL01-RS";"UOP01-DEL01-RS"
329838;2020-12-23;"quarta-feira";"01:20:00";"RO";319;64;"PORTO VELHO";"Desobediência às normas de trânsito pelo condutor";"Colisão transversal";"Com Vítimas Feridas";"Plena Noite";"Decrescente";"Nublado";"Dupla";"Interseção de Vias;Reta";"Sim";2;0;0;1;1;0;1;2;-8,767288;-63,883953;"SPRF-RO";"DEL01-RO";"UOP01-DEL01-RO"
329840;2020-12-22;"terça-feira";"23:20:00";"MT";364;209;"RONDONOPOLIS";"Falta de Atenção à Condução";"Colisão com objeto estático";"Com Vítimas Feridas";"Plena Noite";"Crescente";"Céu Claro";"Dupla";"Reta";"Sim";1;0;0;1;0;0;1;1;-16,43621099;-54,68287599;"SPRF-MT";"DEL02-MT";"UOP01-DEL02-MT"
329841;2020-12-23;"quarta-feira";"03:00:00";"SP";116;269;"TABOAO DA SERRA";"Desobediência às normas de trânsito pelo condutor";"Colisão transversal";"Sem Vítimas";"Plena Noite";"Crescente";"Nublado";"Dupla";"Interseção de Vias";"Sim";3;0;0;0;3;0;0;2;-23,60877428;-46,75585985;"SPRF-SP";"DEL04-SP";"UOP01-DEL04-SP"
329848;2020-12-22;"terça-feira";"23:30:00";"RJ";101;318,4;"SAO GONCALO";"Defeito Mecânico no Veículo";"Colisão com objeto estático";"Com Vítimas Feridas";"Plena Noite";"Crescente";"Chuva";"Dupla";"Reta";"Não";1;0;1;0;0;0;1;1;-22,84562994;-43,09841211;"SPRF-RJ";"DEL02-RJ";"UOP02-DEL02-RJ"
329853;2020-12-23;"quarta-feira";"06:40:00";"RS";116;527;"PELOTAS";"Falta de Atenção à Condução";"Colisão transversal";"Com Vítimas Feridas";"Pleno dia";"Decrescente";"Céu Claro";"Dupla";"Reta";"Sim";2;0;1;0;1;0;1;2;-31,7470243;-52,40899728;"SPRF-RS";"DEL07-RS";"UOP01-DEL07-RS"
329854;2020-12-23;"quarta-feira";"06:00:00";"ES";101;395,5;"RIO NOVO DO SUL";"Falta de Atenção à Condução";"Colisão traseira";"Com Vítimas Feridas";"Pleno dia";"Decrescente";"Chuva";"Simples";"Curva";"Sim";2;0;1;0;0;1;1;2;-20,86594262;-40,93257592;"SPRF-ES";"DEL03-ES";"UOP02-DEL03-ES"