"id";"data_inversa";"dia_semana";"horario";"uf";"br";"km";"municipio";"causa_acidente";"tipo_acidente";"classificacao_acidente";"fase_dia";"sentido_via";"condicao_metereologica";"tipo_pista";"tracado_via";"uso_solo";"pessoas";"mortos";"feridos_leves";"feridos_graves";"ilesos";"ignorados";"feridos";"veiculos";"latitude";"longitude";"regional";"delegacia";"uop"
329855;2020-12-23;"quarta-feira";"05:30:00";"MG";381;272;"CORONEL FABRICIANO";"Condutor Dormindo";"Saída de leito carroçável";"Com Vítimas Feridas";"Amanhecer";"Crescente";"Chuva";"Simples";"Curva";"Não";3;0;3;0;0;0;3;1;-19,55977294;-42,71016637;"SPRF-MG";"DEL03-MG";"UOP02-DEL03-MG"
329856;2020-12-23;"quarta-feira";"05:30:00";"RJ";101;195;"CASIMIRO DE ABREU";"Falta de Atenção à Condução";"Saída de leito carroçável";"Com Vítimas Feridas";"Amanhecer";"Crescente";"Nublado";"Dupla";"Curva";"Não";3;0;2;0;1;0;2;1;-22,49220783;-42,10020136;"SPRF-RJ";"DEL08-RJ";"UOP04-DEL08-RJ"
329857;2020-12-23;"quarta-feira";"06:00:00";"ES";101;362,1;"ANCHIETA";"Condutor Dormindo";"Saída de leito carroçável";"Com Vítimas Feridas";"Amanhecer";"Decrescente";"Chuva";"Simples";"Curva";"Não";4;0;1;0;3;0;1;1;-20,73467383;-40,75211417;"SPRF-ES";"DEL03-ES";"UOP01-DEL03-ES"
329862;2020-12-23;"quarta-feira";"06:20:00";"GO";20;3,5;"FORMOSA";"Não guardar distância de segurança";"Colisão traseira";"Com Vítimas Feridas";"Pleno dia";"Decrescente";"Garoa/Chuvisco";"Dupla";"Declive";"Sim";3;0;1;0;1;1;1;2;-15,567487;-47,320309;"SPRF-DF";"DEL02-DF";"UOP01-DEL02-DF"
329863;2020-12-23;"quarta-feira";"07:10:00";"MG";116;702,4;"MURIAE";"Velocidade Incompatível";"Colisão frontal";"Com Vítimas Feridas";"Pleno dia";"Crescente";"Garoa/Chuvisco";"Simples";"Curva";"Não";3;0;3;0;0;0;3;3;-21,11938311;-42,38006362;"SPRF-MG";"DEL07-MG";"UOP02-DEL07-MG"
329865;2020-12-23;"quarta-feira";"06:00:00";"MT";163;845,5;"SINOP";"Não guardar distância de segurança";"Colisão traseira";"Com Vítimas Fatais";"Amanhecer";"Decrescente";"Nublado";"Simples";"Reta";"Sim";27;1;0;0;25;1;0;3;-11,7680265;-55,47105268;"SPRF-MT";"DEL06-MT";"NPF/DEL06-MT"
329866;2020-12-23;"quarta-feira";"07:10:00";"SE";235;47,4;"ITABAIANA";"Defeito na Via";"Tombamento";"Com Vítimas Feridas";"Pleno dia";"Decrescente";"Céu Claro";"Simples";"Reta";"Não";1;0;0;1;0;0;1;1;-10,731889;-37,411335;"SPRF-SE";"DEL01-SE";"UOP02-DEL01-SE"
329867;2020-12-23;"quarta-feira";"06:32:00";"MS";262;673;"CORUMBA";"Defeito na Via";"Saída de leito carroçável";"Com Vítimas Feridas";"Pleno dia";"Decrescente";"Céu Claro";"Simples";"Reta";"Não";2;0;2;0;0;0;2;1;-19,590571;-57,141532;"SPRF-MS";"DEL03-MS";"UOP03-DEL03-MS"
329868;2020-12-23;"quarta-feira";"05:50:00";"SC";101;300,9;"LAGUNA";"Velocidade Incompatível";"Colisão com objeto estático";"Com Vítimas Feridas";"Pleno dia";"Decrescente";"Céu Claro";"Dupla";"Reta";"Não";5;0;2;3;0;0;5;1;-28,336977;-48,732777;"SPRF-SC";"DEL02-SC";"UOP03-DEL02-SC"
329870;2020-12-23;"quarta-feira";"07:50:00";"RJ";116;137;"MAGE";"Não guardar distância de segurança";"Colisão lateral";"Com Vítimas Feridas";"Pleno dia";"Crescente";"Garoa/Chuvisco";"Dupla";"Reta";"Sim";2;0;1;0;0;1;1;2;-22,64791994;-43,18200799;"SPRF-RJ";"DEL04-RJ";"UOP02-DEL04-RJ"
329871;2020-12-23;"quarta-feira";"07:45:00";"PB";230;28;"JOAO PESSOA";"Falta de Atenção à Condução";"Queda de ocupante de veículo";"Com Vítimas Feridas";"Pleno dia";"Crescente";"Céu Claro";"Dupla";"Viaduto";"Não";1;0;1;0;0;0;1;1;-7,1651;-34,8941;"SPRF-PB";"DEL01-PB";"UOP01-DEL01-PB"
329875;2020-12-23;"quarta-feira";"08:20:00";"PE";232;5,4;"RECIFE";"Falta de Atenção à Condução";"Colisão traseira";"Com Vítimas Feridas";"Pleno dia";"Decrescente";"Céu Claro";"Dupla";"Reta";"Sim";2;0;1;0;1;0;1;2;-8,06795766;-34,94535414;"SPRF-PE";"DEL01-PE";"UOP01-DEL01-PE"
329876;2020-12-23;"quarta-feira";"07:20:00";"PR";153;459,5;"UNIAO DA VITORIA";"Não guardar distância de segurança";"Colisão traseira";"Sem Vítimas";"Pleno dia";"Crescente";"Garoa/Chuvisco";"Simples";"Reta";"Não";2;0;0;0;2;0;0;2;-26,138939;-51,08575;"SPRF-PR";"DEL02-PR";"UOP03-DEL02-PR"
329877;2020-12-23;"quarta-feira";"06:40:00";"PI";343;184;"PIRIPIRI";"Desobediência às normas de trânsito pelo condutor";"Colisão transversal";"Com Vítimas Feridas";"Pleno dia";"Crescente";"Céu Claro";"Simples";"Rotatória";"Sim";3;0;2;0;1;0;2;2;-4,272144;-41,761505;"SPRF-PI";"DEL02-PI";"UOP01-DEL02-PI"
329879;2020-12-23;"quarta-feira";"08:15:00";"PB";101;83;"BAYEUX";"Falta de Atenção à Condução";"Colisão traseira";"Com Vítimas Feridas";"Pleno dia";"Crescente";"Sol";"Dupla";"Aclive";"Sim";4;0;1;1;2;0;2;2;-7,13137272;-34,93270397;"SPRF-PB";"DEL01-PB";"UOP01-DEL01-PB"
329880;2020-12-23;"quarta-feira";"06:20:00";"RO";364;714;"PORTO VELHO";"Falta de Atenção à Condução";"Colisão com objeto estático";"Com Vítimas Fatais";"Amanhecer";"Decrescente";"Céu Claro";"Dupla";"Reta";"Sim";1;1;0;0;0;0;0;1;-8,776752;-63,888755;"SPRF-RO";"DEL01-RO";"UOP01-DEL01-RO"
329882;2020-12-23;"quarta-feira";"07:45:00";"RS";158;0,2;"SANTANA DO LIVRAMENTO";"Falta de Atenção à Condução";"Colisão traseira";"Com Vítimas Feridas";"Pleno dia";"Crescente";"Céu Claro";"Simples";"Reta";"Sim";3;0;1;0;2;0;1;2;-30,8765186;-55,51425934;"SPRF-RS";"DEL08-RS";"UOP02-DEL08-RS"
329883;2020-12-23;"quarta-feira";"00:30:00";"MG";381;540,2;"ITATIAIUCU";"Velocidade Incompatível";"Saída de leito carroçável";"Com Vítimas Feridas";"Plena Noite";"Decrescente";"Chuva";"Dupla";"Curva;Declive";"Não";5;0;2;0;3;0;2;1;-20,23025;-44,397172;"SPRF-MG";"DEL04-MG";"UOP03-DEL04-MG"
329884;2020-12-23;"quarta-feira";"07:20:00";"MG";381;584;"CARMOPOLIS DE MINAS";"Velocidade Incompatível";"Colisão com objeto estático";"Com Vítimas Feridas";"Pleno dia";"Decrescente";"Garoa/Chuvisco";"Dupla";"Curva";"Não";4;0;2;0;2;0;2;1;-20,52949002;-44,63874994;"SPRF-MG";"DEL04-MG";"UOP01-DEL04-MG"
329885;2020-12-23;"quarta-feira";"08:20:00";"ES";101;284,7;"CARIACICA";"Falta de Atenção à Condução";"Colisão com objeto estático";"Com Vítimas Feridas";"Pleno dia";"Decrescente";"Nublado";"Dupla";"Declive";"Não";1;0;1;0;0;0;1;1;-20,24334991;-40,3696926;"SPRF-ES";"DEL01-ES";"UOP01-DEL01-ES"
329887;2020-12-23;"quarta-feira";"06:45:00";"SP";116;217;"GUARULHOS";"Falta de Atenção do Pedestre";"Atropelamento de Pedestre";"Com Vítimas Feridas";"Pleno dia";"Decrescente";"Nublado";"Múltipla";"Interseção de Vias";"Sim";2;0;1;0;1;0;1;2;-23,45606706;-46,47548134;"SPRF-SP";"DEL01-SP";"UOP01-DEL01-SP"
329891;2020-12-23;"quarta-feira";"09:00:00";"SC";101;197,2;"BIGUACU";"Falta de Atenção à Condução";"Colisão traseira";"Com Vítimas Feridas";"Pleno dia";"Crescente";"Céu Claro";"Dupla";"Reta";"Não";2;0;1;0;1;0;1;2;-27,51844497;-48,63848496;"SPRF-SC";"DEL01-SC";"UOP01-DEL01-SC"
329893;2020-09-19;"sábado";"15:00:00";"PI";135;406;"REDENCAO DO GURGUEIA";"Defeito na Via";"Saída de leito carroçável";"Com Vítimas Feridas";"Pleno dia";"Decrescente";"Céu Claro";"Simples";"Reta";"Não";3;0;1;0;2;0;1;1;-9,4537061;-44,59503769;"SPRF-PI";"DEL03-PI";"UOP02-DEL03-PI"
329894;2020-12-20;"domingo";"07:00:00";"SE";101;202;"CRISTINAPOLIS";"Falta de Atenção à Condução";"Saída de leito carroçável";"Com Vítimas Feridas";"Amanhecer";"Decrescente";"Céu Claro";"Simples";"Reta";"Não";1;0;1;0;0;0;1;1;-11,4968367;-37,78079941;"SPRF-SE";"DEL02-SE";"UOP03-DEL02-SE"
329898;2020-12-23;"quarta-feira";"07:30:00";"MT";70;663;"CACERES";"Pista Escorregadia";"Saída de leito carroçável";"Sem Vítimas";"Pleno dia";"Decrescente";"Chuva";"Simples";"Curva";"Não";1;0;0;0;1;0;0;1;-16,06544435;-57,27172852;"SPRF-MT";"DEL03-MT";"UOP02-DEL03-MT"
329900;2020-12-23;"quarta-feira";"09:35:00";"RJ";116;181;"NOVA IGUACU";"Falta de Atenção à Condução";"Colisão lateral";"Com Vítimas Feridas";"Pleno dia";"Decrescente";"Nublado";"Múltipla";"Reta";"Sim";2;0;1;0;1;0;1;2;-22,761312;-43,423492;"SPRF-RJ";"DEL01-RJ";"UOP02-DEL01-RJ"
329903;2020-12-23;"quarta-feira";"09:30:00";"PE";101;101;"CABO DE SANTO AGOSTINHO";"Falta de Atenção do Pedestre";"Atropelamento de Pedestre";"Sem Vítimas";"Pleno dia";"Decrescente";"Céu Claro";"Simples";"Reta";"Sim";2;0;0;0;1;1;0;2;-8,28825709;-35,04044294;"SPRF-PE";"DEL01-PE";"UOP03-DEL01-PE"
329905;2020-12-19;"sábado";"12:25:00";"RS";386;360,1;"ESTRELA";"Defeito Mecânico no Veículo";"Saída de leito carroçável";"Com Vítimas Feridas";"Pleno dia";"Decrescente";"Chuva";"Dupla";"Curva";"Não";2;0;2;0;0;0;2;1;-29,5476;-51,908142;"SPRF-RS";"DEL04-RS";"UOP02-DEL04-RS"
329906;2020-12-22;"terça-feira";"00:30:00";"SC";470;32;"GASPAR";"Falta de Atenção à Condução";"Saída de leito carroçável";"Com Vítimas Feridas";"Plena Noite";"Crescente";"Céu Claro";"Dupla";"Reta";"Não";1;0;1;0;0;0;1;1;-26,901793;-48,931812;"SPRF-SC";"DEL04-SC";"UOP01-DEL04-SC"
329910;2020-12-23;"quarta-feira";"08:00:00";"GO";60;300;"ACREUNA";"Pista Escorregadia";"Saída de leito carroçável";"Com Vítimas Feridas";"Pleno dia";"Crescente";"Garoa/Chuvisco";"Dupla";"Curva";"Não";1;0;1;0;0;0;1;1;-17,3646;-50,3363;"SPRF-GO";"DEL04-GO";"UOP01-DEL04-GO"
329911;2020-12-23;"quarta-feira";"10:45:00";"PR";369;38;"ANDIRA";"Falta de Atenção à Condução";"Colisão transversal";"Com Vítimas Feridas";"Pleno dia";"Crescente";"Céu Claro";"Simples";"Curva;Declive;Interseção de Vias";"Sim";2;0;1;1;0;0;2;2;-23,04865979;-50,23688167;"SPRF-PR";"DEL07-PR";"UOP01-DEL07-PR"
329912;2020-12-23;"quarta-feira";"09:00:00";"BA";324;613;"SALVADOR";"Não guardar distância de segurança";"Engavetamento";"Com Vítimas Feridas";"Pleno dia";"Crescente";"Sol";"Dupla";"Reta";"Sim";2;0;1;0;1;0;1;2;-12,85531601;-38,42055197;"SPRF-BA";"DEL01-BA";"UOP01-DEL01-BA"
329914;2020-12-23;"quarta-feira";"09:30:00";"PI";316;162,4;"ELESBAO VELOSO";"Desobediência às normas de trânsito pelo condutor";"Saída de leito carroçável";"Com Vítimas Feridas";"Pleno dia";"Crescente";"Chuva";"Simples";"Reta";"Não";4;0;2;0;2;0;2;1;-6,20509297;-42,10597498;"SPRF-PI";"DEL04-PI";"UOP02-DEL04-PI"
329915;2020-12-23;"quarta-feira";"10:20:00";"RS";290;4;"OSORIO";"Falta de Atenção à Condução";"Saída de leito carroçável";"Com Vítimas Feridas";"Pleno dia";"Decrescente";"Céu Claro";"Dupla";"Reta";"Não";3;0;2;0;1;0;2;1;-29,898134;-50,31419;"SPRF-RS";"DEL03-RS";"UOP01-DEL03-RS"
329916;2020-12-23;"quarta-feira";"09:43:00";"MT";364;273,2;"JACIARA";"Falta de Atenção à Condução";"Colisão transversal";"Com Vítimas Feridas";"Pleno dia";"Crescente";"Céu Claro";"Dupla";"Retorno Regulamentado";"Sim";2;0;2;0;0;0;2;2;-15,96077957;-54,96772983;"SPRF-MT";"DEL02-MT";"UOP01-DEL02-MT"
329917;2020-12-23;"quarta-feira";"10:05:00";"SC";470;141,5;"RIO DO SUL";"Não guardar distância de segurança";"Colisão traseira";"Com Vítimas Feridas";"Pleno dia";"Crescente";"Céu Claro";"Simples";"Reta;Aclive";"Não";3;0;1;0;2;0;1;3;-27,226065;-49,666161;"SPRF-SC";"DEL04-SC";"UOP02-DEL04-SC"
329919;2020-12-23;"quarta-feira";"09:40:00";"MG";116;224,5;"CATUJI";"Velocidade Incompatível";"Saída de leito carroçável";"Com Vítimas Feridas";"Pleno dia";"Decrescente";"Sol";"Simples";"Curva";"Não";3;0;2;0;1;0;2;1;-17,4396431;-41,51145911;"SPRF-MG";"DEL11-MG";"UOP01-DEL11-MG"
329920;2020-12-23;"quarta-feira";"11:35:00";"BA";101;503;"ITABUNA";"Desobediência às normas de trânsito pelo condutor";"Colisão transversal";"Com Vítimas Feridas";"Pleno dia";"Crescente";"Sol";"Simples";"Aclive;Reta";"Sim";3;0;1;0;2;0;1;2;-14,776296;-39,288353;"SPRF-BA";"DEL05-BA";"UOP01-DEL05-BA"
329921;2020-12-23;"quarta-feira";"08:15:00";"GO";20;243,5;"POSSE";"Ultrapassagem Indevida";"Colisão frontal";"Com Vítimas Feridas";"Pleno dia";"Decrescente";"Céu Claro";"Simples";"Declive";"Não";6;0;4;1;1;0;5;2;-14,023096;-46,232777;"SPRF-DF";"DEL02-DF";"UOP03-DEL02-DF"
329923;2020-12-23;"quarta-feira";"11:30:00";"RS";116;263,8;"CANOAS";"Falta de Atenção à Condução";"Colisão lateral";"Com Vítimas Feridas";"Pleno dia";"Crescente";"Céu Claro";"Múltipla";"Reta";"Sim";2;0;1;0;1;0;1;2;-29,90545398;-51,17674031;"SPRF-RS";"DEL01-RS";"UOP01-DEL01-RS"
329924;2020-12-23;"quarta-feira";"10:20:00";"PR";277;154,5;"PALMEIRA";"Mal Súbito";"Saída de leito carroçável";"Com Vítimas Feridas";"Pleno dia";"Crescente";"Nublado";"Simples";"Reta";"Não";3;0;3;0;0;0;3;1;-25,47289;-49,895964;"SPRF-PR";"DEL01-PR";"UOP03-DEL03-PR"
329927;2020-12-23;"quarta-feira";"12:20:00";"ES";101;383,5;"RIO NOVO DO SUL";"Velocidade Incompatível";"Colisão frontal";"Com Vítimas Feridas";"Pleno dia";"Decrescente";"Chuva";"Simples";"Curva";"Não";3;0;2;0;0;1;2;3;-20,82532924;-40,85473381;"SPRF-ES";"DEL03-ES";"UOP01-DEL03-ES"
329930;2020-12-23;"quarta-feira";"12:00:00";"GO";50;165,6;"CAMPO ALEGRE DE GOIAS";"Falta de Atenção à Condução";"Saída de leito carroçável";"Com Vítimas Feridas";"Pleno dia";"Decrescente";"Chuva";"Dupla";"Curva";"Não";1;0;1;0;0;0;1;1;-17,2961;-47,7569;"SPRF-GO";"DEL06-GO";"UOP01-DEL06-GO"
329931;2020-12-23;"quarta-feira";"12:30:00";"RS";392;352,8;"SANTA MARIA";"Falta de Atenção à Condução";"Colisão transversal";"Com Vítimas Feridas";"Pleno dia";"Decrescente";"Céu Claro";"Simples";"Em Obras";"Sim";2;0;1;0;1;0;1;2;-29,720404;-53,807632;"SPRF-RS";"DEL09-RS";"UOP01-DEL09-RS"
329933;2020-12-23;"quarta-feira";"12:00:00";"CE";222;6,6;"CAUCAIA";"Falta de Atenção à Condução";"Capotamento";"Com Vítimas Feridas";"Pleno dia";"Decrescente";"Céu Claro";"Dupla";"Reta";"Sim";3;0;1;1;1;0;2;1;-3,74539216;-38,62188041;"SPRF-CE";"DEL01-CE";"UOP01-DEL01-CE"
329934;2020-12-23;"quarta-feira";"10:00:00";"MT";364;339;"SANTO ANTONIO DO LEVERGER";"Defeito Mecânico no Veículo";"Saída de leito carroçável";"Com Vítimas Feridas";"Pleno dia";"Decrescente";"Nublado";"Dupla";"Declive";"Não";3;0;3;0;0;0;3;1;-15,83711384;-55,48560703;"SPRF-MT";"DEL05-MT";"UOP02-DEL05-MT"
329936;2020-12-23;"quarta-feira";"11:40:00";"SC";280;46;"GUARAMIRIM";"Falta de Atenção à Condução";"Colisão transversal";"Com Vítimas Feridas";"Pleno dia";"Decrescente";"Céu Claro";"Simples";"Reta";"Não";2;0;1;0;1;0;1;2;-26,45295055;-48,90788103;"SPRF-SC";"DEL03-SC";"UOP03-DEL03-SC"
329937;2020-12-23;"quarta-feira";"07:00:00";"MG";262;490;"BOM DESPACHO";"Não guardar distância de segurança";"Saída de leito carroçável";"Com Vítimas Feridas";"Pleno dia";"Crescente";"Chuva";"Simples";"Ponte";"Não";3;0;3;0;0;0;3;1;-19,78273683;-45,34197299;"SPRF-MG";"DEL08-MG";"UOP03-DEL08-MG"
329938;2020-12-23;"quarta-feira";"13:00:00";"SC";101;61;"ARAQUARI";"Falta de Atenção à Condução";"Colisão com objeto estático";"Com Vítimas Feridas";"Pleno dia";"Crescente";"Nublado";"Dupla";"Curva";"Não";1;0;1;0;0;0;1;1;-26,45474174;-48,77699195;"SPRF-SC";"DEL03-SC";"UOP02-DEL03-SC"
329939;2020-12-23;"quarta-feira";"10:00:00";"MG";262;363;"JUATUBA";"Falta de Atenção à Condução";"Tombamento";"Sem Vítimas";"Pleno dia";"Decrescente";"Chuva";"Dupla";"Reta";"Sim";1;0;0;0;0;1;0;1;-19,97318745;-44,30116653;"SPRF-MG";"DEL01-MG";"UOP03-DEL01-MG"
329940;2020-12-23;"quarta-feira";"11:35:00";"RO";364;15;"VILHENA";"Desobediência às normas de trânsito pelo condutor";"Colisão transversal";"Com Vítimas Feridas";"Pleno dia";"Crescente";"Céu Claro";"Simples";"Interseção de Vias";"Sim";2;0;0;2;0;0;2;2;-12,73672751;-60,14804088;"SPRF-RO";"DEL04-RO";"UOP01-DEL04-RO"
329941;2020-12-23;"quarta-feira";"11:30:00";"SC";101;296,7;"IMBITUBA";"Animais na Pista";"Atropelamento de Animal";"Com Vítimas Feridas";"Pleno dia";"Crescente";"Sol";"Simples";"Reta";"Sim";1;0;1;0;0;0;1;1;-28,33622583;-48,73305988;"SPRF-SC";"DEL02-SC";"UOP03-DEL02-SC"
329942;2020-12-20;"domingo";"06:00:00";"AL";101;237;"PORTO REAL DO COLEGIO";"Falta de Atenção à Condução";"Capotamento";"Sem Vítimas";"Pleno dia";"Decrescente";"Céu Claro";"Dupla";"Reta";"Não";1;0;0;0;0;1;0;1;-10,12581999;-36,789833;"SPRF-AL";"DEL02-AL";"UOP02-DEL02-AL"
329943;2020-12-23;"quarta-feira";"13:05:00";"RS";116;423;"CRISTAL";"Falta de Atenção à Condução";"Colisão traseira";"Com Vítimas Feridas";"Pleno dia";"Crescente";"Céu Claro";"Simples";"Reta";"Não";2;0;0;1;1;0;1;2;-30,97350693;-52,00383003;"SPRF-RS";"DEL02-RS";"UOP02-DEL02-RS"
329945;2020-12-23;"quarta-feira";"13:30:00";"SC";101;99;"BALNEARIO PICARRAS";"Condutor Dormindo";"Colisão transversal";"Com Vítimas Feridas";"Pleno dia";"Crescente";"Chuva";"Dupla";"Reta";"Não";3;0;2;1;0;0;3;2;-26,7471002;-48,69654831;"SPRF-SC";"DEL03-SC";"UOP02-DEL03-SC"
329946;2020-12-23;"quarta-feira";"13:00:00";"MG";40;34;"PARACATU";"Pista Escorregadia";"Saída de leito carroçável";"Com Vítimas Feridas";"Pleno dia";"Decrescente";"Chuva";"Dupla";"Curva";"Não";4;0;1;0;3;0;1;1;-17,18867389;-46,92301984;"SPRF-MG";"DEL14-MG";"UOP01-DEL14-MG"
329947;2020-12-23;"quarta-feira";"14:10:00";"CE";222;31;"CAUCAIA";"Falta de Atenção do Pedestre";"Atropelamento de Pedestre";"Com Vítimas Feridas";"Pleno dia";"Crescente";"Céu Claro";"Simples";"Reta";"Sim";2;0;2;0;0;0;2;2;-3,71019947;-38,82872412;"SPRF-CE";"DEL01-CE";"UOP01-DEL01-CE"
329949;2020-12-23;"quarta-feira";"14:10:00";"RS";392;74,6;"PELOTAS";"Falta de Atenção à Condução";"Colisão transversal";"Com Vítimas Feridas";"Pleno dia";"Crescente";"Céu Claro";"Simples";"Reta";"Não";2;0;1;0;1;0;1;2;-31,70783921;-52,40358613;"SPRF-RS";"DEL07-RS";"UOP01-DEL07-RS"
329950;2020-12-23;"quarta-feira";"11:37:00";"PR";376;456,8;"TIBAGI";"Não guardar distância de segurança";"Colisão traseira";"Com Vítimas Feridas";"Pleno dia";"Crescente";"Nublado";"Dupla";"Reta";"Não";2;0;1;0;1;0;1;2;-24,92284342;-50,40988239;"SPRF-PR";"DEL03-PR";"UOP04-DEL03-PR"
329951;2020-07-02;"quinta-feira";"16:10:00";"RJ";116;167;"SAO JOAO DE MERITI";"Não guardar distância de segurança";"Queda de ocupante de veículo";"Com Vítimas Feridas";"Pleno dia";"Crescente";"Céu Claro";"Múltipla";"Reta";"Sim";1;0;1;0;0;0;1;1;-22,80262586;-43,34867656;"SPRF-RJ";"DEL01-RJ";"UOP01-DEL01-RJ"
329953;2020-12-23;"quarta-feira";"14:38:00";"SP";116;35,9;"CACHOEIRA PAULISTA";"Avarias e/ou desgaste excessivo no pneu";"Tombamento";"Com Vítimas Feridas";"Pleno dia";"Crescente";"Nublado";"Dupla";"Aclive";"Não";4;0;2;0;0;2;2;2;-22,65892521;-44,96708995;"SPRF-SP";"DEL08-SP";"UOP02-DEL08-SP"
329954;2020-12-23;"quarta-feira";"13:10:00";"MT";163;520;"DIAMANTINO";"Pista Escorregadia";"Saída de leito carroçável";"Com Vítimas Feridas";"Pleno dia";"Crescente";"Garoa/Chuvisco";"Simples";"Reta";"Não";2;0;2;0;0;0;2;1;-14,51575087;-56,21122011;"SPRF-MT";"DEL01-MT";"UOP01-DEL01-MT"
329956;2020-12-23;"quarta-feira";"14:10:00";"RN";304;112,5;"ACU";"Falta de Atenção à Condução";"Colisão transversal";"Com Vítimas Feridas";"Pleno dia";"Decrescente";"Céu Claro";"Simples";"Interseção de Vias";"Não";5;0;3;0;2;0;3;3;-5,60182065;-36,92122032;"SPRF-RN";"DEL04-RN";"UOP01-DEL04-RN"
329957;2020-12-11;"sexta-feira";"17:40:00";"PR";369;177,2;"ROLANDIA";"Pista Escorregadia";"Colisão com objeto estático";"Sem Vítimas";"Pleno dia";"Decrescente";"Chuva";"Dupla";"Curva";"Não";1;0;0;0;1;0;0;1;-23,34953309;-51,38640672;"SPRF-PR";"DEL07-PR";"UOP01-DEL07-PR"
329958;2020-12-23;"quarta-feira";"13:30:00";"BA";101;136;"TEODORO SAMPAIO";"Falta de Atenção à Condução";"Colisão transversal";"Com Vítimas Feridas";"Pleno dia";"Decrescente";"Céu Claro";"Simples";"Reta";"Não";3;0;1;0;2;0;1;2;-12,26146936;-38,65505285;"SPRF-BA";"DEL01-BA";"UOP04-DEL01-BA"
329959;2020-12-23;"quarta-feira";"14:20:00";"DF";20;11,8;"BRASILIA";"Desobediência às normas de trânsito pelo condutor";"Colisão transversal";"Com Vítimas Feridas";"Pleno dia";"Crescente";"Céu Claro";"Dupla";"Retorno Regulamentado";"Sim";3;0;1;0;2;0;1;2;-15,64654;-47,766422;"SPRF-DF";"DEL02-DF";"UOP01-DEL02-DF"
329962;2020-12-23;"quarta-feira";"13:55:00";"PR";277;580;"CASCAVEL";"Falta de Atenção à Condução";"Colisão traseira";"Com Vítimas Feridas";"Pleno dia";"Decrescente";"Céu Claro";"Dupla";"Reta";"Não";4;0;1;0;3;0;1;2;-24,984741;-53,368952;"SPRF-PR";"DEL04-PR";"UOP01-DEL04-PR"
329964;2020-12-23;"quarta-feira";"15:30:00";"SP";101;48,5;"UBATUBA";"Ingestão de Álcool";"Colisão traseira";"Com Vítimas Feridas";"Pleno dia";"Crescente";"Garoa/Chuvisco";"Simples";"Reta";"Sim";2;0;1;0;1;0;1;2;-23,44475781;-45,08303583;"SPRF-SP";"DEL06-SP";"UOP01-DEL06-SP"
329965;2020-12-23;"quarta-feira";"13:20:00";"RS";386;282,9;"SAO JOSE DO HERVAL";"Defeito Mecânico no Veículo";"Incêndio";"Sem Vítimas";"Pleno dia";"Decrescente";"Céu Claro";"Simples";"Reta";"Não";1;0;0;0;0;1;0;1;-29,03581;-52,298683;"SPRF-RS";"DEL04-RS";"UOP03-DEL04-RS"
329966;2020-12-23;"quarta-feira";"13:45:00";"RN";304;32,3;"MOSSORO";"Falta de Atenção à Condução";"Colisão traseira";"Sem Vítimas";"Pleno dia";"Decrescente";"Céu Claro";"Dupla";"Reta";"Sim";3;0;0;0;3;0;0;2;-5,13699655;-37,34529918;"SPRF-RN";"DEL04-RN";"UOP02-DEL04-RN"
329968;2020-12-23;"quarta-feira";"14:55:00";"GO";153;9;"PORANGATU";"Ausência de reação do condutor";"Saída de leito carroçável";"Com Vítimas Fatais";"Pleno dia";"Decrescente";"Sol";"Simples";"Reta";"Não";3;2;0;0;1;0;0;1;-12,912772;-49,120422;"SPRF-GO";"DEL07-GO";"UOP01-DEL07-GO"
329969;2020-08-01;"sábado";"15:30:00";"PI";316;299;"PICOS";"Falta de Atenção à Condução";"Colisão traseira";"Com Vítimas Feridas";"Pleno dia";"Decrescente";"Sol";"Simples";"Reta";"Sim";2;0;1;0;0;1;1;2;-7,03649583;-41,55366988;"SPRF-PI";"DEL04-PI";"UOP01-DEL04-PI"
329970;2020-12-23;"quarta-feira";"14:23:00";"PR";153;46;"SANTO ANTONIO DA PLATINA";"Fenômenos da Natureza";"Colisão com objeto em movimento";"Com Vítimas Feridas";"Pleno dia";"Decrescente";"Céu Claro";"Simples";"Reta";"Não";2;0;1;0;1;0;1;1;-23,32838307;-50,06643649;"SPRF-PR";"DEL07-PR";"UOP04-DEL07-PR"
329972;2020-12-23;"quarta-feira";"12:00:00";"MT";158;693,9;"BARRA DO GARCAS";"Falta de Atenção à Condução";"Saída de leito carroçável";"Com Vítimas Feridas";"Pleno dia";"Decrescente";"Chuva";"Simples";"Curva";"Não";1;0;1;0;0;0;1;1;-15,00189696;-52,25732382;"SPRF-MT";"DEL07-MT";"UOP01-DEL07-MT"
329973;2020-12-23;"quarta-feira";"14:30:00";"MG";116;310;"ITAMBACURI";"Condutor Dormindo";"Colisão frontal";"Com Vítimas Feridas";"Pleno dia";"Crescente";"Céu Claro";"Simples";"Curva";"Não";2;0;1;0;1;0;1;2;-18,06936519;-41,67662169;"SPRF-MG";"DEL11-MG";"UOP01-DEL11-MG"
329975;2020-12-23;"quarta-feira";"15:45:00";"SP";116;216,5;"GUARULHOS";"Velocidade Incompatível";"Colisão traseira";"Com Vítimas Feridas";"Pleno dia";"Decrescente";"Nublado";"Dupla";"Reta";"Sim";6;0;4;0;2;0;4;3;-23,454395;-46,471601;"SPRF-SP";"DEL01-SP";"UOP01-DEL01-SP"