"id";"data_inversa";"dia_semana";"horario";"uf";"br";"km";"municipio";"causa_acidente";"tipo_acidente";"classificacao_acidente";"fase_dia";"sentido_via";"condicao_metereologica";"tipo_pista";"tracado_via";"uso_solo";"pessoas";"mortos";"feridos_leves";"feridos_graves";"ilesos";"ignorados";"feridos";"veiculos";"latitude";"longitude";"regional";"delegacia";"uop"
329976;2020-12-23;"quarta-feira";"16:25:00";"PR";158;532;"PATO BRANCO";"Desobediência às normas de trânsito pelo condutor";"Colisão transversal";"Com Vítimas Feridas";"Pleno dia";"Crescente";"Céu Claro";"Simples";"Reta";"Sim";4;0;1;0;3;0;1;2;-26,21099702;-52,6807167;"SPRF-PR";"DEL02-PR";"UOP01-DEL02-PR"
329978;2020-12-23;"quarta-feira";"16:30:00";"RJ";116;128;"MAGE";"Falta de Atenção à Condução";"Colisão traseira";"Com Vítimas Feridas";"Pleno dia";"Crescente";"Chuva";"Dupla";"Curva";"Sim";1;0;1;0;0;0;1;1;-22,6657139;-43,10092001;"SPRF-RJ";"DEL04-RJ";"UOP02-DEL04-RJ"
329980;2020-12-23;"quarta-feira";"16:10:00";"SC";101;201,8;"SAO JOSE";"Não guardar distância de segurança";"Colisão traseira";"Com Vítimas Feridas";"Pleno dia";"Decrescente";"Céu Claro";"Múltipla";"Reta";"Não";3;0;0;2;1;0;2;2;-27,54836599;-48,61977975;"SPRF-SC";"DEL01-SC";"UOP01-DEL01-SC"
329982;2020-12-23;"quarta-feira";"14:28:00";"GO";50;301,3;"CUMARI";"Falta de Atenção do Pedestre";"Atropelamento de Pedestre";"Com Vítimas Fatais";"Pleno dia";"Crescente";"Céu Claro";"Dupla";"Interseção de Vias";"Não";2;1;0;0;1;0;0;2;-18,3365;-48,031;"SPRF-GO";"DEL06-GO";"UOP01-DEL06-GO"
329984;2020-12-23;"quarta-feira";"10:30:00";"MG";40;332,4;"FELIXLANDIA";"Pista Escorregadia";"Colisão com objeto em movimento";"Com Vítimas Feridas";"Pleno dia";"Decrescente";"Chuva";"Simples";"Aclive";"Não";1;0;1;0;0;0;1;1;-18,59007315;-45,00881635;"SPRF-MG";"DEL14-MG";"UOP02-DEL14-MG"
329985;2020-12-23;"quarta-feira";"16:15:00";"MG";50;176,8;"UBERABA";"Falta de Atenção à Condução";"Saída de leito carroçável";"Com Vítimas Feridas";"Pleno dia";"Crescente";"Céu Claro";"Dupla";"Aclive";"Sim";2;0;2;0;0;0;2;1;-19,77919981;-47,960032;"SPRF-MG";"DEL13-MG";"UOP01-DEL13-MG"
329986;2020-12-23;"quarta-feira";"16:48:00";"SC";101;126,2;"ITAJAI";"Defeito Mecânico no Veículo";"Tombamento";"Com Vítimas Feridas";"Pleno dia";"Crescente";"Céu Claro";"Dupla";"Reta";"Não";1;0;1;0;0;0;1;1;-26,95564404;-48,67978366;"SPRF-SC";"DEL04-SC";"UOP04-DEL04-SC"
329987;2020-12-23;"quarta-feira";"17:05:00";"BA";116;820;"VITORIA DA CONQUISTA";"Animais na Pista";"Atropelamento de Animal";"Com Vítimas Feridas";"Pleno dia";"Decrescente";"Céu Claro";"Simples";"Reta";"Sim";1;0;1;0;0;0;1;1;-14,83160062;-40,83759785;"SPRF-BA";"DEL08-BA";"UOP01-DEL08-BA"
329988;2020-12-23;"quarta-feira";"16:25:00";"SP";116;106,9;"TAUBATE";"Falta de Atenção à Condução";"Colisão traseira";"Com Vítimas Feridas";"Pleno dia";"Crescente";"Céu Claro";"Dupla";"Curva";"Não";2;0;1;0;1;0;1;2;-23,01250593;-45,52256005;"SPRF-SP";"DEL06-SP";"UOP01-DEL06-SP"
329989;2020-12-23;"quarta-feira";"16:45:00";"SP";116;106,8;"TAUBATE";"Desobediência às normas de trânsito pelo condutor";"Colisão traseira";"Com Vítimas Feridas";"Pleno dia";"Crescente";"Nublado";"Dupla";"Reta";"Sim";2;0;0;1;1;0;1;2;-23,01250593;-45,52256005;"SPRF-SP";"DEL06-SP";"UOP01-DEL06-SP"
329992;2020-12-23;"quarta-feira";"16:10:00";"MG";50;24,3;"ARAGUARI";"Pista Escorregadia";"Saída de leito carroçável";"Com Vítimas Feridas";"Pleno dia";"Decrescente";"Chuva";"Dupla";"Reta";"Não";1;0;1;0;0;0;1;1;-18,61024882;-48,06820499;"SPRF-MG";"DEL15-MG";"UOP02-DEL15-MG"
329993;2020-12-23;"quarta-feira";"16:50:00";"GO";40;13,8;"LUZIANIA";"Defeito Mecânico no Veículo";"Tombamento";"Com Vítimas Feridas";"Pleno dia";"Crescente";"Chuva";"Dupla";"Reta";"Sim";1;0;1;0;0;0;1;1;-16,151832;-47,939162;"SPRF-DF";"DEL01-DF";"UOP01-DEL01-DF"
329994;2020-12-23;"quarta-feira";"17:20:00";"SC";101;127,8;"ITAJAI";"Falta de Atenção à Condução";"Colisão lateral";"Com Vítimas Feridas";"Plena Noite";"Crescente";"Céu Claro";"Dupla";"Reta";"Não";1;0;1;0;0;0;1;1;-26,9639319;-48,68328024;"SPRF-SC";"DEL04-SC";"UOP04-DEL04-SC"
329996;2020-12-23;"quarta-feira";"17:30:00";"RS";116;258;"ESTEIO";"Falta de Atenção à Condução";"Colisão transversal";"Com Vítimas Feridas";"Pleno dia";"Crescente";"Sol";"Simples";"Reta";"Não";3;0;2;0;1;0;2;2;-29,86150502;-51,18091535;"SPRF-RS";"DEL01-RS";"UOP02-DEL01-RS"
329998;2020-10-10;"sábado";"21:50:00";"PI";343;13;"PARNAIBA";"Ingestão de Álcool";"Colisão lateral";"Com Vítimas Feridas";"Plena Noite";"Crescente";"Céu Claro";"Dupla";"Reta";"Sim";2;0;1;0;0;1;1;2;-2,91965051;-41,75428033;"SPRF-PI";"DEL05-PI";"UOP01-DEL05-PI"
329999;2020-12-23;"quarta-feira";"17:45:00";"RJ";40;117;"DUQUE DE CAXIAS";"Desobediência às normas de trânsito pelo condutor";"Colisão lateral";"Com Vítimas Feridas";"Pleno dia";"Decrescente";"Chuva";"Múltipla";"Reta";"Sim";1;0;1;0;0;0;1;1;-22,745676;-43,2881;"SPRF-RJ";"DEL01-RJ";"UOP01-DEL01-RJ"
330000;2020-12-23;"quarta-feira";"17:50:00";"PR";116;14;"ANTONINA";"Falta de Atenção à Condução";"Saída de leito carroçável";"Sem Vítimas";"Pleno dia";"Decrescente";"Garoa/Chuvisco";"Dupla";"Curva";"Não";1;0;0;0;1;0;0;1;-25,09836429;-48,67391969;"SPRF-PR";"DEL01-PR";"UOP02-DEL01-PR"
330001;2020-12-22;"terça-feira";"12:40:00";"MG";40;286,1;"TRES MARIAS";"Animais na Pista";"Atropelamento de Animal";"Sem Vítimas";"Pleno dia";"Decrescente";"Céu Claro";"Simples";"Curva;Declive";"Não";1;0;0;0;1;0;0;1;-18,2495247;-45,16534785;"SPRF-MG";"DEL14-MG";"UOP02-DEL14-MG"
330002;2020-12-23;"quarta-feira";"16:00:00";"BA";116;599;"IRAJUBA";"Desobediência às normas de trânsito pelo condutor";"Colisão transversal";"Com Vítimas Feridas";"Pleno dia";"Decrescente";"Céu Claro";"Simples";"Curva";"Não";3;0;2;0;1;0;2;2;-13,20337992;-40,01503007;"SPRF-BA";"DEL03-BA";"UOP02-DEL03-BA"
330003;2020-12-23;"quarta-feira";"16:40:00";"RJ";40;17;"TRES RIOS";"Pista Escorregadia";"Colisão com objeto estático";"Com Vítimas Feridas";"Pleno dia";"Decrescente";"Chuva";"Dupla";"Curva";"Não";1;0;1;0;0;0;1;1;-22,08639692;-43,17655185;"SPRF-RJ";"DEL05-RJ";"UOP02-DEL05-RJ"
330004;2020-12-17;"quinta-feira";"17:00:00";"MA";10;246,3;"IMPERATRIZ";"Desobediência às normas de trânsito pelo condutor";"Colisão frontal";"Com Vítimas Feridas";"Anoitecer";"Decrescente";"Céu Claro";"Simples";"Reta";"Sim";3;0;0;3;0;0;3;2;-5,581313;-47,438831;"SPRF-MA";"DEL04-MA";"UOP01-DEL04-MA"
330005;2020-12-23;"quarta-feira";"16:00:00";"PR";116;17;"ANTONINA";"Falta de Atenção à Condução";"Saída de leito carroçável";"Sem Vítimas";"Pleno dia";"Decrescente";"Chuva";"Dupla";"Curva";"Não";1;0;0;0;1;0;0;1;-25,10305915;-48,70103892;"SPRF-PR";"DEL01-PR";"UOP02-DEL01-PR"
330006;2020-12-23;"quarta-feira";"16:00:00";"MG";262;827,4;"UBERABA";"Defeito Mecânico no Veículo";"Tombamento";"Com Vítimas Feridas";"Pleno dia";"Decrescente";"Nublado";"Simples";"Curva";"Não";1;0;1;0;0;0;1;1;-19,74647608;-48,17757607;"SPRF-MG";"DEL13-MG";"UOP01-DEL13-MG"
330007;2020-12-23;"quarta-feira";"18:40:00";"RS";290;113,1;"ELDORADO DO SUL";"Falta de Atenção à Condução";"Engavetamento";"Com Vítimas Feridas";"Pleno dia";"Decrescente";"Céu Claro";"Simples";"Reta";"Não";4;0;1;0;3;0;1;3;-30,043636;-51,337456;"SPRF-RS";"DEL02-RS";"UOP01-DEL02-RS"
330008;2020-12-23;"quarta-feira";"18:40:00";"GO";40;0;"VALPARAISO DE GOIAS";"Falta de Atenção à Condução";"Queda de ocupante de veículo";"Com Vítimas Feridas";"Anoitecer";"Crescente";"Chuva";"Dupla";"Reta";"Sim";3;0;1;0;1;1;1;2;-16,058273;-47,982655;"SPRF-DF";"DEL01-DF";"UOP01-DEL01-DF"
330009;2020-12-23;"quarta-feira";"14:25:00";"GO";60;93;"ANAPOLIS";"Falta de Atenção à Condução";"Queda de ocupante de veículo";"Com Vítimas Feridas";"Pleno dia";"Crescente";"Sol";"Dupla";"Reta";"Sim";2;0;2;0;0;0;2;1;-16,3538;-48,9268;"SPRF-GO";"DEL02-GO";"UOP01-DEL02-GO"
330011;2020-12-23;"quarta-feira";"17:55:00";"PR";277;120;"CAMPO LARGO";"Falta de Atenção à Condução";"Colisão transversal";"Com Vítimas Feridas";"Pleno dia";"Crescente";"Nublado";"Dupla";"Interseção de Vias";"Sim";2;0;0;1;1;0;1;2;-25,43651772;-49,44346612;"SPRF-PR";"DEL01-PR";"UOP03-DEL03-PR"
330012;2020-12-23;"quarta-feira";"18:50:00";"PR";116;15;"ANTONINA";"Falta de Atenção à Condução";"Saída de leito carroçável";"Sem Vítimas";"Anoitecer";"Crescente";"Garoa/Chuvisco";"Dupla";"Curva";"Não";2;0;0;0;2;0;0;2;-25,09832756;-48,68266005;"SPRF-PR";"DEL01-PR";"UOP02-DEL01-PR"
330013;2020-12-23;"quarta-feira";"14:00:00";"MT";70;241;"PRIMAVERA DO LESTE";"Desobediência às normas de trânsito pelo condutor";"Colisão traseira";"Com Vítimas Feridas";"Pleno dia";"Decrescente";"Sol";"Simples";"Reta;Aclive;Ponte";"Não";4;0;1;0;3;0;1;3;-15,61651437;-54,04950231;"SPRF-MT";"DEL05-MT";"UOP01-DEL05-MT"
330014;2020-12-23;"quarta-feira";"18:20:00";"PR";376;4;"SAO JOSE DOS PINHAIS";"Desobediência às normas de trânsito pelo condutor";"Queda de ocupante de veículo";"Com Vítimas Feridas";"Anoitecer";"Crescente";"Garoa/Chuvisco";"Dupla";"Curva";"Sim";1;0;0;1;0;0;1;1;-25,5307;-49,1958;"SPRF-PR";"DEL01-PR";"UOP01-DEL01-PR"
330017;2020-12-23;"quarta-feira";"15:35:00";"PR";153;342;"REBOUCAS";"Defeito Mecânico no Veículo";"Incêndio";"Sem Vítimas";"Pleno dia";"Decrescente";"Céu Claro";"Simples";"Reta";"Não";2;0;0;0;2;0;0;1;-25,54626385;-50,66707022;"SPRF-PR";"DEL03-PR";"UOP03-DEL03-PR"
330018;2020-12-23;"quarta-feira";"17:40:00";"BA";110;146;"CICERO DANTAS";"Velocidade Incompatível";"Colisão transversal";"Com Vítimas Feridas";"Anoitecer";"Decrescente";"Céu Claro";"Simples";"Interseção de Vias";"Não";5;0;0;1;4;0;1;3;-10,66742591;-38,41855917;"SPRF-BA";"DEL07-BA";"UOP02-DEL07-BA"
330019;2020-12-23;"quarta-feira";"17:45:00";"PB";230;16;"JOAO PESSOA";"Falta de Atenção à Condução";"Engavetamento";"Sem Vítimas";"Anoitecer";"Decrescente";"Céu Claro";"Dupla";"Reta";"Sim";3;0;0;0;3;0;0;3;-7,1039;-34,8458;"SPRF-PB";"DEL01-PB";"UOP01-DEL01-PB"
330021;2020-12-23;"quarta-feira";"13:30:00";"BA";242;335;"LENCOIS";"Falta de Atenção à Condução";"Saída de leito carroçável";"Com Vítimas Feridas";"Pleno dia";"Crescente";"Sol";"Simples";"Reta";"Não";3;0;1;1;1;0;2;1;-12,486754;-41,145455;"SPRF-BA";"DEL06-BA";"UOP01-DEL06-BA"
330022;2020-12-23;"quarta-feira";"19:10:00";"SC";470;51,7;"BLUMENAU";"Falta de Atenção do Pedestre";"Atropelamento de Pedestre";"Com Vítimas Feridas";"Plena Noite";"Decrescente";"Nublado";"Simples";"Reta";"Sim";2;0;1;0;1;0;1;2;-26,862339;-49,084038;"SPRF-SC";"DEL04-SC";"UOP01-DEL04-SC"
330024;2020-12-23;"quarta-feira";"18:30:00";"MG";40;347;"FELIXLANDIA";"Velocidade Incompatível";"Saída de leito carroçável";"Com Vítimas Feridas";"Anoitecer";"Crescente";"Nublado";"Simples";"Reta";"Não";1;0;1;0;0;0;1;1;-18,70549735;-44,95843438;"SPRF-MG";"DEL02-MG";"UOP01-DEL02-MG"
330027;2020-12-23;"quarta-feira";"16:50:00";"AM";319;804;"CANUTAMA";"Desobediência às normas de trânsito pelo condutor";"Colisão lateral";"Com Vítimas Feridas";"Pleno dia";"Decrescente";"Céu Claro";"Simples";"Reta";"Não";2;0;0;2;0;0;2;2;-8,48799802;-63,97706286;"SPRF-RO";"DEL01-RO";"UOP01-DEL01-RO"
330028;2020-12-23;"quarta-feira";"19:40:00";"PA";316;21;"BENEVIDES";"Ingestão de álcool ou de substâncias psicoativas pelo pedestre";"Atropelamento de Pedestre";"Com Vítimas Feridas";"Plena Noite";"Crescente";"Chuva";"Dupla";"Reta";"Sim";2;0;0;1;1;0;1;2;-1,36097138;-48,26241527;"SPRF-PA";"DEL01-PA";"UOP01-DEL01-PA"
330030;2020-12-23;"quarta-feira";"19:40:00";"GO";364;101;"CACHOEIRA ALTA";"Ultrapassagem Indevida";"Colisão frontal";"Com Vítimas Fatais";"Plena Noite";"Crescente";"Nublado";"Simples";"Reta";"Não";5;2;0;3;0;0;3;2;-18,407518;-51,102043;"SPRF-GO";"DEL05-GO";"UOP02-DEL05-GO"
330031;2020-12-23;"quarta-feira";"20:20:00";"SE";101;90,3;"NOSSA SENHORA DO SOCORRO";"Falta de Atenção à Condução";"Saída de leito carroçável";"Com Vítimas Feridas";"Plena Noite";"Crescente";"Céu Claro";"Dupla";"Reta";"Sim";1;0;1;0;0;0;1;1;-10,88051024;-37,13355535;"SPRF-SE";"DEL01-SE";"UOP01-DEL01-SE"
330033;2020-12-23;"quarta-feira";"20:20:00";"PR";116;39;"CAMPINA GRANDE DO SUL";"Falta de Atenção à Condução";"Saída de leito carroçável";"Sem Vítimas";"Plena Noite";"Crescente";"Chuva";"Dupla";"Curva";"Não";1;0;0;0;1;0;0;1;-25,156168;-48,8613401;"SPRF-PR";"DEL01-PR";"UOP02-DEL01-PR"
330034;2020-12-23;"quarta-feira";"20:10:00";"PR";369;187,8;"ARAPONGAS";"Falta de Atenção à Condução";"Colisão traseira";"Com Vítimas Feridas";"Plena Noite";"Decrescente";"Céu Claro";"Simples";"Reta";"Sim";5;0;1;0;3;1;1;3;-23,429746;-51,422797;"SPRF-PR";"DEL07-PR";"UOP03-DEL07-PR"
330035;2020-12-23;"quarta-feira";"20:30:00";"RJ";116;168;"SAO JOAO DE MERITI";"Pista Escorregadia";"Queda de ocupante de veículo";"Com Vítimas Feridas";"Plena Noite";"Crescente";"Chuva";"Múltipla";"Reta";"Sim";2;0;1;0;1;0;1;2;-22,819969;-43,31499997;"SPRF-RJ";"DEL01-RJ";"UOP01-DEL01-RJ"
330036;2020-12-23;"quarta-feira";"20:45:00";"MG";381;483,5;"BETIM";"Falta de Atenção à Condução";"Tombamento";"Sem Vítimas";"Plena Noite";"Decrescente";"Céu Claro";"Múltipla";"Reta";"Sim";1;0;0;0;1;0;0;1;-19,96044136;-44,08676147;"SPRF-MG";"DEL01-MG";"UOP03-DEL01-MG"
330038;2020-12-23;"quarta-feira";"13:00:00";"MG";262;445,5;"NOVA SERRANA";"Velocidade Incompatível";"Saída de leito carroçável";"Sem Vítimas";"Pleno dia";"Decrescente";"Sol";"Dupla";"Reta";"Sim";1;0;0;0;1;0;0;1;-19,87799664;-44,94086286;"SPRF-MG";"DEL08-MG";"UOP03-DEL08-MG"
330039;2020-12-23;"quarta-feira";"19:15:00";"TO";153;653;"GURUPI";"Agressão Externa";"Saída de leito carroçável";"Com Vítimas Feridas";"Plena Noite";"Decrescente";"Céu Claro";"Simples";"Reta";"Não";5;0;2;0;3;0;2;1;-11,56142996;-49,02722613;"SPRF-TO";"DEL01-TO";"UOP02-DEL01-TO"
330041;2020-12-23;"quarta-feira";"16:20:00";"RJ";465;13;"SEROPEDICA";"Falta de Atenção à Condução";"Colisão transversal";"Com Vítimas Feridas";"Pleno dia";"Crescente";"Chuva";"Simples";"Reta";"Sim";3;0;1;0;2;0;1;2;-22,798468;-43,645508;"SPRF-RJ";"DEL01-RJ";"UOP03-DEL01-RJ"
330042;2020-12-23;"quarta-feira";"18:30:00";"PR";277;597;"CASCAVEL";"Ingestão de Álcool";"Saída de leito carroçável";"Sem Vítimas";"Plena Noite";"Decrescente";"Céu Claro";"Dupla";"Retorno Regulamentado";"Não";1;0;0;0;1;0;0;1;-24,99513602;-53,51418998;"SPRF-PR";"DEL04-PR";"UOP01-DEL04-PR"
330043;2020-12-23;"quarta-feira";"21:25:00";"PR";376;207;"MANDAGUARI";"Desobediência às normas de trânsito pelo condutor";"Colisão frontal";"Com Vítimas Feridas";"Plena Noite";"Crescente";"Céu Claro";"Simples";"Reta";"Sim";2;0;1;0;1;0;1;2;-23,561134;-51,66161;"SPRF-PR";"DEL09-PR";"UOP01-DEL09-PR"
330044;2020-12-23;"quarta-feira";"19:30:00";"MG";365;13;"MONTES CLAROS";"Restrição de Visibilidade";"Colisão transversal";"Com Vítimas Feridas";"Plena Noite";"Crescente";"Céu Claro";"Simples";"Reta";"Não";1;0;0;1;0;0;1;1;-16,8539912;-43,97116184;"SPRF-MG";"DEL12-MG";"UOP01-DEL12-MG"
330045;2020-12-23;"quarta-feira";"20:15:00";"MG";381;888;"CAMBUI";"Velocidade Incompatível";"Colisão traseira";"Com Vítimas Fatais";"Plena Noite";"Decrescente";"Céu Claro";"Dupla";"Reta";"Não";3;1;0;0;1;1;0;3;-22,57036508;-46,04169076;"SPRF-MG";"DEL16-MG";"UOP03-DEL16-MG"
330046;2020-12-23;"quarta-feira";"20:00:00";"AM";230;617;"HUMAITA";"Falta de Atenção à Condução";"Colisão traseira";"Com Vítimas Fatais";"Plena Noite";"Crescente";"Nublado";"Simples";"Reta";"Sim";4;1;2;0;1;0;2;2;-7,53919287;-63,05777;"SPRF-AM";"DEL01-AM";"UOP05-DEL01-AM"
330047;2020-12-23;"quarta-feira";"21:15:00";"PA";163;934;"BELTERRA";"Avarias e/ou desgaste excessivo no pneu";"Capotamento";"Com Vítimas Feridas";"Plena Noite";"Decrescente";"Céu Claro";"Simples";"Reta";"Não";5;0;3;0;2;0;3;1;-2,93783608;-54,92847968;"SPRF-PA";"DEL05-PA";"UOP01-DEL05-PA"
330048;2020-12-23;"quarta-feira";"20:55:00";"MT";163;750;"SORRISO";"Falta de Atenção à Condução";"Colisão com objeto estático";"Com Vítimas Feridas";"Plena Noite";"Decrescente";"Chuva";"Dupla";"Reta";"Sim";2;0;2;0;0;0;2;1;-12,573628;-55,728146;"SPRF-MT";"DEL06-MT";"UOP01-DEL06-MT"
330049;2020-12-23;"quarta-feira";"22:05:00";"RJ";101;67;"CAMPOS DOS GOYTACAZES";"Falta de Atenção à Condução";"Colisão transversal";"Com Vítimas Feridas";"Plena Noite";"Decrescente";"Nublado";"Simples";"Interseção de Vias";"Sim";2;0;1;0;1;0;1;2;-21,76952355;-41,35273218;"SPRF-RJ";"DEL08-RJ";"UOP02-DEL08-RJ"
330050;2020-12-23;"quarta-feira";"21:45:00";"RJ";356;78;"ITALVA";"Desobediência às normas de trânsito pelo condutor";"Colisão frontal";"Com Vítimas Feridas";"Plena Noite";"Decrescente";"Chuva";"Simples";"Curva";"Sim";2;0;0;1;1;0;1;2;-21,43975905;-41,67832968;"SPRF-RJ";"DEL08-RJ";"UOP03-DEL08-RJ"
330052;2020-12-23;"quarta-feira";"22:00:00";"SC";101;5,6;"SAO JOSE";"Falta de Atenção à Condução";"Tombamento";"Com Vítimas Feridas";"Plena Noite";"Crescente";"Céu Claro";"Múltipla";"Aclive";"Não";1;0;1;0;0;0;1;1;-27,58852163;-48,61237094;"SPRF-SC";"DEL03-SC";"UOP01-DEL03-SC"
330054;2020-12-23;"quarta-feira";"21:00:00";"PE";101;87;"JABOATAO DOS GUARARAPES";"Desobediência às normas de trânsito pelo condutor";"Colisão frontal";"Sem Vítimas";"Plena Noite";"Decrescente";"Céu Claro";"Simples";"Reta";"Sim";2;0;0;0;1;1;0;2;-8,20401459;-34,961586;"SPRF-PE";"DEL01-PE";"UOP03-DEL01-PE"
330055;2020-12-23;"quarta-feira";"15:30:00";"BA";324;560;"TERRA NOVA";"Falta de Atenção à Condução";"Colisão traseira";"Sem Vítimas";"Pleno dia";"Decrescente";"Céu Claro";"Dupla";"Reta";"Não";3;0;0;0;3;0;0;2;-12,49250283;-38,65366887;"SPRF-BA";"DEL01-BA";"UOP01-DEL01-BA"
330056;2020-12-23;"quarta-feira";"21:00:00";"PR";277;35;"MORRETES";"Velocidade Incompatível";"Colisão traseira";"Com Vítimas Feridas";"Plena Noite";"Decrescente";"Chuva";"Dupla";"Curva";"Não";3;0;1;0;2;0;1;2;-25,55225338;-48,79892578;"SPRF-PR";"DEL01-PR";"UOP05-DEL01-PR"
330060;2020-12-23;"quarta-feira";"19:55:00";"MT";364;109,7;"ALTO GARCAS";"Defeito Mecânico no Veículo";"Capotamento";"Com Vítimas Feridas";"Plena Noite";"Decrescente";"Chuva";"Simples";"Reta";"Não";5;0;1;0;4;0;1;1;-16,84635749;-53,82535399;"SPRF-MT";"DEL02-MT";"UOP02-DEL02-MT"
330061;2020-12-23;"quarta-feira";"22:05:00";"MG";381;857;"POUSO ALEGRE";"Ingestão de álcool e/ou substâncias psicoativas pelo pedestre";"Atropelamento de Pedestre";"Com Vítimas Fatais";"Pleno dia";"Decrescente";"Céu Claro";"Dupla";"Reta";"Não";2;1;0;0;0;1;0;2;-22,30670616;-45,90188742;"SPRF-MG";"DEL16-MG";"UOP01-DEL16-MG"
330062;2020-12-23;"quarta-feira";"20:30:00";"GO";20;46;"FORMOSA";"Ingestão de Álcool";"Colisão lateral";"Sem Vítimas";"Plena Noite";"Crescente";"Chuva";"Simples";"Reta";"Não";2;0;0;0;2;0;0;2;-15,359612;-47,111183;"SPRF-DF";"DEL02-DF";"UOP01-DEL02-DF"
330064;2020-12-23;"quarta-feira";"22:35:00";"SC";101;212,6;"PALHOCA";"Ingestão de Álcool";"Tombamento";"Com Vítimas Feridas";"Plena Noite";"Decrescente";"Céu Claro";"Múltipla";"Reta";"Sim";2;0;2;0;0;0;2;1;-27,62996929;-48,65903871;"SPRF-SC";"DEL01-SC";"UOP02-DEL01-SC"
330066;2020-12-23;"quarta-feira";"16:30:00";"MT";70;604,9;"POCONE";"Pista Escorregadia";"Saída de leito carroçável";"Com Vítimas Feridas";"Pleno dia";"Crescente";"Chuva";"Simples";"Curva";"Não";3;0;2;0;1;0;2;1;-15,83274125;-56,76245591;"SPRF-MT";"DEL03-MT";"UOP02-DEL03-MT"
330068;2020-12-23;"quarta-feira";"21:40:00";"BA";235;347,7;"JUAZEIRO";"Defeito na Via";"Colisão transversal";"Com Vítimas Feridas";"Plena Noite";"Crescente";"Céu Claro";"Simples";"Rotatória";"Sim";3;0;1;0;1;1;1;2;-9,44228847;-40,49423218;"SPRF-PE";"DEL06-PE";"UOP01-DEL06-PE"
330070;2020-12-23;"quarta-feira";"09:00:00";"MT";70;144;"GENERAL CARNEIRO";"Falta de Atenção à Condução";"Saída de leito carroçável";"Com Vítimas Feridas";"Pleno dia";"Decrescente";"Céu Claro";"Simples";"Reta";"Não";2;0;1;0;1;0;1;1;-15,58640672;-53,31997998;"SPRF-MT";"DEL07-MT";"UOP01-DEL07-MT"
330071;2020-12-23;"quarta-feira";"21:10:00";"GO";60;95;"ANAPOLIS";"Defeito Mecânico no Veículo";"Colisão traseira";"Com Vítimas Feridas";"Plena Noite";"Decrescente";"Chuva";"Dupla";"Reta";"Sim";2;0;1;0;1;0;1;2;-16,3679;-48,939;"SPRF-GO";"DEL02-GO";"UOP01-DEL02-GO"
330073;2020-12-23;"quarta-feira";"22:00:00";"PR";369;32,5;"ANDIRA";"Velocidade Incompatível";"Saída de leito carroçável";"Com Vítimas Feridas";"Plena Noite";"Crescente";"Céu Claro";"Simples";"Reta";"Não";5;0;3;2;0;0;5;1;-23,033566;-50,198876;"SPRF-PR";"DEL07-PR";"UOP01-DEL07-PR"
330074;2020-12-23;"quarta-feira";"22:20:00";"RS";116;306,2;"GUAIBA";"Animais na Pista";"Atropelamento de Animal";"Com Vítimas Feridas";"Plena Noite";"Decrescente";"Céu Claro";"Simples";"Curva";"Não";2;0;1;0;1;0;1;2;-30,16925677;-51,3836101;"SPRF-RS";"DEL02-RS";"UOP01-DEL02-RS"
330075;2020-12-23;"quarta-feira";"22:10:00";"SP";116;134,2;"SAO JOSE DOS CAMPOS";"Falta de Atenção à Condução";"Saída de leito carroçável";"Com Vítimas Feridas";"Plena Noite";"Decrescente";"Nublado";"Dupla";"Declive";"Não";1;0;1;0;0;0;1;1;-23,1402216;-45,7617252;"SPRF-SP";"DEL06-SP";"UOP01-DEL06-SP"
330076;2020-12-23;"quarta-feira";"18:45:00";"MG";116;518,7;"UBAPORANGA";"Não guardar distância de segurança";"Colisão traseira";"Com Vítimas Feridas";"Plena Noite";"Crescente";"Céu Claro";"Simples";"Reta";"Não";2;0;1;0;1;0;1;2;-19,71038379;-42,12370706;"SPRF-MG";"DEL06-MG";"UOP02-DEL06-MG"
330077;2020-12-23;"quarta-feira";"22:40:00";"PE";101;52,2;"ABREU E LIMA";"Não guardar distância de segurança";"Colisão traseira";"Com Vítimas Feridas";"Plena Noite";"Crescente";"Céu Claro";"Dupla";"Curva";"Não";3;0;1;0;1;1;1;2;-7,92358799;-34,89607201;"SPRF-PE";"DEL01-PE";"UOP02-DEL01-PE"
330078;2020-12-23;"quarta-feira";"20:15:00";"SC";101;400,5;"MARACAJA";"Falta de Atenção à Condução";"Colisão traseira";"Com Vítimas Feridas";"Plena Noite";"Crescente";"Céu Claro";"Dupla";"Reta;Declive";"Sim";2;0;1;0;1;0;1;2;-28,85760414;-49,44087982;"SPRF-SC";"DEL02-SC";"UOP02-DEL02-SC"
330079;2020-12-23;"quarta-feira";"20:40:00";"RO";429;205,5;"SERINGUEIRAS";"Ingestão de Álcool";"Colisão lateral";"Com Vítimas Feridas";"Plena Noite";"Decrescente";"Nublado";"Simples";"Reta";"Não";2;0;1;0;1;0;1;2;-11,78879556;-63,09244861;"SPRF-RO";"DEL02-RO";"UOP03-DEL02-RO"
330081;2020-12-23;"quarta-feira";"21:20:00";"AL";316;125,1;"MINADOR DO NEGRAO";"Ingestão de Álcool";"Colisão traseira";"Com Vítimas Feridas";"Plena Noite";"Decrescente";"Céu Claro";"Simples";"Reta";"Não";6;0;4;0;2;0;4;2;-9,39671126;-36,89385196;"SPRF-AL";"DEL03-AL";"UOP01-DEL03-AL"