"id";"data_inversa";"dia_semana";"horario";"uf";"br";"km";"municipio";"causa_acidente";"tipo_acidente";"classificacao_acidente";"fase_dia";"sentido_via";"condicao_metereologica";"tipo_pista";"tracado_via";"uso_solo";"pessoas";"mortos";"feridos_leves";"feridos_graves";"ilesos";"ignorados";"feridos";"veiculos";"latitude";"longitude";"regional";"delegacia";"uop"
330082;2020-12-23;"quarta-feira";"23:45:00";"SP";116;270;"TABOAO DA SERRA";"Falta de Atenção à Condução";"Queda de ocupante de veículo";"Com Vítimas Feridas";"Plena Noite";"Crescente";"Garoa/Chuvisco";"Dupla";"Reta";"Sim";1;0;1;0;0;0;1;1;-23,61799728;-46,79677694;"SPRF-SP";"DEL04-SP";"UOP01-DEL04-SP"
330083;2020-12-23;"quarta-feira";"22:40:00";"MS";163;39,8;"ELDORADO";"Falta de Atenção à Condução";"Colisão traseira";"Sem Vítimas";"Plena Noite";"Decrescente";"Céu Claro";"Simples";"Reta";"Sim";2;0;0;0;1;1;0;2;-23,790233;-54,281245;"SPRF-MS";"DEL09-MS";"UOP02-DEL09-MS"
330085;2020-12-23;"quarta-feira";"22:30:00";"PR";369;201,5;"APUCARANA";"Ingestão de Substâncias Psicoativas";"Colisão frontal";"Sem Vítimas";"Plena Noite";"Decrescente";"Céu Claro";"Simples";"Curva";"Sim";2;0;0;0;1;1;0;2;-23,504;-51,457;"SPRF-PR";"DEL07-PR";"UOP03-DEL07-PR"
330086;2020-12-24;"quinta-feira";"00:05:00";"PR";277;78,7;"CURITIBA";"Falta de Atenção à Condução";"Colisão com objeto estático";"Sem Vítimas";"Plena Noite";"Crescente";"Céu Claro";"Dupla";"Aclive;Reta";"Não";1;0;0;0;0;1;0;1;-25,481;-49,19631;"SPRF-PR";"DEL01-PR";"UOP01-DEL01-PR"
330087;2020-12-24;"quinta-feira";"00:40:00";"RS";101;50,2;"TERRA DE AREIA";"Condutor Dormindo";"Saída de leito carroçável";"Com Vítimas Feridas";"Plena Noite";"Crescente";"Céu Claro";"Dupla";"Reta";"Não";1;0;1;0;0;0;1;1;-29,6073248;-50,08588627;"SPRF-RS";"DEL03-RS";"UOP02-DEL03-RS"
330088;2020-12-24;"quinta-feira";"00:30:00";"BA";101;229;"SAPEACU";"Desobediência às normas de trânsito pelo condutor";"Colisão frontal";"Com Vítimas Fatais";"Pleno dia";"Crescente";"Céu Claro";"Simples";"Reta";"Sim";5;1;0;3;1;0;3;2;-12,82656598;-39,19998114;"SPRF-BA";"DEL01-BA";"UOP02-DEL01-BA"
330090;2020-12-23;"quarta-feira";"22:00:00";"RJ";101;215;"SILVA JARDIM";"Sinalização da via insuficiente ou inadequada";"Colisão com objeto estático";"Com Vítimas Fatais";"Plena Noite";"Crescente";"Chuva";"Simples";"Reta";"Não";5;4;0;0;1;0;0;2;-22,50540682;-42,27365808;"SPRF-RJ";"DEL02-RJ";"UOP03-DEL02-RJ"
330091;2020-12-23;"quarta-feira";"22:15:00";"PA";316;169,6;"SANTA LUZIA DO PARA";"Falta de Atenção à Condução";"Atropelamento de Pedestre";"Com Vítimas Fatais";"Plena Noite";"Crescente";"Céu Claro";"Simples";"Reta";"Não";2;1;0;0;0;1;0;2;-1,33124;-47,071727;"SPRF-PA";"DEL01-PA";"UOP03-DEL01-PA"
330093;2020-12-23;"quarta-feira";"23:15:00";"PI";343;186,7;"PIRIPIRI";"Falta de Atenção do Pedestre";"Atropelamento de Pedestre";"Com Vítimas Fatais";"Plena Noite";"Crescente";"Céu Claro";"Simples";"Reta";"Sim";3;1;0;0;0;2;0;3;-4,289738;-41,765907;"SPRF-PI";"DEL02-PI";"UOP01-DEL02-PI"
330094;2020-12-24;"quinta-feira";"00:20:00";"SC";480;130,6;"CHAPECO";"Velocidade Incompatível";"Saída de leito carroçável";"Com Vítimas Feridas";"Plena Noite";"Crescente";"Céu Claro";"Simples";"Curva";"Não";1;0;0;1;0;0;1;1;-27,05534298;-52,63652069;"SPRF-SC";"DEL07-SC";"UOP01-DEL07-SC"
330096;2020-12-24;"quinta-feira";"02:10:00";"ES";101;459,5;"MIMOSO DO SUL";"Velocidade Incompatível";"Saída de leito carroçável";"Com Vítimas Feridas";"Plena Noite";"Crescente";"Chuva";"Simples";"Curva";"Não";3;0;3;0;0;0;3;1;-21,21085997;-41,29896489;"SPRF-ES";"DEL03-ES";"UOP02-DEL03-ES"
330097;2020-12-24;"quinta-feira";"00:00:00";"PB";230;121;"RIACHAO DO BACAMARTE";"Ingestão de Álcool";"Colisão frontal";"Com Vítimas Feridas";"Plena Noite";"Crescente";"Céu Claro";"Dupla";"Reta";"Sim";4;0;1;2;1;0;3;2;-7,2452;-35,649;"SPRF-PB";"DEL02-PB";"UOP01-DEL02-PB"
330098;2020-12-24;"quinta-feira";"02:35:00";"SC";470;100,3;"APIUNA";"Ingestão de Álcool";"Colisão com objeto estático";"Com Vítimas Feridas";"Plena Noite";"Decrescente";"Nublado";"Simples";"Ponte";"Não";3;0;2;0;1;0;2;1;-27,045143;-49,394142;"SPRF-SC";"DEL04-SC";"UOP02-DEL04-SC"
330101;2020-12-24;"quinta-feira";"02:30:00";"RS";290;540;"ALEGRETE";"Condutor Dormindo";"Saída de leito carroçável";"Com Vítimas Feridas";"Plena Noite";"Decrescente";"Céu Claro";"Simples";"Reta";"Não";1;0;1;0;0;0;1;1;-29,98192;-55,422497;"SPRF-RS";"DEL13-RS";"UOP02-DEL13-RS"
330102;2020-12-24;"quinta-feira";"03:00:00";"MG";381;346,6;"BELA VISTA DE MINAS";"Velocidade Incompatível";"Colisão frontal";"Com Vítimas Feridas";"Plena Noite";"Decrescente";"Chuva";"Simples";"Curva";"Não";3;0;2;0;1;0;2;2;-19,85740706;-43,12344309;"SPRF-MG";"DEL03-MG";"UOP01-DEL03-MG"
330104;2020-12-24;"quinta-feira";"03:00:00";"CE";20;432;"EUSEBIO";"Velocidade Incompatível";"Capotamento";"Com Vítimas Feridas";"Plena Noite";"Decrescente";"Céu Claro";"Dupla";"Reta";"Não";1;0;1;0;0;0;1;1;-3,86399771;-38,47173929;"SPRF-CE";"DEL01-CE";"UOP02-DEL01-CE"
330107;2020-12-24;"quinta-feira";"04:50:00";"RJ";493;21;"MAGE";"Falta de Atenção à Condução";"Tombamento";"Com Vítimas Feridas";"Plena Noite";"Crescente";"Chuva";"Simples";"Reta";"Não";3;0;2;0;1;0;2;1;-22,66151289;-43,04480692;"SPRF-RJ";"DEL04-RJ";"UOP02-DEL04-RJ"
330109;2020-12-24;"quinta-feira";"04:53:00";"PB";101;61;"SANTA RITA";"Falta de Atenção à Condução";"Saída de leito carroçável";"Com Vítimas Feridas";"Pleno dia";"Decrescente";"Céu Claro";"Dupla";"Reta";"Não";3;0;2;0;0;1;2;2;-7,00949401;-35,06072329;"SPRF-PB";"DEL01-PB";"UOP04-DEL01-PB"
330110;2020-12-23;"quarta-feira";"19:50:00";"PR";277;601;"CASCAVEL";"Defeito Mecânico no Veículo";"Queda de ocupante de veículo";"Com Vítimas Feridas";"Plena Noite";"Crescente";"Céu Claro";"Dupla";"Reta";"Não";1;0;1;0;0;0;1;1;-25,01834069;-53,54356825;"SPRF-PR";"DEL04-PR";"UOP01-DEL04-PR"
330111;2020-11-19;"quinta-feira";"23:45:00";"TO";153;692,2;"CARIRI DO TOCANTINS";"Desobediência às normas de trânsito pelo condutor";"Colisão lateral";"Com Vítimas Feridas";"Plena Noite";"Crescente";"Céu Claro";"Simples";"Retorno Regulamentado";"Sim";5;0;3;1;1;0;4;2;-11,88743313;-49,16441973;"SPRF-TO";"DEL01-TO";"UOP02-DEL01-TO"
330112;2020-12-24;"quinta-feira";"05:00:00";"ES";262;161,5;"IBATIBA";"Falta de Atenção à Condução";"Saída de leito carroçável";"Com Vítimas Feridas";"Amanhecer";"Decrescente";"Chuva";"Simples";"Curva";"Não";1;0;1;0;0;0;1;1;-20,23640217;-41,52254154;"SPRF-ES";"DEL01-ES";"UOP02-DEL01-ES"
330114;2020-12-24;"quinta-feira";"04:40:00";"RS";386;293,7;"POUSO NOVO";"Falta de Atenção à Condução";"Colisão frontal";"Com Vítimas Feridas";"Plena Noite";"Decrescente";"Céu Claro";"Simples";"Reta";"Não";7;0;2;1;4;0;3;2;-29,114208;-52,244186;"SPRF-RS";"DEL04-RS";"UOP01-DEL04-RS"
330115;2020-12-24;"quinta-feira";"01:10:00";"SC";282;656;"SAO MIGUEL DO OESTE";"Falta de Atenção à Condução";"Saída de leito carroçável";"Com Vítimas Feridas";"Plena Noite";"Crescente";"Céu Claro";"Simples";"Reta";"Não";1;0;1;0;0;0;1;1;-26,696913;-53,5364;"SPRF-SC";"DEL07-SC";"UOP03-DEL07-SC"
330116;2020-12-24;"quinta-feira";"05:45:00";"SP";116;186;"SANTA ISABEL";"Falta de Atenção do Pedestre";"Atropelamento de Pedestre";"Com Vítimas Feridas";"Pleno dia";"Decrescente";"Céu Claro";"Dupla";"Reta";"Não";3;0;0;1;1;1;1;2;-23,35220682;-46,19934905;"SPRF-SP";"DEL02-SP";"UOP01-DEL02-SP"
330117;2020-12-23;"quarta-feira";"23:15:00";"SC";163;111,4;"GUARUJA DO SUL";"Ingestão de Álcool";"Saída de leito carroçável";"Com Vítimas Fatais";"Plena Noite";"Decrescente";"Céu Claro";"Simples";"Declive;Reta";"Não";2;1;0;1;0;0;1;1;-26,39425308;-53,52212906;"SPRF-SC";"DEL07-SC";"UOP03-DEL07-SC"
330119;2020-12-24;"quinta-feira";"06:03:00";"GO";20;32;"FORMOSA";"Falta de Atenção à Condução";"Capotamento";"Com Vítimas Feridas";"Pleno dia";"Crescente";"Nevoeiro/Neblina";"Dupla";"Retorno Regulamentado";"Sim";3;0;2;0;1;0;2;1;-15,482159;-47,101757;"SPRF-DF";"DEL02-DF";"UOP01-DEL02-DF"
330121;2020-12-24;"quinta-feira";"06:20:00";"PR";376;161;"MARINGA";"Não guardar distância de segurança";"Colisão traseira";"Com Vítimas Feridas";"Amanhecer";"Crescente";"Céu Claro";"Dupla";"Aclive";"Sim";3;0;2;0;1;0;2;2;-23,37281665;-52,05547485;"SPRF-PR";"DEL09-PR";"UOP01-DEL09-PR"
330122;2020-12-24;"quinta-feira";"03:00:00";"PB";230;460,3;"SOUSA";"Falta de Atenção à Condução";"Saída de leito carroçável";"Sem Vítimas";"Plena Noite";"Crescente";"Nublado";"Simples";"Reta";"Não";1;0;0;0;1;0;0;1;-6,7752;-38,1982;"SPRF-PB";"DEL03-PB";"UOP03-DEL03-PB"
330125;2020-12-24;"quinta-feira";"00:10:00";"SC";116;17,8;"MAFRA";"Ingestão de Álcool";"Saída de leito carroçável";"Com Vítimas Feridas";"Plena Noite";"Decrescente";"Nublado";"Simples";"Reta";"Não";1;0;1;0;0;0;1;1;-26,2237;-49,89236;"SPRF-SC";"DEL06-SC";"UOP01-DEL06-SC"
330126;2020-12-24;"quinta-feira";"02:00:00";"AC";364;124;"RIO BRANCO";"Defeito Mecânico no Veículo";"Saída de leito carroçável";"Com Vítimas Feridas";"Plena Noite";"Decrescente";"Ignorado";"Dupla";"Reta";"Sim";3;0;1;0;2;0;1;1;-10,01152469;-67,79140099;"SPRF-AC";"DEL01-AC";"UOP01-DEL01-AC"
330127;2020-12-24;"quinta-feira";"05:40:00";"MA";10;223,8;"GOVERNADOR EDISON LOBAO";"Não guardar distância de segurança";"Colisão traseira";"Com Vítimas Feridas";"Amanhecer";"Decrescente";"Chuva";"Simples";"Reta";"Sim";2;0;1;0;1;0;1;2;-5,763524;-47,359402;"SPRF-MA";"DEL04-MA";"UOP01-DEL04-MA"
330128;2020-12-24;"quinta-feira";"05:50:00";"RR";174;503;"BOA VISTA";"Falta de Atenção à Condução";"Colisão com objeto estático";"Com Vítimas Feridas";"Amanhecer";"Crescente";"Céu Claro";"Simples";"Aclive";"Sim";3;0;1;0;1;1;1;1;2,794901;-60,698441;"SPRF-RR";"DEL01-RR";"UOP01-DEL01-RR"
330129;2020-12-24;"quinta-feira";"06:40:00";"PE";101;65,2;"RECIFE";"Não guardar distância de segurança";"Colisão traseira";"Com Vítimas Feridas";"Pleno dia";"Crescente";"Céu Claro";"Múltipla";"Reta";"Sim";2;0;1;0;0;1;1;2;-8,027441;-34,943047;"SPRF-PE";"DEL01-PE";"UOP01-DEL01-PE"
330130;2020-12-24;"quinta-feira";"07:10:00";"PR";277;41;"MORRETES";"Falta de Atenção à Condução";"Queda de ocupante de veículo";"Com Vítimas Feridas";"Pleno dia";"Decrescente";"Céu Claro";"Dupla";"Reta";"Não";2;0;1;1;0;0;2;1;-25,57183811;-48,83586205;"SPRF-PR";"DEL01-PR";"UOP05-DEL01-PR"
330131;2020-12-24;"quinta-feira";"07:20:00";"SC";101;211,8;"PALHOCA";"Falta de Atenção à Condução";"Tombamento";"Sem Vítimas";"Pleno dia";"Decrescente";"Chuva";"Múltipla";"Reta";"Não";1;0;0;0;1;0;0;1;-27,62329313;-48,65245588;"SPRF-SC";"DEL01-SC";"UOP02-DEL01-SC"
330132;2020-12-23;"quarta-feira";"20:50:00";"CE";116;176;"RUSSAS";"Defeito Mecânico no Veículo";"Incêndio";"Sem Vítimas";"Plena Noite";"Crescente";"Céu Claro";"Simples";"Reta";"Não";1;0;0;0;1;0;0;1;-5,02243691;-38,06425904;"SPRF-CE";"DEL03-CE";"UOP01-DEL03-CE"
330133;2020-12-24;"quinta-feira";"07:20:00";"SP";381;57;"MAIRIPORA";"Falta de Atenção à Condução";"Colisão lateral";"Com Vítimas Feridas";"Pleno dia";"Decrescente";"Céu Claro";"Dupla";"Reta";"Não";2;0;1;0;1;0;1;2;-23,2658219;-46,5839857;"SPRF-SP";"DEL03-SP";"UOP01-DEL03-SP"
330135;2020-12-23;"quarta-feira";"19:40:00";"MT";174;540;"COMODORO";"Objeto estático sobre o leito carroçável";"Colisão traseira";"Com Vítimas Feridas";"Plena Noite";"Crescente";"Chuva";"Simples";"Reta";"Não";2;0;1;0;1;0;1;2;-13,18703392;-59,86886286;"SPRF-MT";"DEL04-MT";"UOP01-DEL04-MT"
330136;2020-12-24;"quinta-feira";"07:25:00";"PE";408;101,4;"SAO LOURENCO DA MATA";"Pista Escorregadia";"Colisão com objeto estático";"Com Vítimas Feridas";"Pleno dia";"Crescente";"Chuva";"Dupla";"Reta";"Não";3;0;3;0;0;0;3;2;-8,04133634;-35,02531212;"SPRF-PE";"DEL01-PE";"UOP01-DEL01-PE"
330137;2020-12-24;"quinta-feira";"07:00:00";"BA";116;17,5;"VITORIA DA CONQUISTA";"Falta de Atenção à Condução";"Colisão transversal";"Com Vítimas Feridas";"Pleno dia";"Decrescente";"Sol";"Simples";"Reta";"Sim";2;0;1;0;1;0;1;2;-14,9022013;-40,84143206;"SPRF-BA";"DEL08-BA";"UOP01-DEL08-BA"
330138;2020-12-24;"quinta-feira";"07:25:00";"PB";230;17;"JOAO PESSOA";"Velocidade Incompatível";"Tombamento";"Com Vítimas Feridas";"Pleno dia";"Crescente";"Sol";"Dupla";"Curva";"Sim";1;0;1;0;0;0;1;1;-7,1121;-34,8426;"SPRF-PB";"DEL01-PB";"UOP01-DEL01-PB"
330139;2020-12-24;"quinta-feira";"05:59:00";"RJ";101;196;"CASIMIRO DE ABREU";"Condutor Dormindo";"Colisão com objeto estático";"Sem Vítimas";"Amanhecer";"Decrescente";"Chuva";"Dupla";"Curva";"Não";1;0;0;0;1;0;0;1;-22,49164449;-42,11060308;"SPRF-RJ";"DEL08-RJ";"UOP04-DEL08-RJ"
330140;2020-12-24;"quinta-feira";"07:45:00";"MG";381;724,9;"CARMO DA CACHOEIRA";"Velocidade Incompatível";"Colisão com objeto estático";"Com Vítimas Feridas";"Pleno dia";"Decrescente";"Chuva";"Dupla";"Curva;Declive";"Sim";1;0;1;0;0;0;1;1;-21,49216998;-45,21046112;"SPRF-MG";"DEL04-MG";"UOP02-DEL04-MG"
330141;2020-12-24;"quinta-feira";"01:40:00";"SP";116;512;"CAJATI";"Falta de Atenção à Condução";"Saída de leito carroçável";"Com Vítimas Feridas";"Plena Noite";"Decrescente";"Céu Claro";"Dupla";"Curva";"Não";2;0;1;1;0;0;2;1;-24,84344987;-48,21247101;"SPRF-SP";"DEL05-SP";"UOP02-DEL05-SP"
330142;2020-12-24;"quinta-feira";"06:05:00";"MG";381;585,5;"CARMOPOLIS DE MINAS";"Velocidade Incompatível";"Saída de leito carroçável";"Sem Vítimas";"Pleno dia";"Decrescente";"Chuva";"Dupla";"Reta";"Não";2;0;0;0;2;0;0;1;-20,538292;-44,64046;"SPRF-MG";"DEL04-MG";"UOP01-DEL04-MG"
330146;2020-12-23;"quarta-feira";"18:50:00";"RS";285;119;"VACARIA";"Animais na Pista";"Atropelamento de Animal";"Com Vítimas Feridas";"Anoitecer";"Decrescente";"Nublado";"Simples";"Reta";"Sim";1;0;1;0;0;0;1;1;-28,501478;-50,919212;"SPRF-RS";"DEL05-RS";"UOP03-DEL05-RS"
330149;2020-12-24;"quinta-feira";"00:00:00";"ES";101;289;"CARIACICA";"Velocidade Incompatível";"Saída de leito carroçável";"Sem Vítimas";"Plena Noite";"Crescente";"Chuva";"Dupla";"Reta";"Não";1;0;0;0;1;0;0;1;-20,28029304;-40,39302931;"SPRF-ES";"DEL01-ES";"UOP01-DEL01-ES"
330151;2020-12-24;"quinta-feira";"08:20:00";"PR";116;109,9;"CURITIBA";"Falta de Atenção à Condução";"Colisão traseira";"Com Vítimas Feridas";"Pleno dia";"Decrescente";"Nublado";"Dupla";"Reta";"Não";2;0;0;1;1;0;1;2;-25,57140489;-49,20748999;"SPRF-PR";"DEL01-PR";"UOP01-DEL01-PR"
330156;2020-12-24;"quinta-feira";"08:45:00";"SC";101;197,4;"SAO JOSE";"Não guardar distância de segurança";"Colisão traseira";"Com Vítimas Feridas";"Pleno dia";"Crescente";"Garoa/Chuvisco";"Múltipla";"Curva";"Sim";2;0;1;0;1;0;1;2;-27,51844497;-48,63848496;"SPRF-SC";"DEL01-SC";"UOP01-DEL01-SC"
330157;2020-12-24;"quinta-feira";"07:50:00";"ES";101;231,5;"FUNDAO";"Falta de Atenção à Condução";"Colisão traseira";"Com Vítimas Feridas";"Pleno dia";"Crescente";"Céu Claro";"Simples";"Reta";"Sim";2;0;1;0;1;0;1;2;-19,94425773;-40,40662323;"SPRF-ES";"DEL02-ES";"UOP01-DEL02-ES"
330158;2020-12-24;"quinta-feira";"08:30:00";"MG";40;660,9;"CARANDAI";"Avarias e/ou desgaste excessivo no pneu";"Colisão com objeto estático";"Com Vítimas Feridas";"Pleno dia";"Crescente";"Garoa/Chuvisco";"Simples";"Curva;Aclive";"Não";3;0;1;0;2;0;1;2;-20,89806015;-43,8232099;"SPRF-MG";"DEL05-MG";"UOP02-DEL05-MG"
330160;2020-12-24;"quinta-feira";"07:55:00";"SP";116;411;"JUQUIA";"Falta de Atenção à Condução";"Saída de leito carroçável";"Com Vítimas Feridas";"Pleno dia";"Decrescente";"Céu Claro";"Dupla";"Reta";"Não";5;0;4;0;1;0;4;1;-24,33308537;-47,60360609;"SPRF-SP";"DEL05-SP";"UOP01-DEL05-SP"
330161;2020-12-24;"quinta-feira";"09:05:00";"SC";101;191;"BIGUACU";"Velocidade Incompatível";"Queda de ocupante de veículo";"Com Vítimas Feridas";"Pleno dia";"Crescente";"Chuva";"Dupla";"Curva";"Não";3;0;1;0;2;0;1;3;-27,47730273;-48,64127329;"SPRF-SC";"DEL01-SC";"UOP01-DEL01-SC"
330162;2020-12-24;"quinta-feira";"07:50:00";"SC";470;173,1;"POUSO REDONDO";"Não guardar distância de segurança";"Colisão traseira";"Com Vítimas Feridas";"Pleno dia";"Crescente";"Sol";"Simples";"Reta";"Sim";3;0;1;0;2;0;1;2;-27,25984;-49,919285;"SPRF-SC";"DEL04-SC";"UOP02-DEL04-SC"
330163;2020-12-24;"quinta-feira";"08:00:00";"RJ";101;432;"MANGARATIBA";"Falta de Atenção à Condução";"Colisão transversal";"Com Vítimas Feridas";"Pleno dia";"Crescente";"Chuva";"Simples";"Declive;Reta";"Não";3;0;1;0;2;0;1;2;-22,93437472;-44,02919087;"SPRF-RJ";"DEL03-RJ";"UOP03-DEL03-RJ"
330164;2020-12-24;"quinta-feira";"08:30:00";"PR";376;589;"CURITIBA";"Não guardar distância de segurança";"Colisão traseira";"Com Vítimas Feridas";"Pleno dia";"Decrescente";"Céu Claro";"Dupla";"Reta";"Não";6;0;4;0;2;0;4;2;-25,44273905;-49,36419842;"SPRF-PR";"DEL01-PR";"UOP01-DEL01-PR"
330165;2020-12-24;"quinta-feira";"09:15:00";"GO";50;101;"CRISTALINA";"Animais na Pista";"Capotamento";"Com Vítimas Feridas";"Pleno dia";"Crescente";"Céu Claro";"Dupla";"Reta";"Não";2;0;2;0;0;0;2;1;-16,9309;-47,7117;"SPRF-DF";"DEL01-DF";"UOP02-DEL01-DF"
330168;2020-12-24;"quinta-feira";"10:14:00";"SC";101;201,3;"SAO JOSE";"Falta de Atenção do Pedestre";"Atropelamento de Pedestre";"Com Vítimas Feridas";"Pleno dia";"Decrescente";"Céu Claro";"Múltipla";"Reta";"Não";2;0;1;0;1;0;1;2;-27,54836599;-48,61977975;"SPRF-SC";"DEL01-SC";"UOP01-DEL01-SC"
330169;2020-12-24;"quinta-feira";"10:00:00";"SP";116;476,9;"JACUPIRANGA";"Falta de Atenção à Condução";"Colisão com objeto estático";"Com Vítimas Feridas";"Pleno dia";"Decrescente";"Céu Claro";"Dupla";"Reta";"Sim";2;0;1;0;1;0;1;1;-24,6928255;-47,99567352;"SPRF-SP";"DEL05-SP";"UOP01-DEL05-SP"
330170;2020-12-24;"quinta-feira";"09:00:00";"GO";40;31;"LUZIANIA";"Condutor Dormindo";"Colisão lateral";"Com Vítimas Feridas";"Pleno dia";"Decrescente";"Céu Claro";"Dupla";"Reta";"Não";4;0;2;0;2;0;2;2;-16,284329;-47,857156;"SPRF-DF";"DEL01-DF";"UOP01-DEL01-DF"
330171;2020-12-24;"quinta-feira";"07:40:00";"BA";101;829,1;"ITAMARAJU";"Falta de Atenção à Condução";"Colisão transversal";"Com Vítimas Feridas";"Pleno dia";"Decrescente";"Céu Claro";"Simples";"Reta";"Não";3;0;0;1;2;0;1;2;-17,12292491;-39,56594646;"SPRF-BA";"DEL09-BA";"UOP02-DEL09-BA"
330172;2020-12-24;"quinta-feira";"09:20:00";"RS";471;174;"RIO PARDO";"Desobediência às normas de trânsito pelo condutor";"Colisão lateral";"Sem Vítimas";"Pleno dia";"Crescente";"Céu Claro";"Simples";"Rotatória";"Sim";5;0;0;0;5;0;0;2;-30,022757;-52,373554;"SPRF-RS";"DEL02-RS";"UOP03-DEL02-RS"
330173;2020-12-24;"quinta-feira";"09:50:00";"RJ";101;261;"RIO BONITO";"Desobediência às normas de trânsito pelo condutor";"Colisão com objeto estático";"Sem Vítimas";"Pleno dia";"Crescente";"Chuva";"Dupla";"Curva";"Não";1;0;0;0;1;0;0;1;-22,71139378;-42,61157199;"SPRF-RJ";"DEL02-RJ";"UOP03-DEL02-RJ"
330174;2020-12-24;"quinta-feira";"06:00:00";"MG";381;343;"BELA VISTA DE MINAS";"Velocidade Incompatível";"Saída de leito carroçável";"Com Vítimas Feridas";"Pleno dia";"Decrescente";"Chuva";"Simples";"Curva";"Não";5;0;2;0;3;0;2;1;-19,85663904;-43,10916603;"SPRF-MG";"DEL03-MG";"UOP01-DEL03-MG"
330175;2020-12-24;"quinta-feira";"08:40:00";"GO";40;125;"CRISTALINA";"Defeito Mecânico no Veículo";"Incêndio";"Sem Vítimas";"Pleno dia";"Crescente";"Nublado";"Dupla";"Reta";"Não";1;0;0;0;1;0;0;1;-16,874138;-47,379037;"SPRF-DF";"DEL01-DF";"UOP02-DEL01-DF"
330176;2020-12-24;"quinta-feira";"10:30:00";"MA";10;250;"IMPERATRIZ";"Desrespeitar a preferência no cruzamento";"Colisão transversal";"Com Vítimas Feridas";"Pleno dia";"Decrescente";"Nublado";"Simples";"Rotatória";"Sim";2;0;1;0;1;0;1;2;-5,550874;-47,459305;"SPRF-MA";"DEL04-MA";"UOP01-DEL04-MA"
330177;2020-12-24;"quinta-feira";"10:50:00";"SC";470;94,7;"APIUNA";"Falta de Atenção à Condução";"Colisão transversal";"Com Vítimas Feridas";"Pleno dia";"Crescente";"Nublado";"Simples";"Reta";"Não";2;0;0;1;1;0;1;2;-27,003345;-49,374668;"SPRF-SC";"DEL04-SC";"UOP01-DEL04-SC"
330178;2020-12-24;"quinta-feira";"08:10:00";"MG";116;780,4;"LEOPOLDINA";"Defeito na Via";"Saída de leito carroçável";"Com Vítimas Feridas";"Pleno dia";"Decrescente";"Chuva";"Simples";"Curva";"Não";2;0;2;0;0;0;2;1;-21,61482397;-42,69263203;"SPRF-MG";"DEL07-MG";"UOP01-DEL07-MG"
330182;2020-12-24;"quinta-feira";"11:15:00";"SE";235;62,6;"ITABAIANA";"Falta de Atenção à Condução";"Colisão lateral";"Com Vítimas Feridas";"Pleno dia";"Decrescente";"Nublado";"Simples";"Reta";"Não";4;0;2;0;2;0;2;2;-10,612578;-37,474567;"SPRF-SE";"DEL01-SE";"UOP02-DEL01-SE"
330183;2020-12-24;"quinta-feira";"11:30:00";"ES";101;299;"CARIACICA";"Desobediência às normas de trânsito pelo condutor";"Colisão transversal";"Com Vítimas Feridas";"Pleno dia";"Decrescente";"Nublado";"Dupla";"Aclive";"Sim";2;0;1;0;1;0;1;2;-20,35860628;-40,42327504;"SPRF-ES";"DEL01-ES";"UOP01-DEL01-ES"
330184;2020-12-24;"quinta-feira";"10:50:00";"CE";222;312;"TIANGUA";"Desobediência às normas de trânsito pelo condutor";"Colisão transversal";"Com Vítimas Feridas";"Pleno dia";"Crescente";"Céu Claro";"Simples";"Reta";"Sim";2;0;1;0;1;0;1;2;-3,71699311;-40,9914242;"SPRF-CE";"DEL04-CE";"UOP02-DEL04-CE"
330185;2020-12-24;"quinta-feira";"10:40:00";"MG";381;616,5;"OLIVEIRA";"Falta de Atenção à Condução";"Saída de leito carroçável";"Com Vítimas Feridas";"Pleno dia";"Decrescente";"Chuva";"Dupla";"Curva;Aclive";"Não";2;0;1;0;1;0;1;1;-20,71902918;-44,76611137;"SPRF-MG";"DEL04-MG";"UOP01-DEL04-MG"
330187;2020-12-24;"quinta-feira";"11:30:00";"RJ";40;90;"PETROPOLIS";"Velocidade Incompatível";"Capotamento";"Com Vítimas Feridas";"Pleno dia";"Decrescente";"Chuva";"Simples";"Curva;Aclive";"Não";1;0;1;0;0;0;1;1;-22,550738;-43,236397;"SPRF-RJ";"DEL06-RJ";"UOP01-DEL06-RJ"
330188;2020-12-24;"quinta-feira";"10:40:00";"MS";463;109,7;"PONTA PORA";"Ingestão de Álcool";"Colisão lateral";"Com Vítimas Feridas";"Pleno dia";"Crescente";"Céu Claro";"Dupla";"Reta";"Sim";3;0;1;0;2;0;1;2;-22,58039272;-55,68886181;"SPRF-MS";"DEL04-MS";"UOP03-DEL04-MS"
330189;2020-12-24;"quinta-feira";"11:20:00";"SC";282;202;"LAGES";"Avarias e/ou desgaste excessivo no pneu";"Saída de leito carroçável";"Com Vítimas Feridas";"Pleno dia";"Decrescente";"Céu Claro";"Simples";"Reta";"Não";5;0;1;0;4;0;1;1;-27,763393;-50,152874;"SPRF-SC";"DEL05-SC";"UOP01-DEL05-SC"
330190;2020-12-24;"quinta-feira";"11:00:00";"RO";364;236,6;"CACOAL";"Ingestão de Álcool";"Colisão lateral";"Com Vítimas Feridas";"Pleno dia";"Decrescente";"Nublado";"Simples";"Reta";"Sim";3;0;2;0;1;0;2;2;-11,44428;-61,44407;"SPRF-RO";"DEL02-RO";"UOP02-DEL02-RO"