"id";"data_inversa";"dia_semana";"horario";"uf";"br";"km";"municipio";"causa_acidente";"tipo_acidente";"classificacao_acidente";"fase_dia";"sentido_via";"condicao_metereologica";"tipo_pista";"tracado_via";"uso_solo";"pessoas";"mortos";"feridos_leves";"feridos_graves";"ilesos";"ignorados";"feridos";"veiculos";"latitude";"longitude";"regional";"delegacia";"uop"
330306;2020-12-24;"quinta-feira";"18:35:00";"ES";101;255;"SERRA";"Não guardar distância de segurança";"Colisão traseira";"Com Vítimas Feridas";"Anoitecer";"Decrescente";"Nublado";"Simples";"Reta";"Não";2;0;1;0;1;0;1;2;-20,11487935;-40,31943619;"SPRF-ES";"DEL02-ES";"UOP01-DEL02-ES"
330307;2020-12-24;"quinta-feira";"19:10:00";"AL";316;54,5;"MARAVILHA";"Animais na Pista";"Atropelamento de Animal";"Sem Vítimas";"Plena Noite";"Crescente";"Nublado";"Simples";"Reta";"Não";1;0;0;0;1;0;0;1;-9,21814574;-37,47674784;"SPRF-AL";"DEL03-AL";"UOP02-DEL03-AL"
330308;2020-12-24;"quinta-feira";"15:00:00";"MT";70;659,7;"CACERES";"Ultrapassagem Indevida";"Saída de leito carroçável";"Com Vítimas Feridas";"Pleno dia";"Decrescente";"Sol";"Simples";"Reta";"Não";2;0;1;0;1;0;1;1;-16,04103947;-57,25804925;"SPRF-MT";"DEL03-MT";"UOP02-DEL03-MT"
330309;2020-12-24;"quinta-feira";"17:10:00";"MG";267;33;"ARGIRITA";"Velocidade Incompatível";"Saída de leito carroçável";"Com Vítimas Feridas";"Pleno dia";"Decrescente";"Chuva";"Simples";"Curva";"Não";1;0;1;0;0;0;1;1;-21,65589725;-42,85528618;"SPRF-MG";"DEL07-MG";"UOP01-DEL07-MG"
330310;2020-12-24;"quinta-feira";"17:10:00";"MT";163;837;"SINOP";"Desobediência às normas de trânsito pelo condutor";"Colisão lateral";"Sem Vítimas";"Pleno dia";"Crescente";"Nublado";"Simples";"Interseção de Vias";"Sim";4;0;0;0;3;1;0;2;-11,968963;-55,51695578;"SPRF-MT";"DEL06-MT";"NPF/DEL06-MT"
330311;2020-12-24;"quinta-feira";"19:50:00";"CE";222;229;"SOBRAL";"Falta de Atenção à Condução";"Colisão lateral";"Com Vítimas Feridas";"Plena Noite";"Crescente";"Céu Claro";"Simples";"Reta";"Não";2;0;0;1;1;0;1;2;-3,69692236;-40,38424981;"SPRF-CE";"DEL04-CE";"UOP01-DEL04-CE"
330313;2020-12-24;"quinta-feira";"17:30:00";"AC";364;131;"RIO BRANCO";"Falta de Atenção à Condução";"Colisão lateral";"Com Vítimas Feridas";"Anoitecer";"Crescente";"Céu Claro";"Simples";"Reta";"Não";2;0;1;1;0;0;2;2;-10,01594689;-67,84093848;"SPRF-AC";"DEL01-AC";"UOP01-DEL01-AC"
330314;2020-12-24;"quinta-feira";"10:20:00";"MT";70;667,9;"CACERES";"Falta de Atenção do Pedestre";"Atropelamento de Pedestre";"Com Vítimas Feridas";"Pleno dia";"Decrescente";"Nublado";"Simples";"Reta";"Não";2;0;0;1;1;0;1;2;-16,0304352;-57,24467585;"SPRF-MT";"DEL03-MT";"UOP02-DEL03-MT"
330315;2020-12-24;"quinta-feira";"17:30:00";"PB";230;166,7;"CAMPINA GRANDE";"Falta de Atenção à Condução";"Saída de leito carroçável";"Sem Vítimas";"Anoitecer";"Decrescente";"Céu Claro";"Simples";"Reta";"Sim";1;0;0;0;0;1;0;1;-7,1976;-35,955;"SPRF-PB";"DEL02-PB";"UOP02-DEL02-PB"
330316;2020-12-24;"quinta-feira";"13:40:00";"MG";40;41,6;"PARACATU";"Falta de Atenção à Condução";"Colisão transversal";"Sem Vítimas";"Pleno dia";"Decrescente";"Nublado";"Simples";"Rotatória;Reta;Interseção de Vias";"Não";2;0;0;0;2;0;0;2;-17,21271307;-46,87295209;"SPRF-MG";"DEL14-MG";"UOP01-DEL14-MG"
330317;2020-12-24;"quinta-feira";"20:00:00";"PR";376;186;"SARANDI";"Ingestão de Álcool";"Colisão traseira";"Com Vítimas Feridas";"Plena Noite";"Decrescente";"Céu Claro";"Dupla";"Reta";"Sim";3;0;1;0;2;0;1;3;-23,45643624;-51,84510713;"SPRF-PR";"DEL09-PR";"UOP01-DEL09-PR"
330318;2020-12-24;"quinta-feira";"17:45:00";"MS";163;492,5;"CAMPO GRANDE";"Ingestão de Álcool";"Saída de leito carroçável";"Com Vítimas Feridas";"Anoitecer";"Crescente";"Nublado";"Simples";"Curva";"Não";1;0;1;0;0;0;1;1;-20,36949987;-54,5320492;"SPRF-MS";"DEL01-MS";"UOP02-DEL01-MS"
330319;2020-12-24;"quinta-feira";"17:45:00";"MS";60;550;"NIOAQUE";"Falta de Atenção à Condução";"Saída de leito carroçável";"Com Vítimas Feridas";"Pleno dia";"Crescente";"Céu Claro";"Simples";"Reta";"Não";2;0;1;0;1;0;1;1;-21,20183067;-55,89638731;"SPRF-MS";"DEL05-MS";"UOP01-DEL05-MS"
330321;2020-12-24;"quinta-feira";"20:00:00";"DF";80;25;"BRASILIA";"Desobediência às normas de trânsito pelo condutor";"Colisão transversal";"Com Vítimas Feridas";"Plena Noite";"Decrescente";"Chuva";"Simples";"Reta";"Sim";3;0;1;0;2;0;1;2;-15,62121;-48,198963;"SPRF-DF";"DEL03-DF";"UOP02-DEL03-DF"
330322;2020-12-24;"quinta-feira";"16:50:00";"ES";101;260;"SERRA";"Falta de Atenção à Condução";"Capotamento";"Com Vítimas Feridas";"Pleno dia";"Decrescente";"Sol";"Dupla";"Reta";"Não";1;0;1;0;0;0;1;1;-20,14616415;-40,28836206;"SPRF-ES";"DEL02-ES";"UOP01-DEL02-ES"
330323;2020-12-24;"quinta-feira";"20:10:00";"CE";116;4,1;"FORTALEZA";"Falta de Atenção do Pedestre";"Atropelamento de Pedestre";"Sem Vítimas";"Plena Noite";"Decrescente";"Céu Claro";"Múltipla";"Reta";"Sim";2;0;0;0;1;1;0;2;-3,7867209;-38,5114568;"SPRF-CE";"DEL01-CE";"UOP02-DEL01-CE"
330324;2020-12-24;"quinta-feira";"20:35:00";"PR";116;154,1;"MANDIRITUBA";"Desobediência às normas de trânsito pelo condutor";"Colisão transversal";"Com Vítimas Feridas";"Plena Noite";"Decrescente";"Nublado";"Simples";"Reta";"Não";3;0;1;0;2;0;1;2;-25,84494819;-49,35033183;"SPRF-PR";"DEL01-PR";"UOP03-DEL01-PR"
330326;2020-12-24;"quinta-feira";"16:45:00";"SC";163;78,5;"SAO MIGUEL DO OESTE";"Desobediência às normas de trânsito pelo condutor";"Colisão transversal";"Com Vítimas Feridas";"Pleno dia";"Crescente";"Sol";"Simples";"Reta";"Sim";2;0;1;1;0;0;2;2;-26,667838;-53,51978017;"SPRF-SC";"DEL07-SC";"UOP03-DEL07-SC"
330327;2020-12-24;"quinta-feira";"19:40:00";"RJ";101;254;"RIO BONITO";"Sinalização da via insuficiente ou inadequada";"Colisão com objeto estático";"Sem Vítimas";"Plena Noite";"Crescente";"Nublado";"Dupla";"Em Obras;Reta;Ponte";"Não";2;0;0;0;2;0;0;1;-22,692225;-42,549546;"SPRF-RJ";"DEL02-RJ";"UOP03-DEL02-RJ"
330328;2020-12-24;"quinta-feira";"20:10:00";"RJ";101;316;"SAO GONCALO";"Ingestão de Álcool";"Colisão com objeto estático";"Sem Vítimas";"Plena Noite";"Crescente";"Chuva";"Dupla";"Reta";"Não";3;0;0;0;3;0;0;2;-22,82835879;-43,09208739;"SPRF-RJ";"DEL02-RJ";"UOP02-DEL02-RJ"
330329;2020-12-24;"quinta-feira";"19:00:00";"ES";482;74,2;"ALEGRE";"Pista Escorregadia";"Saída de leito carroçável";"Com Vítimas Feridas";"Plena Noite";"Crescente";"Chuva";"Simples";"Curva";"Não";2;0;1;1;0;0;2;1;-20,74947091;-41,46586694;"SPRF-ES";"DEL03-ES";"UOP02-DEL03-ES"
330330;2020-12-24;"quinta-feira";"16:30:00";"MT";163;617;"NOVA MUTUM";"Pista Escorregadia";"Saída de leito carroçável";"Com Vítimas Feridas";"Pleno dia";"Crescente";"Chuva";"Simples";"Reta";"Não";2;0;1;0;1;0;1;1;-13,761484;-56,05323601;"SPRF-MT";"DEL01-MT";"UOP01-DEL01-MT"
330331;2020-12-24;"quinta-feira";"18:20:00";"ES";482;126;"GUACUI";"Falta de Atenção à Condução";"Colisão lateral";"Com Vítimas Feridas";"Plena Noite";"Crescente";"Nublado";"Simples";"Reta";"Não";2;0;1;0;1;0;1;2;-20,76797215;-41,81406944;"SPRF-ES";"DEL03-ES";"UOP02-DEL03-ES"
330332;2020-12-24;"quinta-feira";"21:10:00";"SP";116;227,8;"SAO PAULO";"Ingestão de Álcool";"Colisão traseira";"Com Vítimas Feridas";"Plena Noite";"Decrescente";"Céu Claro";"Múltipla";"Reta";"Sim";2;0;1;0;1;0;1;2;-23,49659264;-46,55648754;"SPRF-SP";"DEL01-SP";"UOP01-DEL01-SP"
330333;2020-12-24;"quinta-feira";"18:50:00";"MG";116;283,2;"TEOFILO OTONI";"Desobediência às normas de trânsito pelo condutor";"Colisão traseira";"Com Vítimas Feridas";"Plena Noite";"Crescente";"Nublado";"Simples";"Curva;Aclive";"Não";3;0;1;0;2;0;1;2;-17,911513;-41,527037;"SPRF-MG";"DEL11-MG";"UOP01-DEL11-MG"
330334;2020-12-24;"quinta-feira";"21:00:00";"PI";316;32,2;"DEMERVAL LOBAO";"Falta de Atenção do Pedestre";"Atropelamento de Pedestre";"Com Vítimas Fatais";"Plena Noite";"Decrescente";"Céu Claro";"Simples";"Declive";"Sim";2;1;0;0;0;1;0;2;-5,355252;-42,677066;"SPRF-PI";"DEL01-PI";"UOP02-DEL01-PI"
330336;2020-12-24;"quinta-feira";"21:30:00";"SP";116;280,1;"EMBU DAS ARTES";"Falta de Atenção à Condução";"Saída de leito carroçável";"Com Vítimas Feridas";"Plena Noite";"Decrescente";"Céu Claro";"Dupla";"Reta";"Sim";2;0;2;0;0;0;2;1;-23,66996108;-46,85590758;"SPRF-SP";"DEL04-SP";"UOP01-DEL04-SP"
330337;2020-12-24;"quinta-feira";"22:00:00";"MG";251;505,8;"FRANCISCO SA";"Velocidade Incompatível";"Colisão frontal";"Com Vítimas Feridas";"Plena Noite";"Decrescente";"Céu Claro";"Simples";"Curva";"Não";6;0;1;5;0;0;6;2;-16,61623136;-43,68084596;"SPRF-MG";"DEL12-MG";"UOP01-DEL12-MG"
330338;2020-12-24;"quinta-feira";"13:49:00";"GO";40;154,7;"CRISTALINA";"Falta de Atenção à Condução";"Capotamento";"Com Vítimas Feridas";"Pleno dia";"Crescente";"Nublado";"Simples";"Reta";"Não";3;0;2;0;1;0;2;1;-17,021539;-47,178851;"SPRF-DF";"DEL01-DF";"UOP02-DEL01-DF"
330339;2020-12-24;"quinta-feira";"21:30:00";"RJ";40;120;"DUQUE DE CAXIAS";"Defeito Mecânico no Veículo";"Incêndio";"Sem Vítimas";"Plena Noite";"Decrescente";"Chuva";"Múltipla";"Reta";"Sim";1;0;0;0;0;1;0;1;-22,77280597;-43,28626763;"SPRF-RJ";"DEL01-RJ";"UOP01-DEL01-RJ"
330341;2020-12-24;"quinta-feira";"21:10:00";"SC";163;71,2;"SAO MIGUEL DO OESTE";"Ingestão de Álcool";"Colisão lateral";"Com Vítimas Feridas";"Plena Noite";"Decrescente";"Céu Claro";"Dupla";"Reta";"Sim";1;0;1;0;0;0;1;1;-26,65911819;-53,51816757;"SPRF-SC";"DEL07-SC";"UOP03-DEL07-SC"
330342;2020-12-24;"quinta-feira";"20:15:00";"MG";40;510;"RIBEIRAO DAS NEVES";"Não guardar distância de segurança";"Colisão traseira";"Sem Vítimas";"Plena Noite";"Decrescente";"Nublado";"Dupla";"Reta";"Sim";2;0;0;0;1;1;0;2;-19,77463885;-44,12321882;"SPRF-MG";"DEL01-MG";"UOP02-DEL01-MG"
330343;2020-12-11;"sexta-feira";"12:00:00";"AL";101;95;"RIO LARGO";"Desobediência às normas de trânsito pelo condutor";"Colisão traseira";"Com Vítimas Feridas";"Pleno dia";"Decrescente";"Céu Claro";"Dupla";"Reta";"Não";8;0;2;0;6;0;2;2;-9,52154511;-35,9386769;"SPRF-AL";"DEL01-AL";"UOP01-DEL01-AL"
330344;2020-12-24;"quinta-feira";"22:00:00";"DF";251;36,6;"BRASILIA";"Desobediência às normas de trânsito pelo condutor";"Colisão traseira";"Com Vítimas Feridas";"Plena Noite";"Crescente";"Garoa/Chuvisco";"Simples";"Reta";"Não";2;0;0;1;0;1;1;2;-15,943965;-47,783104;"SPRF-DF";"DEL01-DF";"UOP01-DEL01-DF"
330345;2020-12-24;"quinta-feira";"20:00:00";"BA";324;530;"FEIRA DE SANTANA";"Ingestão de Substâncias Psicoativas";"Saída de leito carroçável";"Sem Vítimas";"Plena Noite";"Decrescente";"Céu Claro";"Dupla";"Curva";"Sim";1;0;0;0;0;1;0;1;-12,33962452;-38,84641171;"SPRF-BA";"DEL01-BA";"UOP03-DEL01-BA"
330346;2020-12-24;"quinta-feira";"21:40:00";"RJ";101;431;"MANGARATIBA";"Falta de Atenção à Condução";"Colisão frontal";"Com Vítimas Feridas";"Plena Noite";"Crescente";"Chuva";"Simples";"Curva";"Não";4;0;2;2;0;0;4;2;-22,93161457;-44,02396401;"SPRF-RJ";"DEL03-RJ";"UOP03-DEL03-RJ"
330347;2020-12-24;"quinta-feira";"22:15:00";"SP";116;220;"GUARULHOS";"Falta de Atenção à Condução";"Colisão com objeto estático";"Com Vítimas Feridas";"Plena Noite";"Decrescente";"Nublado";"Múltipla";"Reta";"Sim";1;0;1;0;0;0;1;1;-23,46472809;-46,49793962;"SPRF-SP";"DEL01-SP";"UOP01-DEL01-SP"
330348;2020-12-24;"quinta-feira";"22:00:00";"RJ";101;277;"TANGUA";"Falta de Atenção à Condução";"Colisão traseira";"Com Vítimas Feridas";"Plena Noite";"Decrescente";"Chuva";"Dupla";"Reta";"Sim";2;0;0;1;1;0;1;2;-22,73943906;-42,748279;"SPRF-RJ";"DEL02-RJ";"UOP03-DEL02-RJ"
330349;2020-12-24;"quinta-feira";"23:00:00";"PR";369;150;"LONDRINA";"Falta de Atenção à Condução";"Colisão traseira";"Com Vítimas Feridas";"Plena Noite";"Crescente";"Céu Claro";"Dupla";"Interseção de Vias";"Sim";2;0;1;0;0;1;1;2;-23,29293933;-51,16278827;"SPRF-PR";"DEL07-PR";"UOP01-DEL07-PR"
330350;2020-12-24;"quinta-feira";"22:50:00";"MG";381;455,8;"BELO HORIZONTE";"Desobediência às normas de trânsito pelo condutor";"Colisão transversal";"Com Vítimas Feridas";"Plena Noite";"Decrescente";"Chuva";"Dupla";"Declive;Reta";"Sim";2;0;0;1;0;1;1;2;-19,842407;-43,885521;"SPRF-MG";"DEL01-MG";"UOP01-DEL01-MG"
330352;2020-12-24;"quinta-feira";"23:00:00";"BA";116;421;"FEIRA DE SANTANA";"Falta de Atenção do Pedestre";"Atropelamento de Pedestre";"Com Vítimas Feridas";"Plena Noite";"Crescente";"Céu Claro";"Dupla";"Reta";"Sim";2;0;0;2;0;0;2;2;-12,211936;-38,96567;"SPRF-BA";"DEL02-BA";"UOP01-DEL02-BA"
330353;2020-12-24;"quinta-feira";"16:20:00";"MS";163;499;"CAMPO GRANDE";"Falta de Atenção à Condução";"Tombamento";"Com Vítimas Feridas";"Pleno dia";"Decrescente";"Céu Claro";"Dupla";"Reta";"Não";2;0;1;0;1;0;1;1;-20,343867;-54,518513;"SPRF-MS";"DEL01-MS";"UOP02-DEL01-MS"
330354;2020-12-24;"quinta-feira";"22:00:00";"RJ";101;264;"RIO BONITO";"Defeito Mecânico no Veículo";"Incêndio";"Sem Vítimas";"Plena Noite";"Decrescente";"Chuva";"Dupla";"Reta";"Sim";5;0;0;0;5;0;0;1;-22,71818337;-42,63600702;"SPRF-RJ";"DEL02-RJ";"UOP03-DEL02-RJ"
330355;2020-12-24;"quinta-feira";"23:30:00";"PR";116;147,1;"MANDIRITUBA";"Ingestão de álcool e/ou substâncias psicoativas pelo pedestre";"Colisão frontal";"Com Vítimas Feridas";"Plena Noite";"Crescente";"Céu Claro";"Múltipla";"Reta";"Não";2;0;0;1;1;0;1;2;-25,79053901;-49,32743694;"SPRF-PR";"DEL01-PR";"UOP03-DEL01-PR"
330356;2020-12-24;"quinta-feira";"21:00:00";"TO";230;133;"ARAGUATINS";"Desobediência às normas de trânsito pelo condutor";"Colisão traseira";"Com Vítimas Fatais";"Plena Noite";"Decrescente";"Céu Claro";"Simples";"Reta";"Não";2;1;0;0;0;1;0;2;-5,75436512;-48,05733512;"SPRF-TO";"DEL02-TO";"UOP03-DEL02-TO"
330357;2020-12-24;"quinta-feira";"22:50:00";"TO";153;133;"ARAGUAINA";"Falta de Atenção à Condução";"Tombamento";"Com Vítimas Feridas";"Plena Noite";"Crescente";"Nublado";"Simples";"Reta";"Não";3;0;3;0;0;0;3;1;-7,11461109;-48,18743388;"SPRF-TO";"DEL02-TO";"UOP01-DEL02-TO"
330360;2020-12-24;"quinta-feira";"19:30:00";"MG";262;38,5;"MANHUACU";"Defeito Mecânico no Veículo";"Incêndio";"Sem Vítimas";"Plena Noite";"Decrescente";"Nublado";"Simples";"Reta";"Sim";1;0;0;0;1;0;0;1;-20,26305859;-42,03684948;"SPRF-MG";"DEL06-MG";"UOP03-DEL06-MG"
330362;2020-12-25;"sexta-feira";"00:10:00";"GO";70;32;"COCALZINHO DE GOIAS";"Falta de Atenção à Condução";"Atropelamento de Pedestre";"Com Vítimas Feridas";"Plena Noite";"Crescente";"Céu Claro";"Simples";"Curva";"Não";4;0;2;1;0;1;3;2;-15,77488021;-48,46853279;"SPRF-DF";"DEL03-DF";"UOP02-DEL03-DF"
330363;2020-12-24;"quinta-feira";"22:30:00";"MT";163;832;"SINOP";"Falta de Atenção à Condução";"Colisão com objeto estático";"Com Vítimas Feridas";"Plena Noite";"Crescente";"Céu Claro";"Simples";"Rotatória";"Sim";2;0;1;1;0;0;2;1;-12,0138;-55,51719;"SPRF-MT";"DEL06-MT";"UOP01-DEL06-MT"
330364;2020-12-25;"sexta-feira";"00:30:00";"ES";101;270,1;"SERRA";"Animais na Pista";"Atropelamento de Animal";"Com Vítimas Feridas";"Plena Noite";"Crescente";"Céu Claro";"Dupla";"Reta";"Sim";2;0;0;1;1;0;1;2;-20,22662056;-40,27075088;"SPRF-ES";"DEL02-ES";"UOP01-DEL02-ES"
330366;2020-12-25;"sexta-feira";"00:50:00";"SC";101;138;"BALNEARIO CAMBORIU";"Avarias e/ou desgaste excessivo no pneu";"Queda de ocupante de veículo";"Com Vítimas Feridas";"Plena Noite";"Decrescente";"Nublado";"Dupla";"Reta";"Não";2;0;2;0;0;0;2;1;-27,02397426;-48,60761649;"SPRF-SC";"DEL04-SC";"UOP03-DEL04-SC"
330368;2020-12-25;"sexta-feira";"00:15:00";"MG";40;518;"RIBEIRAO DAS NEVES";"Não guardar distância de segurança";"Colisão traseira";"Com Vítimas Feridas";"Plena Noite";"Decrescente";"Nublado";"Dupla";"Reta";"Sim";2;0;1;0;1;0;1;2;-19,8321242;-44,08208533;"SPRF-MG";"DEL01-MG";"UOP02-DEL01-MG"
330369;2020-12-24;"quinta-feira";"23:30:00";"SC";282;430,2;"VARGEM BONITA";"Falta de Atenção à Condução";"Saída de leito carroçável";"Com Vítimas Feridas";"Plena Noite";"Decrescente";"Céu Claro";"Simples";"Declive;Curva";"Não";5;0;2;0;3;0;2;2;-26,98404107;-51,7912674;"SPRF-SC";"DEL07-SC";"UOP05-DEL07-SC"
330370;2020-12-25;"sexta-feira";"01:15:00";"PE";428;140,4;"PETROLINA";"Falta de Atenção à Condução";"Colisão com objeto estático";"Sem Vítimas";"Plena Noite";"Decrescente";"Céu Claro";"Simples";"Ponte";"Sim";1;0;0;0;1;0;0;1;-8,992364;-40,270164;"SPRF-PE";"DEL06-PE";"UOP01-DEL06-PE"
330371;2020-12-25;"sexta-feira";"02:30:00";"SP";381;86,5;"SAO PAULO";"Falta de Atenção do Pedestre";"Atropelamento de Pedestre";"Com Vítimas Feridas";"Plena Noite";"Decrescente";"Céu Claro";"Múltipla";"Reta";"Não";2;0;0;1;1;0;1;2;-23,45930499;-46,57161179;"SPRF-SP";"DEL03-SP";"UOP01-DEL03-SP"
330372;2020-12-25;"sexta-feira";"02:35:00";"PE";423;60,4;"LAJEDO";"Ingestão de Álcool";"Colisão traseira";"Com Vítimas Feridas";"Plena Noite";"Crescente";"Céu Claro";"Simples";"Reta";"Sim";4;0;2;1;1;0;3;2;-8,65394006;-36,32109791;"SPRF-PE";"DEL03-PE";"UOP01-DEL03-PE"
330373;2020-12-25;"sexta-feira";"02:40:00";"SC";101;218,3;"PALHOCA";"Ingestão de Álcool";"Colisão com objeto estático";"Sem Vítimas";"Plena Noite";"Crescente";"Céu Claro";"Dupla";"Reta";"Não";1;0;0;0;1;0;0;1;-27,6758601;-48,67052525;"SPRF-SC";"DEL01-SC";"UOP02-DEL01-SC"
330374;2020-12-25;"sexta-feira";"03:00:00";"ES";101;297,3;"VIANA";"Condutor Dormindo";"Colisão com objeto estático";"Com Vítimas Fatais";"Plena Noite";"Decrescente";"Nublado";"Múltipla";"Reta;Ponte";"Sim";1;1;0;0;0;0;0;1;-20,34881166;-40,41200638;"SPRF-ES";"DEL01-ES";"UOP01-DEL01-ES"
330375;2020-12-25;"sexta-feira";"02:00:00";"MT";163;834;"SINOP";"Falta de Atenção à Condução";"Colisão com objeto estático";"Com Vítimas Feridas";"Plena Noite";"Crescente";"Nublado";"Dupla";"Reta;Rotatória;Interseção de Vias";"Sim";2;0;0;2;0;0;2;1;-11,995863;-55,51709;"SPRF-MT";"DEL06-MT";"UOP01-DEL06-MT"
330376;2020-12-25;"sexta-feira";"01:30:00";"BA";324;621;"SALVADOR";"Velocidade Incompatível";"Capotamento";"Sem Vítimas";"Plena Noite";"Crescente";"Céu Claro";"Dupla";"Reta";"Sim";1;0;0;0;0;1;0;1;-12,91233708;-38,45956983;"SPRF-BA";"DEL01-BA";"UOP01-DEL01-BA"
330377;2020-12-25;"sexta-feira";"02:30:00";"PB";230;23;"JOAO PESSOA";"Velocidade Incompatível";"Colisão traseira";"Com Vítimas Feridas";"Plena Noite";"Decrescente";"Céu Claro";"Dupla";"Viaduto";"Sim";3;0;0;2;0;1;2;2;-7,1562;-34,8574;"SPRF-PB";"DEL01-PB";"UOP01-DEL01-PB"
330378;2020-12-25;"sexta-feira";"01:40:00";"RJ";101;408;"ITAGUAI";"Falta de Atenção à Condução";"Colisão traseira";"Sem Vítimas";"Plena Noite";"Crescente";"Garoa/Chuvisco";"Dupla";"Reta";"Sim";4;0;0;0;3;1;0;3;-22,888106;-43,838026;"SPRF-RJ";"DEL03-RJ";"UOP01-DEL03-RJ"
330379;2020-12-25;"sexta-feira";"03:18:00";"GO";153;512,8;"APARECIDA DE GOIANIA";"Falta de Atenção à Condução";"Colisão com objeto estático";"Com Vítimas Feridas";"Plena Noite";"Decrescente";"Chuva";"Dupla";"Reta";"Sim";1;0;1;0;0;0;1;1;-16,8156;-49,2402;"SPRF-GO";"DEL01-GO";"UOP03-DEL01-GO"
330380;2020-12-25;"sexta-feira";"02:15:00";"SP";381;83;"SAO PAULO";"Defeito Mecânico no Veículo";"Incêndio";"Sem Vítimas";"Plena Noite";"Crescente";"Nublado";"Múltipla";"Reta";"Sim";1;0;0;0;0;1;0;1;-23,4309671;-46,56998022;"SPRF-SP";"DEL03-SP";"UOP01-DEL03-SP"
330382;2020-12-25;"sexta-feira";"03:00:00";"PR";116;18;"CURITIBA";"Desobediência às normas de trânsito pelo condutor";"Colisão transversal";"Com Vítimas Fatais";"Plena Noite";"Decrescente";"Céu Claro";"Dupla";"Reta";"Sim";2;1;0;0;0;1;0;2;-25,388968;-49,201041;"SPRF-PR";"DEL01-PR";"UOP02-DEL01-PR"
330383;2020-12-24;"quinta-feira";"21:30:00";"RO";364;481;"ARIQUEMES";"Falta de Atenção à Condução";"Colisão frontal";"Com Vítimas Feridas";"Plena Noite";"Crescente";"Nublado";"Simples";"Reta";"Não";5;0;1;2;2;0;3;2;-10,11145129;-62,85053149;"SPRF-RO";"DEL03-RO";"UOP01-DEL03-RO"
330384;2020-12-25;"sexta-feira";"02:20:00";"PI";343;12,5;"PARNAIBA";"Ingestão de álcool e/ou substâncias psicoativas pelo pedestre";"Atropelamento de Pedestre";"Com Vítimas Feridas";"Plena Noite";"Crescente";"Céu Claro";"Dupla";"Reta";"Sim";2;0;1;0;0;1;1;2;-2,91542627;-41,75408413;"SPRF-PI";"DEL05-PI";"UOP01-DEL05-PI"
330385;2020-12-25;"sexta-feira";"03:45:00";"SP";153;117,6;"UBARANA";"Falta de Atenção à Condução";"Colisão frontal";"Com Vítimas Feridas";"Plena Noite";"Crescente";"Céu Claro";"Simples";"Reta";"Não";4;0;2;2;0;0;4;2;-21,14572082;-49,70300934;"SPRF-SP";"DEL09-SP";"UOP01-DEL09-SP"
330387;2020-12-25;"sexta-feira";"02:30:00";"RJ";40;122;"DUQUE DE CAXIAS";"Falta de Atenção à Condução";"Capotamento";"Com Vítimas Feridas";"Amanhecer";"Decrescente";"Garoa/Chuvisco";"Múltipla";"Reta";"Sim";1;0;0;1;0;0;1;1;-22,79083113;-43,28611569;"SPRF-RJ";"DEL01-RJ";"UOP01-DEL01-RJ"
330388;2020-12-25;"sexta-feira";"04:10:00";"RS";290;16,1;"SANTO ANTONIO DA PATRULHA";"Condutor Dormindo";"Saída de leito carroçável";"Com Vítimas Feridas";"Plena Noite";"Decrescente";"Céu Claro";"Múltipla";"Reta";"Não";2;0;2;0;0;0;2;1;-29,87213155;-50,41916728;"SPRF-RS";"DEL03-RS";"UOP01-DEL03-RS"
330391;2020-12-25;"sexta-feira";"02:15:00";"MA";10;223;"GOVERNADOR EDISON LOBAO";"Desobediência às normas de trânsito pelo condutor";"Colisão frontal";"Com Vítimas Fatais";"Plena Noite";"Decrescente";"Chuva";"Simples";"Reta";"Sim";3;2;0;0;0;1;0;2;-5,763524;-47,359402;"SPRF-MA";"DEL04-MA";"UOP01-DEL04-MA"
330393;2020-12-25;"sexta-feira";"05:30:00";"PE";408;96,8;"SAO LOURENCO DA MATA";"Velocidade Incompatível";"Saída de leito carroçável";"Com Vítimas Feridas";"Amanhecer";"Crescente";"Céu Claro";"Dupla";"Reta";"Não";1;0;1;0;0;0;1;1;-8,02062;-35,041045;"SPRF-PE";"DEL01-PE";"UOP01-DEL01-PE"
330394;2020-12-25;"sexta-feira";"05:15:00";"PE";101;69,2;"RECIFE";"Defeito Mecânico no Veículo";"Saída de leito carroçável";"Com Vítimas Feridas";"Amanhecer";"Crescente";"Chuva";"Dupla";"Reta";"Sim";2;0;2;0;0;0;2;1;-8,05951606;-34,94581024;"SPRF-PE";"DEL01-PE";"UOP01-DEL01-PE"
330397;2020-12-25;"sexta-feira";"05:40:00";"MG";40;812,1;"MATIAS BARBOSA";"Velocidade Incompatível";"Colisão com objeto estático";"Com Vítimas Feridas";"Amanhecer";"Decrescente";"Nublado";"Dupla";"Curva";"Não";1;0;1;0;0;0;1;1;-21,881958;-43,329433;"SPRF-MG";"DEL05-MG";"UOP01-DEL05-MG"
330398;2020-12-25;"sexta-feira";"06:00:00";"CE";222;25;"CAUCAIA";"Ingestão de Álcool";"Colisão traseira";"Sem Vítimas";"Pleno dia";"Decrescente";"Céu Claro";"Simples";"Reta";"Não";2;0;0;0;2;0;0;2;-3,7266762;-38,77703408;"SPRF-CE";"DEL01-CE";"UOP01-DEL01-CE"