"id";"data_inversa";"dia_semana";"horario";"uf";"br";"km";"municipio";"causa_acidente";"tipo_acidente";"classificacao_acidente";"fase_dia";"sentido_via";"condicao_metereologica";"tipo_pista";"tracado_via";"uso_solo";"pessoas";"mortos";"feridos_leves";"feridos_graves";"ilesos";"ignorados";"feridos";"veiculos";"latitude";"longitude";"regional";"delegacia";"uop"
330487;2020-12-25;"sexta-feira";"15:15:00";"MT";364;265;"SAO PEDRO DA CIPA";"Desobediência às normas de trânsito pelo condutor";"Colisão transversal";"Com Vítimas Feridas";"Pleno dia";"Decrescente";"Sol";"Dupla";"Retorno Regulamentado;Reta";"Não";4;0;2;0;2;0;2;2;-15,99969112;-54,91701365;"SPRF-MT";"DEL02-MT";"UOP01-DEL02-MT"
330488;2020-12-25;"sexta-feira";"15:50:00";"RJ";101;282;"ITABORAI";"Falta de Atenção à Condução";"Tombamento";"Com Vítimas Feridas";"Pleno dia";"Decrescente";"Chuva";"Dupla";"Viaduto";"Não";2;0;0;2;0;0;2;1;-22,7371391;-42,79664601;"SPRF-RJ";"DEL02-RJ";"UOP03-DEL02-RJ"
330489;2020-12-25;"sexta-feira";"13:00:00";"RJ";40;92,5;"PETROPOLIS";"Pista Escorregadia";"Colisão com objeto estático";"Com Vítimas Feridas";"Pleno dia";"Crescente";"Chuva";"Dupla";"Curva";"Não";2;0;1;0;1;0;1;1;-22,55191954;-43,25068815;"SPRF-RJ";"DEL06-RJ";"UOP01-DEL06-RJ"
330490;2020-12-11;"sexta-feira";"15:00:00";"MG";381;484,5;"BETIM";"Não guardar distância de segurança";"Engavetamento";"Com Vítimas Feridas";"Pleno dia";"Crescente";"Céu Claro";"Dupla";"Reta";"Sim";5;0;1;0;4;0;1;4;-19,95531717;-44,11722196;"SPRF-MG";"DEL01-MG";"UOP03-DEL01-MG"
330491;2020-12-25;"sexta-feira";"16:00:00";"MS";262;558,4;"MIRANDA";"Velocidade Incompatível";"Saída de leito carroçável";"Com Vítimas Feridas";"Pleno dia";"Crescente";"Céu Claro";"Dupla";"Rotatória";"Sim";2;0;2;0;0;0;2;1;-20,234459;-56,375786;"SPRF-MS";"DEL03-MS";"UOP02-DEL03-MS"
330492;2020-12-25;"sexta-feira";"16:40:00";"MG";381;890,2;"CAMBUI";"Velocidade Incompatível";"Saída de leito carroçável";"Com Vítimas Feridas";"Pleno dia";"Decrescente";"Chuva";"Dupla";"Curva";"Não";1;0;1;0;0;0;1;1;-22,54088126;-46,03746313;"SPRF-MG";"DEL16-MG";"UOP03-DEL16-MG"
330493;2020-12-25;"sexta-feira";"16:30:00";"RJ";40;78;"PETROPOLIS";"Falta de Atenção à Condução";"Saída de leito carroçável";"Com Vítimas Feridas";"Pleno dia";"Crescente";"Chuva";"Simples";"Curva";"Não";1;0;1;0;0;0;1;1;-22,48485874;-43,22843406;"SPRF-RJ";"DEL06-RJ";"UOP01-DEL06-RJ"
330494;2020-12-25;"sexta-feira";"15:30:00";"RJ";101;321;"NITEROI";"Falta de Atenção à Condução";"Colisão com objeto estático";"Com Vítimas Feridas";"Pleno dia";"Decrescente";"Chuva";"Múltipla";"Reta";"Sim";2;0;1;0;1;0;1;1;-22,86981096;-43,11046465;"SPRF-RJ";"DEL02-RJ";"UOP02-DEL02-RJ"
330496;2020-12-25;"sexta-feira";"17:00:00";"BA";116;393;"SANTA BARBARA";"Velocidade Incompatível";"Atropelamento de Pedestre";"Com Vítimas Feridas";"Anoitecer";"Crescente";"Céu Claro";"Simples";"Reta";"Sim";2;0;1;1;0;0;2;2;-11,96552297;-38,97397182;"SPRF-BA";"DEL02-BA";"UOP01-DEL02-BA"
330497;2020-12-25;"sexta-feira";"17:00:00";"RS";470;158,9;"NOVA PRATA";"Velocidade Incompatível";"Saída de leito carroçável";"Sem Vítimas";"Pleno dia";"Decrescente";"Nublado";"Simples";"Rotatória";"Sim";2;0;0;0;2;0;0;1;-28,80070971;-51,61032021;"SPRF-RS";"DEL06-RS";"UOP02-DEL06-RS"
330498;2020-12-25;"sexta-feira";"08:50:00";"MG";116;209;"CATUJI";"Falta de Atenção à Condução";"Colisão lateral";"Com Vítimas Feridas";"Pleno dia";"Decrescente";"Céu Claro";"Simples";"Reta";"Sim";4;0;1;0;3;0;1;2;-17,31584103;-41,52356589;"SPRF-MG";"DEL11-MG";"UOP01-DEL11-MG"
330500;2020-12-25;"sexta-feira";"18:00:00";"CE";116;23;"AQUIRAZ";"Falta de Atenção à Condução";"Saída de leito carroçável";"Com Vítimas Feridas";"Plena Noite";"Crescente";"Céu Claro";"Múltipla";"Interseção de Vias";"Não";2;0;1;1;0;0;2;1;-3,94905489;-38,51212845;"SPRF-CE";"DEL01-CE";"UOP02-DEL01-CE"
330501;2020-12-25;"sexta-feira";"18:00:00";"RJ";116;133;"MAGE";"Falta de Atenção à Condução";"Colisão traseira";"Sem Vítimas";"Anoitecer";"Decrescente";"Chuva";"Dupla";"Retorno Regulamentado;Reta";"Sim";2;0;0;0;2;0;0;2;-22,65418284;-43,14382995;"SPRF-RJ";"DEL04-RJ";"UOP02-DEL04-RJ"
330502;2020-12-25;"sexta-feira";"18:10:00";"PR";376;175,7;"MARINGA";"Falta de Atenção à Condução";"Queda de ocupante de veículo";"Com Vítimas Feridas";"Anoitecer";"Decrescente";"Céu Claro";"Dupla";"Reta";"Sim";1;0;1;0;0;0;1;1;-23,4113569;-51,9407767;"SPRF-PR";"DEL09-PR";"UOP01-DEL09-PR"
330503;2020-12-25;"sexta-feira";"18:30:00";"SE";235;105,5;"CARIRA";"Restrição de Visibilidade";"Atropelamento de Pedestre";"Com Vítimas Feridas";"Plena Noite";"Decrescente";"Céu Claro";"Simples";"Reta";"Não";2;0;0;1;0;1;1;2;-10,374729;-37,686367;"SPRF-SE";"DEL01-SE";"UOP02-DEL01-SE"
330504;2020-12-25;"sexta-feira";"18:30:00";"MG";381;628,4;"OLIVEIRA";"Velocidade Incompatível";"Capotamento";"Com Vítimas Feridas";"Plena Noite";"Decrescente";"Chuva";"Dupla";"Curva;Aclive";"Não";4;0;2;1;1;0;3;1;-20,82225562;-44,80089426;"SPRF-MG";"DEL04-MG";"UOP01-DEL04-MG"
330505;2020-12-25;"sexta-feira";"18:15:00";"PR";369;138,7;"IBIPORA";"Falta de Atenção à Condução";"Tombamento";"Com Vítimas Feridas";"Pleno dia";"Crescente";"Céu Claro";"Dupla";"Reta";"Sim";1;0;1;0;0;0;1;1;-23,2738599;-51,0570281;"SPRF-PR";"DEL07-PR";"UOP01-DEL07-PR"
330506;2020-12-25;"sexta-feira";"18:30:00";"BA";324;583,5;"CANDEIAS";"Ingestão de Álcool";"Saída de leito carroçável";"Com Vítimas Feridas";"Plena Noite";"Crescente";"Céu Claro";"Dupla";"Declive;Reta";"Não";2;0;1;0;1;0;1;1;-12,62718916;-38,48115921;"SPRF-BA";"DEL01-BA";"UOP01-DEL01-BA"
330507;2020-12-25;"sexta-feira";"16:20:00";"MG";262;796;"UBERABA";"Ultrapassagem Indevida";"Saída de leito carroçável";"Com Vítimas Feridas";"Pleno dia";"Crescente";"Nublado";"Simples";"Reta";"Não";2;0;1;0;1;0;1;1;-19,7709394;-47,90833294;"SPRF-MG";"DEL13-MG";"UOP01-DEL13-MG"
330508;2020-12-25;"sexta-feira";"14:10:00";"MS";267;36,7;"BATAGUASSU";"Defeito Mecânico no Veículo";"Incêndio";"Sem Vítimas";"Pleno dia";"Decrescente";"Céu Claro";"Simples";"Aclive";"Não";1;0;0;0;1;0;0;1;-21,75259789;-52,4790051;"SPRF-MS";"DEL02-MS";"UOP04-DEL02-MS"
330509;2020-12-25;"sexta-feira";"18:37:00";"RO";364;343;"JI-PARANA";"Desobediência às normas de trânsito pelo condutor";"Colisão frontal";"Com Vítimas Feridas";"Anoitecer";"Decrescente";"Céu Claro";"Dupla";"Interseção de Vias";"Sim";3;0;2;0;1;0;2;2;-10,87878519;-61,94499012;"SPRF-RO";"DEL02-RO";"UOP01-DEL02-RO"
330510;2020-12-25;"sexta-feira";"13:00:00";"PI";135;427;"REDENCAO DO GURGUEIA";"Falta de Atenção à Condução";"Saída de leito carroçável";"Com Vítimas Feridas";"Pleno dia";"Decrescente";"Céu Claro";"Simples";"Reta";"Não";4;0;3;0;0;1;3;2;-9,52054299;-44,74010232;"SPRF-PI";"DEL03-PI";"UOP02-DEL03-PI"
330511;2020-12-25;"sexta-feira";"17:25:00";"MG";116;232,3;"TEOFILO OTONI";"Ingestão de Álcool";"Colisão frontal";"Com Vítimas Fatais";"Pleno dia";"Decrescente";"Céu Claro";"Simples";"Curva";"Não";4;1;0;0;3;0;0;2;-17,50510448;-41,48875237;"SPRF-MG";"DEL11-MG";"UOP01-DEL11-MG"
330513;2020-12-25;"sexta-feira";"19:15:00";"RJ";493;50;"DUQUE DE CAXIAS";"Reação tardia ou ineficiente do condutor";"Saída de leito carroçável";"Com Vítimas Feridas";"Plena Noite";"Decrescente";"Chuva";"Dupla";"Reta";"Não";1;0;1;0;0;0;1;1;-22,672089;-43,285053;"SPRF-RJ";"DEL01-RJ";"UOP01-DEL01-RJ"
330514;2020-12-25;"sexta-feira";"17:25:00";"SC";282;646;"SAO MIGUEL DO OESTE";"Falta de Atenção à Condução";"Colisão lateral";"Sem Vítimas";"Pleno dia";"Crescente";"Céu Claro";"Simples";"Reta";"Sim";4;0;0;0;2;2;0;3;-26,763933;-53,496826;"SPRF-SC";"DEL07-SC";"UOP03-DEL07-SC"
330515;2020-12-25;"sexta-feira";"19:45:00";"PR";376;296;"MAUA DA SERRA";"Não guardar distância de segurança";"Colisão traseira";"Com Vítimas Feridas";"Plena Noite";"Crescente";"Céu Claro";"Dupla";"Curva";"Não";3;0;1;1;1;0;2;2;-23,93591221;-51,16170161;"SPRF-PR";"DEL07-PR";"UOP03-DEL07-PR"
330517;2020-12-25;"sexta-feira";"20:10:00";"MG";116;695,3;"MURIAE";"Animais na Pista";"Atropelamento de Animal";"Com Vítimas Feridas";"Plena Noite";"Crescente";"Chuva";"Simples";"Reta";"Não";5;0;3;2;0;0;5;1;-21,06178813;-42,36631225;"SPRF-MG";"DEL07-MG";"UOP02-DEL07-MG"
330518;2020-12-25;"sexta-feira";"18:10:00";"SC";282;170,7;"BOCAINA DO SUL";"Defeito Mecânico no Veículo";"Colisão traseira";"Com Vítimas Feridas";"Pleno dia";"Crescente";"Sol";"Simples";"Declive";"Não";6;0;3;1;2;0;4;2;-27,741282;-49,843479;"SPRF-SC";"DEL05-SC";"UOP01-DEL05-SC"
330519;2020-12-25;"sexta-feira";"16:10:00";"RJ";101;181,4;"RIO DAS OSTRAS";"Pista Escorregadia";"Saída de leito carroçável";"Com Vítimas Feridas";"Pleno dia";"Decrescente";"Chuva";"Simples";"Curva";"Não";3;0;3;0;0;0;3;1;-22,41692381;-42,00103036;"SPRF-RJ";"DEL08-RJ";"UOP04-DEL08-RJ"
330521;2020-12-25;"sexta-feira";"20:00:00";"PA";308;206,6;"BRAGANCA";"Ingestão de Álcool";"Colisão frontal";"Com Vítimas Feridas";"Plena Noite";"Crescente";"Céu Claro";"Simples";"Reta";"Sim";4;0;0;1;1;2;1;3;-1,06698544;-46,74708366;"SPRF-PA";"DEL01-PA";"UOP03-DEL01-PA"
330523;2020-12-25;"sexta-feira";"15:30:00";"AL";101;24,5;"JOAQUIM GOMES";"Falta de Atenção à Condução";"Colisão com objeto estático";"Com Vítimas Feridas";"Pleno dia";"Decrescente";"Céu Claro";"Simples";"Reta";"Não";1;0;1;0;0;0;1;1;-9,05000091;-35,71075009;"SPRF-AL";"DEL01-AL";"UOP02-DEL01-AL"
330527;2020-12-25;"sexta-feira";"20:25:00";"SC";282;4;"FLORIANOPOLIS";"Mal Súbito";"Saída de leito carroçável";"Com Vítimas Feridas";"Plena Noite";"Crescente";"Nublado";"Múltipla";"Interseção de Vias;Curva";"Sim";1;0;1;0;0;0;1;1;-27,59331348;-48,60247005;"SPRF-SC";"DEL01-SC";"UOP01-DEL01-SC"
330528;2020-12-25;"sexta-feira";"19:00:00";"AC";364;124;"RIO BRANCO";"Falta de Atenção à Condução";"Atropelamento de Pedestre";"Com Vítimas Feridas";"Plena Noite";"Crescente";"Céu Claro";"Simples";"Reta";"Sim";2;0;0;1;1;0;1;2;-10,01152469;-67,79140099;"SPRF-AC";"DEL01-AC";"UOP01-DEL01-AC"
330529;2020-12-25;"sexta-feira";"19:30:00";"MA";135;50;"BACABEIRA";"Transitar na contramão";"Colisão frontal";"Com Vítimas Feridas";"Plena Noite";"Decrescente";"Céu Claro";"Dupla";"Reta";"Sim";2;0;0;1;1;0;1;2;-2,96378009;-44,32065224;"SPRF-MA";"DEL01-MA";"UOP01-DEL01-MA"
330530;2020-12-25;"sexta-feira";"20:40:00";"BA";324;613;"SALVADOR";"Falta de Atenção à Condução";"Queda de ocupante de veículo";"Com Vítimas Feridas";"Plena Noite";"Decrescente";"Céu Claro";"Simples";"Reta";"Não";1;0;1;0;0;0;1;1;-12,85531601;-38,42055197;"SPRF-BA";"DEL01-BA";"UOP01-DEL01-BA"
330531;2020-12-25;"sexta-feira";"20:30:00";"MG";40;508,6;"RIBEIRAO DAS NEVES";"Desobediência às normas de trânsito pelo condutor";"Colisão traseira";"Com Vítimas Feridas";"Plena Noite";"Crescente";"Garoa/Chuvisco";"Dupla";"Curva";"Sim";4;0;1;0;2;1;1;3;-19,76061249;-44,1347544;"SPRF-MG";"DEL02-MG";"UOP01-DEL02-MG"
330532;2020-12-25;"sexta-feira";"19:00:00";"MG";262;366,9;"JUATUBA";"Não guardar distância de segurança";"Colisão traseira";"Com Vítimas Feridas";"Plena Noite";"Crescente";"Céu Claro";"Dupla";"Reta";"Sim";2;0;0;1;1;0;1;2;-19,974217;-44,261798;"SPRF-MG";"DEL01-MG";"UOP03-DEL01-MG"
330533;2020-12-25;"sexta-feira";"19:38:00";"PB";230;410;"POMBAL";"Desobediência às normas de trânsito pelo condutor";"Colisão frontal";"Com Vítimas Fatais";"Plena Noite";"Crescente";"Céu Claro";"Simples";"Aclive";"Não";3;1;0;0;2;0;0;2;-6,7494;-37,7884;"SPRF-PB";"DEL03-PB";"UOP02-DEL03-PB"
330534;2020-12-25;"sexta-feira";"04:50:00";"MG";381;783;"CAMPANHA";"Desobediência às normas de trânsito pelo condutor";"Saída de leito carroçável";"Sem Vítimas";"Amanhecer";"Decrescente";"Chuva";"Dupla";"Curva";"Não";1;0;0;0;1;0;0;1;-21,86536321;-45,53455982;"SPRF-MG";"DEL16-MG";"UOP02-DEL16-MG"
330535;2020-12-25;"sexta-feira";"17:20:00";"PE";232;99;"BEZERROS";"Velocidade Incompatível";"Capotamento";"Com Vítimas Feridas";"Plena Noite";"Decrescente";"Céu Claro";"Dupla";"Reta";"Sim";2;0;2;0;0;0;2;1;-8,2367277;-35,73401605;"SPRF-PE";"DEL02-PE";"UOP02-DEL02PE"
330536;2020-12-25;"sexta-feira";"21:05:00";"RS";116;147;"CAXIAS DO SUL";"Ingestão de Álcool";"Colisão traseira";"Com Vítimas Feridas";"Plena Noite";"Decrescente";"Céu Claro";"Dupla";"Curva";"Sim";3;0;1;1;1;0;2;2;-29,14908014;-51,1429969;"SPRF-RS";"DEL05-RS";"UOP01-DEL05-RS"
330538;2020-12-25;"sexta-feira";"20:20:00";"SP";116;282;"EMBU DAS ARTES";"Falta de Atenção à Condução";"Colisão com objeto estático";"Sem Vítimas";"Plena Noite";"Crescente";"Céu Claro";"Dupla";"Reta";"Sim";1;0;0;0;0;1;0;1;-23,68570216;-46,85970975;"SPRF-SP";"DEL04-SP";"UOP01-DEL04-SP"
330539;2020-12-25;"sexta-feira";"21:30:00";"RJ";116;144;"DUQUE DE CAXIAS";"Falta de Atenção à Condução";"Colisão com objeto estático";"Com Vítimas Feridas";"Plena Noite";"Decrescente";"Chuva";"Dupla";"Reta";"Sim";2;0;1;0;1;0;1;1;-22,67157055;-43,27871382;"SPRF-RJ";"DEL01-RJ";"UOP01-DEL01-RJ"
330540;2020-12-25;"sexta-feira";"19:30:00";"MG";40;792,1;"JUIZ DE FORA";"Defeito Mecânico no Veículo";"Tombamento";"Com Vítimas Feridas";"Plena Noite";"Decrescente";"Chuva";"Dupla";"Curva";"Não";1;0;1;0;0;0;1;1;-21,7848652;-43,41450125;"SPRF-MG";"DEL05-MG";"UOP01-DEL05-MG"
330542;2020-12-25;"sexta-feira";"18:20:00";"SP";153;195,1;"GUAICARA";"Falta de Atenção à Condução";"Colisão transversal";"Com Vítimas Feridas";"Pleno dia";"Crescente";"Céu Claro";"Simples";"Interseção de Vias";"Não";8;0;2;0;6;0;2;2;-21,776442;-49,89232;"SPRF-SP";"DEL07-SP";"UOP01-DEL07-SP"
330543;2020-12-25;"sexta-feira";"18:50:00";"BA";116;775,3;"PLANALTO";"Desobediência às normas de trânsito pelo condutor";"Colisão frontal";"Com Vítimas Fatais";"Plena Noite";"Crescente";"Céu Claro";"Simples";"Reta";"Sim";5;1;0;0;4;0;0;2;-14,660925;-40,461477;"SPRF-BA";"DEL08-BA";"UOP02-DEL08-BA"
330544;2020-12-25;"sexta-feira";"22:30:00";"PR";277;660;"MATELANDIA";"Ingestão de Álcool";"Queda de ocupante de veículo";"Com Vítimas Feridas";"Plena Noite";"Decrescente";"Ignorado";"Dupla";"Curva";"Sim";1;0;1;0;0;0;1;1;-25,25136237;-53,99027796;"SPRF-PR";"DEL05-PR";"UOP02-DEL05-PR"
330545;2020-12-25;"sexta-feira";"22:10:00";"PE";232;78;"GRAVATA";"Condutor Dormindo";"Colisão com objeto estático";"Com Vítimas Feridas";"Plena Noite";"Decrescente";"Céu Claro";"Múltipla";"Reta";"Sim";6;0;4;2;0;0;6;1;-8,19343658;-35,55186505;"SPRF-PE";"DEL02-PE";"UOP02-DEL02PE"
330546;2020-12-25;"sexta-feira";"21:29:00";"RS";290;140;"ELDORADO DO SUL";"Falta de Atenção à Condução";"Colisão traseira";"Com Vítimas Feridas";"Plena Noite";"Decrescente";"Céu Claro";"Simples";"Reta";"Não";4;0;1;0;3;0;1;2;-30,08465014;-51,61555236;"SPRF-RS";"DEL02-RS";"UOP01-DEL02-RS"
330547;2020-12-25;"sexta-feira";"20:45:00";"AP";210;2;"MACAPA";"Falta de Atenção à Condução";"Colisão frontal";"Com Vítimas Feridas";"Plena Noite";"Decrescente";"Ignorado";"Simples";"Reta";"Sim";3;0;0;1;0;2;1;3;0,08680111;-51,08460372;"SPRF-AP";"DEL01-AP";"UOP01-DEL01-AP"
330549;2020-12-25;"sexta-feira";"22:30:00";"DF";80;25;"BRASILIA";"Ingestão de Álcool";"Colisão com objeto estático";"Sem Vítimas";"Plena Noite";"Decrescente";"Chuva";"Simples";"Reta;Ponte";"Não";1;0;0;0;1;0;0;1;-15,62121;-48,198963;"SPRF-DF";"DEL03-DF";"UOP02-DEL03-DF"
330550;2020-12-24;"quinta-feira";"23:00:00";"SC";101;380,9;"ICARA";"Falta de Atenção à Condução";"Colisão com objeto estático";"Com Vítimas Feridas";"Plena Noite";"Decrescente";"Nublado";"Dupla";"Declive";"Sim";1;0;1;0;0;0;1;1;-28,75478409;-49,27732095;"SPRF-SC";"DEL02-SC";"UOP02-DEL02-SC"
330552;2020-12-25;"sexta-feira";"20:20:00";"MA";135;8,8;"SAO LUIS";"Falta de Atenção à Condução";"Colisão frontal";"Com Vítimas Feridas";"Plena Noite";"Decrescente";"Céu Claro";"Dupla";"Aclive";"Sim";3;0;0;1;2;0;1;2;-2,64342093;-44,27374175;"SPRF-MA";"DEL01-MA";"UOP01-DEL01-MA"
330553;2020-12-25;"sexta-feira";"21:40:00";"PE";232;5,4;"RECIFE";"Falta de Atenção à Condução";"Saída de leito carroçável";"Sem Vítimas";"Plena Noite";"Decrescente";"Céu Claro";"Dupla";"Reta";"Sim";1;0;0;0;0;1;0;1;-8,06958;-34,949424;"SPRF-PE";"DEL01-PE";"UOP01-DEL01-PE"
330554;2020-12-25;"sexta-feira";"21:50:00";"SC";470;215;"SAO CRISTOVAO DO SUL";"Ultrapassagem Indevida";"Colisão frontal";"Com Vítimas Feridas";"Plena Noite";"Decrescente";"Céu Claro";"Simples";"Aclive;Reta";"Não";5;0;1;0;2;2;1;3;-27,29988639;-50,28856516;"SPRF-SC";"DEL05-SC";"UOP03-DEL05-SC"
330556;2020-12-25;"sexta-feira";"21:30:00";"MG";262;657,8;"IBIA";"Ingestão de Álcool";"Saída de leito carroçável";"Sem Vítimas";"Plena Noite";"Decrescente";"Garoa/Chuvisco";"Simples";"Curva";"Não";1;0;0;0;1;0;0;1;-19,5767773;-46,69062487;"SPRF-MG";"DEL08-MG";"UOP01-DEL08-MG"
330557;2020-12-25;"sexta-feira";"23:20:00";"RJ";101;273;"TANGUA";"Deficiência ou não Acionamento do Sistema de Iluminação/Sinalização do Veículo";"Colisão traseira";"Com Vítimas Feridas";"Plena Noite";"Crescente";"Chuva";"Dupla";"Declive";"Sim";2;0;1;0;1;0;1;2;-22,7316093;-42,71051285;"SPRF-RJ";"DEL02-RJ";"UOP03-DEL02-RJ"
330558;2020-12-25;"sexta-feira";"10:30:00";"BA";116;490;"RAFAEL JAMBEIRO";"Falta de Atenção à Condução";"Atropelamento de Animal";"Com Vítimas Fatais";"Plena Noite";"Crescente";"Céu Claro";"Dupla";"Reta";"Não";1;1;0;0;0;0;0;1;-12,54909415;-39,44976293;"SPRF-BA";"DEL02-BA";"UOP01-DEL02-BA"
330559;2020-12-25;"sexta-feira";"23:35:00";"BA";324;619;"SALVADOR";"Reação tardia ou ineficiente do condutor";"Colisão com objeto estático";"Sem Vítimas";"Plena Noite";"Crescente";"Céu Claro";"Dupla";"Reta";"Sim";1;0;0;0;1;0;0;1;-12,90811445;-38,45704079;"SPRF-BA";"DEL01-BA";"UOP01-DEL01-BA"
330561;2020-12-25;"sexta-feira";"22:45:00";"RJ";40;113;"DUQUE DE CAXIAS";"Defeito na Via";"Atropelamento de Pedestre";"Com Vítimas Feridas";"Plena Noite";"Crescente";"Chuva";"Dupla";"Reta";"Sim";2;0;1;0;1;0;1;2;-22,70948502;-43,29040354;"SPRF-RJ";"DEL01-RJ";"UOP01-DEL01-RJ"
330562;2020-12-25;"sexta-feira";"22:30:00";"SC";101;432,9;"SOMBRIO";"Falta de Atenção à Condução";"Colisão com objeto estático";"Com Vítimas Feridas";"Plena Noite";"Crescente";"Nublado";"Múltipla";"Reta";"Sim";1;0;1;0;0;0;1;1;-29,08008398;-49,6291139;"SPRF-SC";"DEL02-SC";"UOP02-DEL02-SC"
330563;2020-12-25;"sexta-feira";"22:30:00";"RO";364;712;"PORTO VELHO";"Desobediência às normas de trânsito pelo condutor";"Tombamento";"Com Vítimas Feridas";"Plena Noite";"Decrescente";"Céu Claro";"Dupla";"Reta;Interseção de Vias";"Sim";2;0;0;1;1;0;1;1;-8,7770354;-63,87316466;"SPRF-RO";"DEL01-RO";"UOP01-DEL01-RO"
330564;2020-12-26;"sábado";"00:00:00";"DF";80;7,8;"BRASILIA";"Condutor Dormindo";"Queda de ocupante de veículo";"Com Vítimas Feridas";"Plena Noite";"Crescente";"Chuva";"Simples";"Reta";"Sim";2;0;1;0;1;0;1;2;-15,731315;-48,139267;"SPRF-DF";"DEL03-DF";"UOP02-DEL03-DF"
330566;2020-12-26;"sábado";"00:30:00";"SP";116;211,2;"GUARULHOS";"Falta de Atenção à Condução";"Colisão traseira";"Com Vítimas Fatais";"Plena Noite";"Crescente";"Céu Claro";"Dupla";"Reta";"Sim";3;2;0;0;1;0;0;2;-23,4324306;-46,4194352;"SPRF-SP";"DEL01-SP";"UOP01-DEL01-SP"
330567;2020-12-25;"sexta-feira";"20:30:00";"BA";110;8;"PAULO AFONSO";"Animais na Pista";"Atropelamento de Animal";"Com Vítimas Feridas";"Plena Noite";"Decrescente";"Chuva";"Simples";"Reta";"Não";5;0;2;0;3;0;2;1;-9,52339808;-38,21951951;"SPRF-BA";"DEL07-BA";"UOP01-DEL07-BA"
330569;2020-12-26;"sábado";"00:50:00";"PB";101;34,3;"MAMANGUAPE";"Condutor Dormindo";"Saída de leito carroçável";"Com Vítimas Feridas";"Plena Noite";"Crescente";"Céu Claro";"Dupla";"Reta";"Não";1;0;1;0;0;0;1;1;-6,78533891;-35,13428131;"SPRF-PB";"DEL01-PB";"UOP04-DEL01-PB"
330571;2020-12-26;"sábado";"01:00:00";"SP";116;359,8;"MIRACATU";"Velocidade Incompatível";"Colisão com objeto estático";"Sem Vítimas";"Plena Noite";"Decrescente";"Céu Claro";"Múltipla";"Reta";"Não";1;0;0;0;0;1;0;1;-24,10862227;-47,26589989;"SPRF-SP";"DEL04-SP";"UOP02-DEL04-SP"
330572;2020-12-26;"sábado";"00:45:00";"RJ";116;172,4;"BELFORD ROXO";"Falta de Atenção à Condução";"Capotamento";"Com Vítimas Feridas";"Plena Noite";"Crescente";"Garoa/Chuvisco";"Múltipla";"Reta";"Sim";4;0;4;0;0;0;4;1;-22,80188151;-43,35043673;"SPRF-RJ";"DEL01-RJ";"UOP02-DEL01-RJ"
330573;2020-12-25;"sexta-feira";"13:40:00";"RN";101;121;"SAO JOSE DE MIPIBU";"Avarias e/ou desgaste excessivo no pneu";"Queda de ocupante de veículo";"Com Vítimas Feridas";"Pleno dia";"Decrescente";"Sol";"Dupla";"Reta";"Não";2;0;2;0;0;0;2;1;-6,04338592;-35,24621873;"SPRF-RN";"DEL01-RN";"UOP01-DEL01-RN"
330574;2020-12-26;"sábado";"01:30:00";"MG";381;637;"SANTO ANTONIO DO AMPARO";"Velocidade Incompatível";"Capotamento";"Com Vítimas Feridas";"Plena Noite";"Decrescente";"Chuva";"Dupla";"Curva";"Não";2;0;1;0;1;0;1;1;-20,87267347;-44,8439453;"SPRF-MG";"DEL04-MG";"UOP01-DEL04-MG"
330575;2020-12-26;"sábado";"01:30:00";"RS";116;302;"GUAIBA";"Ingestão de Álcool";"Saída de leito carroçável";"Com Vítimas Feridas";"Plena Noite";"Decrescente";"Céu Claro";"Dupla";"Desvio Temporário";"Sim";1;0;0;1;0;0;1;1;-30,13970487;-51,35942618;"SPRF-RS";"DEL02-RS";"UOP01-DEL02-RS"
330577;2020-12-26;"sábado";"02:10:00";"SP";116;223;"GUARULHOS";"Mal súbito do condutor";"Colisão com objeto estático";"Com Vítimas Fatais";"Plena Noite";"Crescente";"Céu Claro";"Múltipla";"Reta";"Sim";1;1;0;0;0;0;0;1;-23,47559815;-46,5246609;"SPRF-SP";"DEL01-SP";"UOP01-DEL01-SP"
330579;2020-12-26;"sábado";"01:30:00";"RS";101;42;"TERRA DE AREIA";"Ingestão de Álcool";"Colisão com objeto estático";"Sem Vítimas";"Plena Noite";"Crescente";"Céu Claro";"Dupla";"Reta";"Sim";1;0;0;0;1;0;0;1;-29,55147398;-50,03289602;"SPRF-RS";"DEL03-RS";"UOP02-DEL03-RS"
330580;2020-12-26;"sábado";"03:10:00";"PE";407;124,3;"PETROLINA";"Desobediência às normas de trânsito pelo condutor";"Colisão frontal";"Com Vítimas Feridas";"Plena Noite";"Crescente";"Céu Claro";"Dupla";"Interseção de Vias";"Sim";3;0;0;2;0;1;2;2;-9,36929881;-40,54137139;"SPRF-PE";"DEL06-PE";"UOP01-DEL06-PE"
330581;2020-12-26;"sábado";"03:20:00";"SP";116;151;"SAO JOSE DOS CAMPOS";"Falta de Atenção à Condução";"Colisão com objeto estático";"Com Vítimas Feridas";"Plena Noite";"Decrescente";"Céu Claro";"Dupla";"Reta";"Não";1;0;1;0;0;0;1;1;-23,21980694;-45,89991605;"SPRF-SP";"DEL02-SP";"UOP01-DEL02-SP"