"id";"data_inversa";"dia_semana";"horario";"uf";"br";"km";"municipio";"causa_acidente";"tipo_acidente";"classificacao_acidente";"fase_dia";"sentido_via";"condicao_metereologica";"tipo_pista";"tracado_via";"uso_solo";"pessoas";"mortos";"feridos_leves";"feridos_graves";"ilesos";"ignorados";"feridos";"veiculos";"latitude";"longitude";"regional";"delegacia";"uop"
330582;2020-12-25;"sexta-feira";"20:30:00";"MG";116;244,5;"TEOFILO OTONI";"Falta de Atenção à Condução";"Colisão transversal";"Com Vítimas Feridas";"Plena Noite";"Crescente";"Nublado";"Múltipla";"Reta";"Sim";2;0;0;1;1;0;1;2;-17,59451802;-41,49128013;"SPRF-MG";"DEL11-MG";"UOP01-DEL11-MG"
330583;2020-12-26;"sábado";"05:00:00";"CE";222;62,2;"SAO GONCALO DO AMARANTE";"Animais na Pista";"Atropelamento de Animal";"Com Vítimas Feridas";"Amanhecer";"Crescente";"Céu Claro";"Simples";"Reta";"Não";1;0;1;0;0;0;1;1;-3,67147075;-39,09840501;"SPRF-CE";"DEL01-CE";"UOP03-DEL01-CE"
330584;2020-12-26;"sábado";"03:45:00";"MT";163;44,7;"ITIQUIRA";"Animais na Pista";"Atropelamento de Animal";"Com Vítimas Feridas";"Plena Noite";"Crescente";"Ignorado";"Dupla";"Reta";"Não";1;0;1;0;0;0;1;1;-17,12835095;-54,75878564;"SPRF-MT";"DEL02-MT";"UOP01-DEL02-MT"
330585;2020-12-26;"sábado";"01:00:00";"AL";104;60;"MURICI";"Ingestão de álcool pelo condutor";"Queda de ocupante de veículo";"Com Vítimas Feridas";"Plena Noite";"Crescente";"Céu Claro";"Simples";"Reta";"Sim";2;0;1;0;1;0;1;1;-9,31312007;-35,93329509;"SPRF-AL";"DEL01-AL";"UOP02-DEL01-AL"
330586;2020-12-26;"sábado";"05:00:00";"SC";282;5;"SAO JOSE";"Ingestão de Álcool";"Colisão com objeto estático";"Com Vítimas Feridas";"Plena Noite";"Crescente";"Nublado";"Múltipla";"Reta";"Sim";2;0;1;0;0;1;1;2;-27,588425;-48,612919;"SPRF-SC";"DEL01-SC";"UOP01-DEL01-SC"
330588;2020-12-26;"sábado";"06:10:00";"MG";40;799;"JUIZ DE FORA";"Velocidade Incompatível";"Saída de leito carroçável";"Sem Vítimas";"Pleno dia";"Crescente";"Céu Claro";"Simples";"Curva";"Não";2;0;0;0;2;0;0;1;-21,82857001;-43,37364401;"SPRF-MG";"DEL05-MG";"UOP01-DEL05-MG"
330590;2020-12-26;"sábado";"05:00:00";"RJ";116;308;"RESENDE";"Falta de Atenção à Condução";"Colisão com objeto estático";"Com Vítimas Feridas";"Amanhecer";"Decrescente";"Chuva";"Dupla";"Reta";"Sim";1;0;1;0;0;0;1;1;-22,45783299;-44,418685;"SPRF-RJ";"DEL07-RJ";"UOP02-DEL07-RJ"
330591;2020-12-26;"sábado";"06:35:00";"RJ";116;171;"BELFORD ROXO";"Falta de Atenção à Condução";"Colisão com objeto estático";"Com Vítimas Feridas";"Pleno dia";"Crescente";"Céu Claro";"Múltipla";"Reta";"Sim";1;0;1;0;0;0;1;1;-22,79423806;-43,36403759;"SPRF-RJ";"DEL01-RJ";"UOP02-DEL01-RJ"
330592;2020-12-25;"sexta-feira";"17:25:00";"GO";452;45;"SANTA HELENA DE GOIAS";"Acumulo de água sobre o pavimento";"Tombamento";"Com Vítimas Feridas";"Pleno dia";"Crescente";"Chuva";"Simples";"Curva";"Não";1;0;1;0;0;0;1;1;-17,94510822;-50,51728809;"SPRF-GO";"DEL04-GO";"UOP01-DEL04-GO"
330593;2020-12-26;"sábado";"06:10:00";"SC";101;41;"JOINVILLE";"Falta de Atenção à Condução";"Capotamento";"Com Vítimas Feridas";"Amanhecer";"Crescente";"Nublado";"Dupla";"Viaduto";"Sim";1;0;1;0;0;0;1;1;-26,28215489;-48,88973081;"SPRF-SC";"DEL03-SC";"UOP01-DEL03-SC"
330594;2020-12-25;"sexta-feira";"12:30:00";"MG";365;642,9;"UBERLANDIA";"Pista Escorregadia";"Saída de leito carroçável";"Sem Vítimas";"Pleno dia";"Decrescente";"Chuva";"Dupla";"Aclive";"Não";1;0;0;0;1;0;0;1;-18,8823832;-48,48418103;"SPRF-MG";"DEL15-MG";"UOP01-DEL15-MG"
330596;2020-12-26;"sábado";"07:10:00";"SC";101;117;"ITAJAI";"Pista Escorregadia";"Tombamento";"Com Vítimas Feridas";"Pleno dia";"Crescente";"Garoa/Chuvisco";"Simples";"Reta";"Não";1;0;1;0;0;0;1;1;-26,88747187;-48,72252969;"SPRF-SC";"DEL04-SC";"UOP04-DEL04-SC"
330597;2020-12-26;"sábado";"07:10:00";"PR";467;93;"CASCAVEL";"Velocidade Incompatível";"Saída de leito carroçável";"Com Vítimas Feridas";"Pleno dia";"Crescente";"Céu Claro";"Dupla";"Reta";"Não";2;0;2;0;0;0;2;1;-24,856;-53,593;"SPRF-PR";"DEL04-PR";"UOP01-DEL04-PR"
330599;2020-12-26;"sábado";"08:05:00";"CE";20;320;"CARIDADE";"Desobediência às normas de trânsito pelo condutor";"Colisão traseira";"Com Vítimas Feridas";"Pleno dia";"Decrescente";"Céu Claro";"Simples";"Reta";"Não";4;0;1;1;0;2;2;3;-4,27495217;-39,23027781;"SPRF-CE";"DEL02-CE";"UOP01-DEL02-CE"
330600;2020-12-26;"sábado";"07:15:00";"MG";381;671,3;"PERDOES";"Falta de Atenção à Condução";"Saída de leito carroçável";"Com Vítimas Feridas";"Pleno dia";"Crescente";"Nublado";"Dupla";"Curva;Declive";"Não";2;0;1;0;1;0;1;1;-21,08945416;-45,06864195;"SPRF-MG";"DEL04-MG";"UOP02-DEL04-MG"
330604;2020-12-26;"sábado";"08:15:00";"PB";230;0,8;"CABEDELO";"Desobediência às normas de trânsito pelo condutor";"Colisão transversal";"Com Vítimas Feridas";"Pleno dia";"Decrescente";"Nublado";"Simples";"Reta";"Sim";2;0;0;1;1;0;1;2;-6,974256;-34,832016;"SPRF-PB";"DEL01-PB";"UOP01-DEL01-PB"
330605;2020-12-26;"sábado";"07:20:00";"BA";101;396;"IBIRAPITANGA";"Falta de Atenção à Condução";"Tombamento";"Com Vítimas Feridas";"Pleno dia";"Decrescente";"Chuva";"Simples";"Curva";"Não";1;0;1;0;0;0;1;1;-14,06339002;-39,38464079;"SPRF-BA";"DEL05-BA";"UOP03-DEL05-BA"
330606;2020-12-26;"sábado";"09:00:00";"SC";101;115,4;"ITAJAI";"Falta de Atenção à Condução";"Colisão traseira";"Com Vítimas Feridas";"Pleno dia";"Crescente";"Garoa/Chuvisco";"Dupla";"Reta";"Sim";2;0;1;0;1;0;1;2;-26,87064015;-48,72954134;"SPRF-SC";"DEL04-SC";"UOP04-DEL04-SC"
330607;2020-12-26;"sábado";"08:55:00";"GO";40;91,2;"CRISTALINA";"Falta de Atenção à Condução";"Saída de leito carroçável";"Com Vítimas Feridas";"Pleno dia";"Crescente";"Chuva";"Simples";"Reta;Aclive";"Não";1;0;1;0;0;0;1;1;-16,72736;-47,634957;"SPRF-DF";"DEL01-DF";"UOP02-DEL01-DF"
330609;2020-12-26;"sábado";"06:10:00";"MG";381;380;"SAO GONCALO DO RIO ABAIXO";"Ultrapassagem Indevida";"Colisão frontal";"Com Vítimas Feridas";"Amanhecer";"Decrescente";"Nublado";"Simples";"Curva";"Não";4;0;2;1;1;0;3;2;-19,8315359;-43,37649498;"SPRF-MG";"DEL01-MG";"UOP01-DEL01-MG"
330610;2020-12-26;"sábado";"10:15:00";"RS";386;267,5;"FONTOURA XAVIER";"Não guardar distância de segurança";"Colisão traseira";"Com Vítimas Feridas";"Pleno dia";"Crescente";"Nublado";"Simples";"Reta";"Não";2;0;0;1;1;0;1;2;-28,946054;-52,375538;"SPRF-RS";"DEL04-RS";"UOP03-DEL04-RS"
330611;2020-12-26;"sábado";"10:20:00";"SC";280;13;"SAO FRANCISCO DO SUL";"Desobediência às normas de trânsito pelo condutor";"Colisão traseira";"Com Vítimas Feridas";"Pleno dia";"Crescente";"Nublado";"Simples";"Reta";"Não";3;0;2;0;1;0;2;2;-26,32171113;-48,64798666;"SPRF-SC";"DEL03-SC";"UOP03-DEL03-SC"
330612;2020-12-26;"sábado";"11:35:00";"GO";153;554;"PIRACANJUBA";"Falta de Atenção à Condução";"Saída de leito carroçável";"Com Vítimas Feridas";"Pleno dia";"Decrescente";"Céu Claro";"Dupla";"Reta";"Não";1;0;1;0;0;0;1;1;-17,1765;-49,2104;"SPRF-GO";"DEL03-GO";"UOP01-DEL03-GO"
330613;2020-12-26;"sábado";"09:00:00";"BA";101;662;"ITAPEBI";"Pista Escorregadia";"Saída de leito carroçável";"Com Vítimas Feridas";"Pleno dia";"Decrescente";"Chuva";"Simples";"Curva";"Não";2;0;1;1;0;0;2;1;-15,98740424;-39,57241058;"SPRF-BA";"DEL05-BA";"UOP02-DEL05-BA"
330614;2020-12-26;"sábado";"11:50:00";"PA";155;157;"SAPUCAIA";"Falta de Atenção à Condução";"Colisão frontal";"Com Vítimas Fatais";"Pleno dia";"Crescente";"Céu Claro";"Simples";"Reta";"Não";8;2;2;0;4;0;2;2;-6,85525278;-49,60402422;"SPRF-PA";"DEL03-PA";"UOP01-DEL03-PA"
330615;2020-12-26;"sábado";"10:35:00";"RS";116;91,4;"CAMPESTRE DA SERRA";"Falta de Atenção à Condução";"Colisão com objeto estático";"Com Vítimas Feridas";"Pleno dia";"Decrescente";"Céu Claro";"Simples";"Curva";"Não";4;0;4;0;0;0;4;1;-28,86980014;-51,12043619;"SPRF-RS";"DEL05-RS";"UOP03-DEL05-RS"
330617;2020-12-26;"sábado";"09:30:00";"MG";381;677,4;"PERDOES";"Defeito Mecânico no Veículo";"Queda de ocupante de veículo";"Com Vítimas Feridas";"Pleno dia";"Crescente";"Sol";"Simples";"Reta";"Sim";2;0;2;0;0;0;2;1;-21,13158479;-45,10263635;"SPRF-MG";"DEL04-MG";"UOP02-DEL04-MG"
330618;2020-12-26;"sábado";"10:38:00";"BA";324;530;"FEIRA DE SANTANA";"Defeito Mecânico no Veículo";"Colisão com objeto estático";"Com Vítimas Feridas";"Pleno dia";"Crescente";"Céu Claro";"Dupla";"Reta";"Não";2;0;1;0;1;0;1;1;-12,32818491;-38,86174193;"SPRF-BA";"DEL01-BA";"UOP03-DEL01-BA"
330619;2020-12-26;"sábado";"10:45:00";"BA";324;530;"FEIRA DE SANTANA";"Falta de Atenção à Condução";"Colisão traseira";"Com Vítimas Feridas";"Pleno dia";"Crescente";"Céu Claro";"Dupla";"Reta";"Não";3;0;1;0;2;0;1;2;-12,32818491;-38,86174193;"SPRF-BA";"DEL01-BA";"UOP03-DEL01-BA"
330620;2020-12-26;"sábado";"12:00:00";"RN";101;98;"NATAL";"Não guardar distância de segurança";"Colisão traseira";"Com Vítimas Feridas";"Pleno dia";"Decrescente";"Sol";"Múltipla";"Reta";"Sim";2;0;1;0;1;0;1;2;-5,86567888;-35,21651625;"SPRF-RN";"DEL01-RN";"UOP01-DEL01-RN"
330621;2020-12-26;"sábado";"13:00:00";"RJ";116;129;"MAGE";"Defeito Mecânico no Veículo";"Colisão traseira";"Com Vítimas Feridas";"Pleno dia";"Crescente";"Nublado";"Dupla";"Curva";"Sim";3;0;0;2;1;0;2;2;-22,65387485;-43,15744432;"SPRF-RJ";"DEL04-RJ";"UOP02-DEL04-RJ"
330622;2020-12-26;"sábado";"11:30:00";"MG";50;12;"UBERLANDIA";"Velocidade Incompatível";"Saída de leito carroçável";"Com Vítimas Feridas";"Pleno dia";"Decrescente";"Chuva";"Dupla";"Declive";"Não";4;0;4;0;0;0;4;1;-18,85431036;-48,24354172;"SPRF-MG";"DEL15-MG";"UOP02-DEL15-MG"
330623;2020-12-26;"sábado";"11:40:00";"RO";364;14;"VILHENA";"Desobediência às normas de trânsito pelo condutor";"Colisão transversal";"Com Vítimas Feridas";"Pleno dia";"Crescente";"Nublado";"Simples";"Interseção de Vias";"Sim";3;0;1;0;2;0;1;2;-12,73898138;-60,13911417;"SPRF-RO";"DEL04-RO";"UOP01-DEL04-RO"
330625;2020-12-26;"sábado";"12:10:00";"RJ";101;299;"SAO GONCALO";"Falta de Atenção à Condução";"Atropelamento de Pedestre";"Com Vítimas Feridas";"Pleno dia";"Crescente";"Céu Claro";"Dupla";"Reta";"Sim";2;0;0;1;1;0;1;2;-22,77432673;-42,93823207;"SPRF-RJ";"DEL02-RJ";"UOP02-DEL02-RJ"
330626;2020-12-26;"sábado";"09:40:00";"RJ";40;83;"PETROPOLIS";"Velocidade Incompatível";"Colisão traseira";"Com Vítimas Feridas";"Pleno dia";"Crescente";"Céu Claro";"Simples";"Curva";"Não";3;0;1;0;2;0;1;2;-22,51910302;-43,22873364;"SPRF-RJ";"DEL06-RJ";"UOP01-DEL06-RJ"
330627;2020-12-26;"sábado";"13:45:00";"ES";101;42;"CONCEICAO DA BARRA";"Falta de Atenção à Condução";"Colisão lateral";"Com Vítimas Feridas";"Pleno dia";"Crescente";"Nublado";"Simples";"Reta";"Não";3;0;0;1;2;0;1;2;-18,51702193;-39,91329775;"SPRF-ES";"DEL04-ES";"UOP02-DEL04-ES"
330628;2020-12-26;"sábado";"11:00:00";"BA";101;622;"MASCOTE";"Velocidade Incompatível";"Capotamento";"Com Vítimas Feridas";"Pleno dia";"Crescente";"Chuva";"Simples";"Curva";"Não";2;0;2;0;0;0;2;1;-15,67270349;-39,44167734;"SPRF-BA";"DEL05-BA";"UOP02-DEL05-BA"
330629;2020-06-20;"sábado";"11:30:00";"PR";476;123,5;"CURITIBA";"Desobediência às normas de trânsito pelo condutor";"Colisão traseira";"Com Vítimas Feridas";"Pleno dia";"Crescente";"Ignorado";"Dupla";"Reta;Em Obras";"Sim";2;0;1;0;1;0;1;2;-25,40127354;-49,21583176;"SPRF-PR";"DEL01-PR";"UOP03-DEL01-PR"
330630;2020-12-26;"sábado";"12:40:00";"ES";101;298;"VIANA";"Desobediência às normas de trânsito pelo condutor";"Colisão lateral";"Com Vítimas Feridas";"Pleno dia";"Decrescente";"Céu Claro";"Dupla";"Reta";"Sim";2;0;1;0;0;1;1;2;-20,35374444;-40,4156433;"SPRF-ES";"DEL01-ES";"UOP01-DEL01-ES"
330631;2020-12-26;"sábado";"10:45:00";"PR";277;592;"CASCAVEL";"Desobediência às normas de trânsito pelo condutor";"Colisão transversal";"Sem Vítimas";"Pleno dia";"Crescente";"Sol";"Simples";"Interseção de Vias";"Sim";2;0;0;0;2;0;0;2;-24,98285697;-53,47319399;"SPRF-PR";"DEL04-PR";"UOP01-DEL04-PR"
330632;2020-12-26;"sábado";"11:00:00";"BA";116;730,6;"BOA NOVA";"Conversão proibida";"Colisão frontal";"Com Vítimas Fatais";"Pleno dia";"Crescente";"Céu Claro";"Simples";"Reta";"Não";6;1;4;1;0;0;5;2;-14,27561913;-40,30045884;"SPRF-BA";"DEL08-BA";"UOP02-DEL08-BA"
330633;2020-12-26;"sábado";"11:20:00";"PI";343;348,7;"TERESINA";"Desobediência às normas de trânsito pelo condutor";"Colisão frontal";"Com Vítimas Feridas";"Pleno dia";"Crescente";"Nublado";"Simples";"Reta";"Sim";8;0;7;0;1;0;7;2;-5,120675;-42,790832;"SPRF-PI";"DEL01-PI";"UOP01-DEL01-PI"
330634;2020-12-26;"sábado";"13:30:00";"RS";471;150,5;"SANTA CRUZ DO SUL";"Falta de Atenção à Condução";"Colisão transversal";"Com Vítimas Feridas";"Pleno dia";"Decrescente";"Céu Claro";"Simples";"Retorno Regulamentado";"Sim";3;0;3;0;0;0;3;2;-29,817495;-52,403397;"SPRF-RS";"DEL02-RS";"UOP03-DEL02-RS"
330635;2020-12-26;"sábado";"14:00:00";"RJ";101;548;"PARATY";"Falta de Atenção à Condução";"Colisão traseira";"Com Vítimas Feridas";"Pleno dia";"Decrescente";"Céu Claro";"Simples";"Reta";"Não";4;0;1;0;2;1;1;3;-23,04505073;-44,64600895;"SPRF-RJ";"DEL03-RJ";"UOP02-DEL03-RJ"
330636;2020-12-26;"sábado";"11:30:00";"PE";101;76;"RECIFE";"Falta de Atenção à Condução";"Colisão traseira";"Com Vítimas Feridas";"Pleno dia";"Crescente";"Céu Claro";"Dupla";"Curva";"Sim";3;0;0;1;2;0;1;3;-8,11813811;-34,94329214;"SPRF-PE";"DEL01-PE";"UOP01-DEL01-PE"
330637;2020-12-26;"sábado";"14:10:00";"ES";262;105;"VENDA NOVA DO IMIGRANTE";"Falta de Atenção à Condução";"Colisão traseira";"Com Vítimas Feridas";"Pleno dia";"Decrescente";"Céu Claro";"Simples";"Reta";"Sim";2;0;1;0;0;1;1;2;-20,32624656;-41,13598921;"SPRF-ES";"DEL01-ES";"UOP02-DEL01-ES"
330638;2020-12-26;"sábado";"14:50:00";"ES";101;268;"SERRA";"Desobediência às normas de trânsito pelo condutor";"Colisão lateral";"Com Vítimas Feridas";"Pleno dia";"Crescente";"Céu Claro";"Múltipla";"Reta";"Sim";2;0;1;0;1;0;1;2;-20,20842;-40,269405;"SPRF-ES";"DEL02-ES";"UOP01-DEL02-ES"
330639;2020-12-26;"sábado";"14:20:00";"SP";116;161;"JACAREI";"Defeito Mecânico no Veículo";"Queda de ocupante de veículo";"Com Vítimas Feridas";"Pleno dia";"Decrescente";"Sol";"Dupla";"Reta";"Sim";2;0;1;0;1;0;1;1;-23,27617003;-45,97592098;"SPRF-SP";"DEL02-SP";"UOP01-DEL02-SP"
330641;2020-12-26;"sábado";"14:10:00";"DF";40;3;"BRASILIA";"Velocidade Incompatível";"Colisão com objeto estático";"Com Vítimas Feridas";"Pleno dia";"Decrescente";"Nublado";"Dupla";"Reta";"Não";1;0;1;0;0;0;1;1;-16,003145;-47,983944;"SPRF-DF";"DEL01-DF";"UOP01-DEL01-DF"
330642;2020-12-26;"sábado";"14:00:00";"MG";381;477,7;"CONTAGEM";"Velocidade Incompatível";"Saída de leito carroçável";"Com Vítimas Feridas";"Pleno dia";"Crescente";"Nevoeiro/Neblina";"Dupla";"Reta";"Sim";1;0;0;1;0;0;1;1;-19,96179268;-44,05041676;"SPRF-MG";"DEL01-MG";"UOP03-DEL01-MG"
330643;2020-12-26;"sábado";"13:15:00";"MT";70;277,4;"PRIMAVERA DO LESTE";"Falta de Atenção à Condução";"Colisão traseira";"Com Vítimas Feridas";"Pleno dia";"Crescente";"Nublado";"Dupla";"Reta";"Sim";5;0;2;0;3;0;2;2;-15,55572064;-54,27085588;"SPRF-MT";"DEL05-MT";"UOP01-DEL05-MT"
330644;2020-12-26;"sábado";"13:50:00";"RJ";101;210;"CASIMIRO DE ABREU";"Falta de Atenção à Condução";"Saída de leito carroçável";"Com Vítimas Feridas";"Pleno dia";"Decrescente";"Céu Claro";"Dupla";"Curva";"Não";2;0;1;0;1;0;1;1;-22,48164701;-42,23710101;"SPRF-RJ";"DEL08-RJ";"UOP04-DEL08-RJ"
330645;2020-12-26;"sábado";"14:40:00";"SC";101;214,4;"PALHOCA";"Falta de Atenção à Condução";"Colisão transversal";"Com Vítimas Feridas";"Pleno dia";"Crescente";"Céu Claro";"Dupla";"Viaduto";"Sim";2;0;1;0;1;0;1;2;-27,64443;-48,67057;"SPRF-SC";"DEL01-SC";"UOP02-DEL01-SC"
330646;2020-12-26;"sábado";"14:35:00";"SC";101;21,1;"JOINVILLE";"Pista Escorregadia";"Tombamento";"Com Vítimas Feridas";"Pleno dia";"Crescente";"Chuva";"Dupla";"Aclive;Reta";"Não";1;0;1;0;0;0;1;1;-26,14793022;-48,90894562;"SPRF-SC";"DEL03-SC";"UOP01-DEL03-SC"
330648;2020-12-26;"sábado";"15:00:00";"SC";470;13;"NAVEGANTES";"Falta de Atenção à Condução";"Saída de leito carroçável";"Com Vítimas Feridas";"Pleno dia";"Decrescente";"Nublado";"Simples";"Reta";"Não";1;0;1;0;0;0;1;1;-26,839108;-48,766262;"SPRF-SC";"DEL04-SC";"UOP04-DEL04-SC"
330649;2020-12-26;"sábado";"14:20:00";"MG";381;907,5;"CAMANDUCAIA";"Velocidade Incompatível";"Colisão com objeto estático";"Com Vítimas Feridas";"Pleno dia";"Crescente";"Sol";"Dupla";"Curva";"Não";2;0;0;1;0;1;1;2;-22,71022398;-46,12178305;"SPRF-MG";"DEL16-MG";"UOP03-DEL16-MG"
330650;2020-12-26;"sábado";"15:00:00";"RJ";116;177;"NOVA IGUACU";"Defeito Mecânico no Veículo";"Incêndio";"Sem Vítimas";"Pleno dia";"Crescente";"Sol";"Dupla";"Reta";"Sim";1;0;0;0;1;0;0;1;-22,78055198;-43,39208599;"SPRF-RJ";"DEL01-RJ";"UOP02-DEL01-RJ"
330651;2020-12-26;"sábado";"14:35:00";"PR";376;491;"PONTA GROSSA";"Condutor deixou de manter distância do veículo da frente";"Colisão traseira";"Com Vítimas Feridas";"Pleno dia";"Crescente";"Céu Claro";"Dupla";"Reta";"Não";8;0;4;0;4;0;4;4;-25,15130703;-50,1421625;"SPRF-PR";"DEL03-PR";"UOP04-DEL03-PR"
330652;2020-12-26;"sábado";"15:10:00";"MG";381;489;"BETIM";"Ingestão de Álcool";"Colisão com objeto estático";"Sem Vítimas";"Pleno dia";"Decrescente";"Nublado";"Múltipla";"Aclive";"Sim";2;0;0;0;1;1;0;2;-19,96245618;-44,16455495;"SPRF-MG";"DEL01-MG";"UOP03-DEL01-MG"
330654;2020-12-26;"sábado";"15:30:00";"PB";230;3;"CABEDELO";"Falta de Atenção à Condução";"Colisão traseira";"Com Vítimas Feridas";"Pleno dia";"Crescente";"Céu Claro";"Dupla";"Retorno Regulamentado";"Sim";3;0;1;0;2;0;1;2;-6,9915;-34,8287;"SPRF-PB";"DEL01-PB";"UOP01-DEL01-PB"
330655;2020-12-26;"sábado";"15:30:00";"BA";116;25,8;"VITORIA DA CONQUISTA";"Desobediência às normas de trânsito pelo condutor";"Colisão transversal";"Com Vítimas Feridas";"Pleno dia";"Decrescente";"Nublado";"Simples";"Declive";"Sim";6;0;0;4;2;0;4;2;-14,8528;-40,80055;"SPRF-BA";"DEL08-BA";"UOP01-DEL08-BA"
330657;2020-12-26;"sábado";"13:00:00";"MG";262;93,2;"ABRE CAMPO";"Não guardar distância de segurança";"Colisão frontal";"Com Vítimas Feridas";"Pleno dia";"Crescente";"Céu Claro";"Simples";"Reta";"Não";4;0;2;0;2;0;2;3;-20,31531995;-42,46661228;"SPRF-MG";"DEL03-MG";"UOP03-DEL03-MG"
330659;2020-12-26;"sábado";"16:00:00";"GO";40;0,2;"VALPARAISO DE GOIAS";"Falta de Atenção à Condução";"Colisão transversal";"Com Vítimas Feridas";"Pleno dia";"Crescente";"Nublado";"Dupla";"Reta";"Sim";3;0;1;0;2;0;1;2;-16,058273;-47,982655;"SPRF-DF";"DEL01-DF";"UOP01-DEL01-DF"
330660;2020-12-26;"sábado";"16:15:00";"RS";101;23;"TRES CACHOEIRAS";"Animais na Pista";"Atropelamento de Animal";"Com Vítimas Feridas";"Pleno dia";"Crescente";"Céu Claro";"Dupla";"Reta";"Sim";1;0;1;0;0;0;1;1;-29,44526794;-49,90912604;"SPRF-RS";"DEL03-RS";"UOP02-DEL03-RS"
330661;2020-12-26;"sábado";"16:10:00";"PE";104;28;"TORITAMA";"Falta de Atenção à Condução";"Saída de leito carroçável";"Com Vítimas Feridas";"Pleno dia";"Crescente";"Sol";"Simples";"Reta";"Não";4;0;3;0;0;1;3;2;-8,0065;-36,0709;"SPRF-PE";"DEL02-PE";"UOP01-DEL02-PE"
330663;2020-07-23;"quinta-feira";"16:55:00";"MG";40;612;"CONGONHAS";"Agressão Externa";"Tombamento";"Com Vítimas Feridas";"Pleno dia";"Decrescente";"Céu Claro";"Simples";"Reta";"Sim";1;0;1;0;0;0;1;1;-20,51940084;-43,833259;"SPRF-MG";"DEL05-MG";"UOP02-DEL05-MG"
330666;2020-12-26;"sábado";"17:10:00";"MG";262;92;"ABRE CAMPO";"Falta de Atenção à Condução";"Saída de leito carroçável";"Com Vítimas Feridas";"Pleno dia";"Crescente";"Céu Claro";"Simples";"Curva";"Não";1;0;0;1;0;0;1;1;-20,32355691;-42,4695922;"SPRF-MG";"DEL03-MG";"UOP03-DEL03-MG"
330667;2020-12-26;"sábado";"15:55:00";"BA";101;535;"SAO JOSE DA VITORIA";"Velocidade Incompatível";"Tombamento";"Com Vítimas Feridas";"Pleno dia";"Decrescente";"Chuva";"Simples";"Curva";"Não";2;0;1;0;1;0;1;1;-15,15775202;-39,41074199;"SPRF-BA";"DEL05-BA";"UOP01-DEL05-BA"
330668;2020-08-29;"sábado";"05:53:00";"RJ";40;109;"DUQUE DE CAXIAS";"Falta de Atenção à Condução";"Atropelamento de Pedestre";"Com Vítimas Feridas";"Amanhecer";"Crescente";"Ignorado";"Múltipla";"Reta";"Sim";2;0;0;1;0;1;1;2;-22,67374628;-43,28638368;"SPRF-RJ";"DEL01-RJ";"UOP01-DEL01-RJ"
330669;2020-12-26;"sábado";"17:05:00";"PI";316;31;"DEMERVAL LOBAO";"Acessar a via sem observar a presença dos outros veículos";"Colisão transversal";"Com Vítimas Fatais";"Pleno dia";"Decrescente";"Céu Claro";"Simples";"Curva";"Sim";2;1;1;0;0;0;1;2;-5,33958796;-42,69400899;"SPRF-PI";"DEL01-PI";"UOP02-DEL01-PI"
330670;2020-12-26;"sábado";"17:20:00";"RS";480;69,1;"ERECHIM";"Velocidade Incompatível";"Colisão frontal";"Com Vítimas Feridas";"Pleno dia";"Crescente";"Céu Claro";"Simples";"Curva";"Não";5;0;5;0;0;0;5;2;-27,63676605;-52,33333504;"SPRF-RS";"DEL08-RS";"UOP04-DEL08-RS"
330671;2020-12-26;"sábado";"17:00:00";"SC";282;47;"AGUAS MORNAS";"Falta de Atenção à Condução";"Saída de leito carroçável";"Com Vítimas Feridas";"Pleno dia";"Decrescente";"Chuva";"Simples";"Curva;Declive";"Não";3;0;2;0;1;0;2;1;-27,721771;-48,934837;"SPRF-SC";"DEL01-SC";"UOP03-DEL01-SC"
330672;2020-12-26;"sábado";"17:45:00";"ES";101;313,7;"VIANA";"Falta de Atenção à Condução";"Saída de leito carroçável";"Com Vítimas Feridas";"Pleno dia";"Crescente";"Céu Claro";"Simples";"Reta";"Não";1;0;1;0;0;0;1;1;-20,45266304;-40,46227791;"SPRF-ES";"DEL01-ES";"UOP01-DEL01-ES"
330673;2020-12-26;"sábado";"15:30:00";"MG";40;191;"JOAO PINHEIRO";"Falta de Atenção à Condução";"Capotamento";"Com Vítimas Feridas";"Pleno dia";"Crescente";"Céu Claro";"Simples";"Reta";"Não";4;0;4;0;0;0;4;1;-18,00157606;-45,88832201;"SPRF-MG";"DEL14-MG";"UOP02-DEL14-MG"
330674;2020-12-26;"sábado";"17:40:00";"GO";40;20,1;"LUZIANIA";"Desobediência às normas de trânsito pelo condutor";"Colisão traseira";"Com Vítimas Feridas";"Pleno dia";"Crescente";"Céu Claro";"Dupla";"Reta";"Sim";5;0;2;1;1;1;3;2;-16,21849;-47,915478;"SPRF-DF";"DEL01-DF";"UOP01-DEL01-DF"
330675;2020-12-26;"sábado";"17:52:00";"SP";153;21,2;"NOVA GRANADA";"Falta de Atenção à Condução";"Saída de leito carroçável";"Com Vítimas Fatais";"Pleno dia";"Crescente";"Nublado";"Simples";"Reta";"Não";3;1;1;1;0;0;2;1;-20,46867812;-49,29242875;"SPRF-SP";"DEL09-SP";"UOP01-DEL09-SP"
330676;2020-12-26;"sábado";"17:30:00";"SP";116;219,8;"GUARULHOS";"Defeito na Via";"Colisão com objeto em movimento";"Com Vítimas Feridas";"Pleno dia";"Crescente";"Nublado";"Múltipla";"Reta";"Não";1;0;1;0;0;0;1;1;-23,46143954;-46,48885316;"SPRF-SP";"DEL01-SP";"UOP01-DEL01-SP"