"id";"data_inversa";"dia_semana";"horario";"uf";"br";"km";"municipio";"causa_acidente";"tipo_acidente";"classificacao_acidente";"fase_dia";"sentido_via";"condicao_metereologica";"tipo_pista";"tracado_via";"uso_solo";"pessoas";"mortos";"feridos_leves";"feridos_graves";"ilesos";"ignorados";"feridos";"veiculos";"latitude";"longitude";"regional";"delegacia";"uop"
331014;2020-12-28;"segunda-feira";"11:25:00";"ES";101;351;"ANCHIETA";"Falta de Atenção à Condução";"Colisão transversal";"Com Vítimas Feridas";"Pleno dia";"Crescente";"Céu Claro";"Simples";"Curva";"Não";4;0;1;1;2;0;2;2;-20,665676;-40,655926;"SPRF-ES";"DEL03-ES";"UOP01-DEL03-ES"
331018;2020-12-28;"segunda-feira";"10:40:00";"SC";101;70;"ARAQUARI";"Objeto estático sobre o leito carroçável";"Queda de ocupante de veículo";"Com Vítimas Feridas";"Pleno dia";"Crescente";"Nublado";"Dupla";"Reta";"Não";2;0;1;1;0;0;2;1;-26,51082007;-48,72345612;"SPRF-SC";"DEL03-SC";"UOP02-DEL03-SC"
331019;2020-12-28;"segunda-feira";"09:30:00";"RS";285;119,1;"VACARIA";"Não guardar distância de segurança";"Colisão traseira";"Sem Vítimas";"Pleno dia";"Crescente";"Nublado";"Simples";"Interseção de Vias";"Sim";2;0;0;0;2;0;0;2;-28,50104575;-50,9197104;"SPRF-RS";"DEL05-RS";"UOP03-DEL05-RS"
331022;2020-12-28;"segunda-feira";"10:30:00";"BA";116;692;"JEQUIE";"Avarias e/ou desgaste excessivo no pneu";"Saída de leito carroçável";"Com Vítimas Feridas";"Pleno dia";"Crescente";"Céu Claro";"Simples";"Declive";"Não";5;0;0;1;4;0;1;1;-13,95728489;-40,16715338;"SPRF-BA";"DEL03-BA";"UOP01-DEL03-BA"
331024;2020-12-28;"segunda-feira";"13:00:00";"BA";324;609;"SIMOES FILHO";"Não guardar distância de segurança";"Engavetamento";"Com Vítimas Feridas";"Pleno dia";"Crescente";"Céu Claro";"Dupla";"Reta";"Sim";8;0;3;1;4;0;4;3;-12,82066;-38,40798;"SPRF-BA";"DEL01-BA";"UOP01-DEL01-BA"
331025;2020-12-28;"segunda-feira";"13:20:00";"SC";280;30,6;"ARAQUARI";"Ultrapassagem Indevida";"Colisão lateral";"Com Vítimas Feridas";"Pleno dia";"Decrescente";"Céu Claro";"Simples";"Reta";"Não";2;0;0;1;1;0;1;2;-26,41552;-48,767755;"SPRF-SC";"DEL03-SC";"UOP03-DEL03-SC"
331026;2020-12-25;"sexta-feira";"19:40:00";"ES";259;60,3;"COLATINA";"Falta de Atenção à Condução";"Colisão transversal";"Com Vítimas Feridas";"Plena Noite";"Decrescente";"Céu Claro";"Simples";"Reta";"Não";5;0;3;0;2;0;3;2;-19,52530482;-40,67461308;"SPRF-ES";"DEL02-ES";"UOP01-DEL02-ES"
331027;2020-12-28;"segunda-feira";"13:30:00";"MG";381;489;"BETIM";"Defeito Mecânico no Veículo";"Queda de ocupante de veículo";"Com Vítimas Feridas";"Pleno dia";"Crescente";"Céu Claro";"Dupla";"Declive;Reta";"Sim";2;0;2;0;0;0;2;1;-19,96245618;-44,16455495;"SPRF-MG";"DEL01-MG";"UOP03-DEL01-MG"
331028;2020-12-28;"segunda-feira";"09:10:00";"MT";70;110;"CACERES";"Falta de Atenção à Condução";"Saída de leito carroçável";"Com Vítimas Feridas";"Pleno dia";"Decrescente";"Céu Claro";"Simples";"Reta";"Não";3;0;2;0;1;0;2;1;-15,82336734;-57,93405175;"SPRF-MT";"DEL07-MT";"UOP01-DEL07-MT"
331030;2020-12-28;"segunda-feira";"10:50:00";"MG";262;73,1;"MATIPO";"Defeito na Via";"Colisão com objeto estático";"Com Vítimas Feridas";"Pleno dia";"Crescente";"Nublado";"Simples";"Reta";"Não";4;0;1;1;0;2;2;2;-20,31219098;-42,32448898;"SPRF-MG";"DEL03-MG";"UOP03-DEL03-MG"
331031;2020-12-28;"segunda-feira";"13:04:00";"SP";116;217;"GUARULHOS";"Defeito Mecânico no Veículo";"Incêndio";"Sem Vítimas";"Pleno dia";"Decrescente";"Nublado";"Múltipla";"Reta";"Sim";1;0;0;0;1;0;0;1;-23,45423824;-46,47119028;"SPRF-SP";"DEL01-SP";"UOP01-DEL01-SP"
331032;2020-12-28;"segunda-feira";"09:18:00";"PA";230;116;"MARABA";"Falta de Atenção à Condução";"Colisão transversal";"Com Vítimas Feridas";"Pleno dia";"Decrescente";"Céu Claro";"Múltipla";"Reta";"Sim";2;0;1;0;1;0;1;2;-5,35049257;-49,10232281;"SPRF-PA";"DEL03-PA";"UOP01-DEL03-PA"
331035;2020-12-28;"segunda-feira";"11:20:00";"BA";101;475;"ITABUNA";"Falta de Atenção à Condução";"Colisão transversal";"Com Vítimas Feridas";"Pleno dia";"Decrescente";"Céu Claro";"Simples";"Interseção de Vias";"Não";5;0;1;0;3;1;1;3;-14,71890714;-39,35440053;"SPRF-BA";"DEL05-BA";"UOP01-DEL05-BA"
331036;2020-12-28;"segunda-feira";"13:20:00";"BA";116;244;"QUIJINGUE";"Falta de Atenção à Condução";"Colisão transversal";"Com Vítimas Feridas";"Pleno dia";"Decrescente";"Céu Claro";"Simples";"Reta";"Não";2;0;1;0;1;0;1;2;-10,73488401;-38,91368703;"SPRF-BA";"DEL07-BA";"UOP02-DEL07-BA"
331037;2020-12-28;"segunda-feira";"14:00:00";"RJ";101;302;"SAO GONCALO";"Falta de Atenção à Condução";"Colisão traseira";"Sem Vítimas";"Pleno dia";"Decrescente";"Céu Claro";"Dupla";"Reta";"Sim";3;0;0;0;3;0;0;3;-22,78069318;-42,96706396;"SPRF-RJ";"DEL02-RJ";"UOP02-DEL02-RJ"
331038;2020-12-28;"segunda-feira";"12:40:00";"RJ";101;325;"NITEROI";"Condutor deixou de manter distância do veículo da frente";"Colisão traseira";"Com Vítimas Feridas";"Pleno dia";"Decrescente";"Céu Claro";"Dupla";"Reta";"Não";10;0;1;0;9;0;1;3;-22,87292569;-43,13625699;"SPRF-RJ";"DEL02-RJ";"UOP02-DEL02-RJ"
331040;2020-12-24;"quinta-feira";"13:30:00";"MG";40;737,5;"SANTOS DUMONT";"Velocidade Incompatível";"Colisão transversal";"Sem Vítimas";"Pleno dia";"Crescente";"Chuva";"Simples";"Curva";"Não";6;0;0;0;6;0;0;2;-21,38296999;-43,57033542;"SPRF-MG";"DEL05-MG";"UOP01-DEL05-MG"
331041;2020-12-28;"segunda-feira";"13:15:00";"MT";364;329,5;"CAMPO VERDE";"Falta de Atenção à Condução";"Saída de leito carroçável";"Com Vítimas Feridas";"Pleno dia";"Crescente";"Céu Claro";"Dupla";"Curva";"Não";1;0;1;0;0;0;1;1;-15,81827684;-55,40282005;"SPRF-MT";"DEL05-MT";"UOP02-DEL05-MT"
331043;2020-12-28;"segunda-feira";"15:30:00";"PR";116;16;"CAMPINA GRANDE DO SUL";"Velocidade Incompatível";"Colisão com objeto estático";"Com Vítimas Feridas";"Pleno dia";"Decrescente";"Chuva";"Dupla";"Curva";"Não";4;0;1;0;3;0;1;1;-25,102444;-48,6998853;"SPRF-PR";"DEL01-PR";"UOP02-DEL01-PR"
331044;2020-12-28;"segunda-feira";"11:40:00";"RN";110;52;"MOSSORO";"Desobediência às normas de trânsito pelo condutor";"Colisão frontal";"Com Vítimas Feridas";"Pleno dia";"Crescente";"Céu Claro";"Simples";"Reta";"Sim";3;0;0;3;0;0;3;2;-5,235871;-37,331882;"SPRF-RN";"DEL04-RN";"UOP01-DEL04-RN"
331045;2020-12-28;"segunda-feira";"08:30:00";"MT";0;0;"PORTO ESPERIDIAO";"Pista Escorregadia";"Saída de leito carroçável";"Com Vítimas Feridas";"Pleno dia";"Não Informado";"Céu Claro";"Simples";"Reta";"Não";3;0;2;0;1;0;2;1;-15,63506;-59,144307;"SPRF-MT";"DEL04-MT";"UOP01-DEL04-MT"
331046;2020-12-19;"sábado";"21:45:00";"SE";101;58,5;"ROSARIO DO CATETE";"Defeito na Via";"Tombamento";"Com Vítimas Feridas";"Plena Noite";"Crescente";"Céu Claro";"Simples";"Reta";"Não";1;0;0;1;0;0;1;1;-10,65178333;-37,02372954;"SPRF-SE";"DEL02-SE";"UOP02-DEL02-SE"
331047;2020-12-28;"segunda-feira";"14:55:00";"PR";116;116,7;"CURITIBA";"Reação tardia ou ineficiente do condutor";"Queda de ocupante de veículo";"Com Vítimas Feridas";"Pleno dia";"Crescente";"Nublado";"Múltipla";"Curva";"Sim";1;0;1;0;0;0;1;1;-25,5557246;-49,3061881;"SPRF-PR";"DEL01-PR";"UOP01-DEL01-PR"
331048;2020-12-28;"segunda-feira";"10:40:00";"BA";101;561;"ARATACA";"Velocidade Incompatível";"Colisão com objeto estático";"Com Vítimas Feridas";"Pleno dia";"Decrescente";"Chuva";"Simples";"Curva";"Não";3;0;3;0;0;0;3;1;-15,36227805;-39,49889917;"SPRF-BA";"DEL05-BA";"UOP02-DEL05-BA"
331049;2020-12-28;"segunda-feira";"13:30:00";"BA";101;614;"MASCOTE";"Velocidade Incompatível";"Saída de leito carroçável";"Com Vítimas Feridas";"Pleno dia";"Crescente";"Nublado";"Simples";"Curva";"Não";2;0;2;0;0;0;2;1;-15,75042705;-39,4801369;"SPRF-BA";"DEL05-BA";"UOP02-DEL05-BA"
331050;2020-12-28;"segunda-feira";"15:20:00";"SP";116;225;"GUARULHOS";"Defeito Mecânico no Veículo";"Incêndio";"Sem Vítimas";"Pleno dia";"Crescente";"Céu Claro";"Múltipla";"Reta";"Sim";1;0;0;0;1;0;0;1;-23,48586772;-46,54075317;"SPRF-SP";"DEL01-SP";"UOP01-DEL01-SP"
331053;2020-12-28;"segunda-feira";"15:00:00";"RS";285;491,6;"ENTRE-IJUIS";"Desobediência às normas de trânsito pelo condutor";"Colisão frontal";"Com Vítimas Feridas";"Pleno dia";"Decrescente";"Céu Claro";"Simples";"Aclive";"Não";4;0;2;0;2;0;2;2;-28,37479787;-54,22459256;"SPRF-RS";"DEL10-RS";"UOP01-DEL10-RS"
331054;2020-12-28;"segunda-feira";"14:45:00";"CE";222;304,7;"TIANGUA";"Defeito Mecânico no Veículo";"Incêndio";"Sem Vítimas";"Pleno dia";"Crescente";"Sol";"Simples";"Curva";"Não";1;0;0;0;1;0;0;1;-3,66552797;-40,95730864;"SPRF-CE";"DEL04-CE";"UOP02-DEL04-CE"
331055;2020-12-28;"segunda-feira";"15:55:00";"RS";101;26;"TRES CACHOEIRAS";"Falta de Atenção à Condução";"Saída de leito carroçável";"Com Vítimas Feridas";"Pleno dia";"Crescente";"Chuva";"Dupla";"Reta";"Sim";1;0;1;0;0;0;1;1;-29,45988893;-49,93472503;"SPRF-RS";"DEL03-RS";"UOP02-DEL03-RS"
331061;2020-12-28;"segunda-feira";"17:45:00";"PE";101;120;"ESCADA";"Falta de Atenção à Condução";"Saída de leito carroçável";"Com Vítimas Feridas";"Anoitecer";"Crescente";"Céu Claro";"Múltipla";"Reta";"Não";1;0;1;0;0;0;1;1;-8,35341615;-35,17830299;"SPRF-PE";"DEL01-PE";"UOP03-DEL01-PE"
331062;2020-12-28;"segunda-feira";"17:00:00";"PR";116;5;"CAMPINA GRANDE DO SUL";"Velocidade Incompatível";"Colisão com objeto estático";"Com Vítimas Feridas";"Pleno dia";"Crescente";"Garoa/Chuvisco";"Dupla";"Curva;Declive";"Não";2;0;1;0;1;0;1;1;-25,08301297;-48,59994703;"SPRF-PR";"DEL01-PR";"UOP02-DEL01-PR"
331064;2020-12-28;"segunda-feira";"17:30:00";"RJ";116;315,8;"ITATIAIA";"Defeito Mecânico no Veículo";"Saída de leito carroçável";"Com Vítimas Feridas";"Anoitecer";"Crescente";"Nublado";"Dupla";"Reta";"Não";1;0;1;0;0;0;1;1;-22,46301346;-44,48160416;"SPRF-RJ";"DEL07-RJ";"UOP02-DEL07-RJ"
331065;2020-12-28;"segunda-feira";"16:45:00";"MG";381;502;"BETIM";"Falta de Atenção à Condução";"Tombamento";"Com Vítimas Feridas";"Pleno dia";"Crescente";"Nublado";"Dupla";"Curva";"Não";2;0;2;0;0;0;2;1;-20,03619694;-44,24586303;"SPRF-MG";"DEL01-MG";"UOP03-DEL01-MG"
331066;2020-12-28;"segunda-feira";"16:15:00";"MG";381;489;"BETIM";"Desobediência às normas de trânsito pelo condutor";"Queda de ocupante de veículo";"Com Vítimas Feridas";"Pleno dia";"Crescente";"Céu Claro";"Dupla";"Reta";"Não";2;0;2;0;0;0;2;1;-19,96245618;-44,16455495;"SPRF-MG";"DEL01-MG";"UOP03-DEL01-MG"
331068;2020-12-28;"segunda-feira";"17:00:00";"RJ";101;487;"ANGRA DOS REIS";"Falta de Atenção à Condução";"Colisão traseira";"Com Vítimas Feridas";"Pleno dia";"Crescente";"Nublado";"Simples";"Reta";"Sim";2;0;0;1;1;0;1;2;-22,96828891;-44,29864663;"SPRF-RJ";"DEL03-RJ";"UOP03-DEL03-RJ"
331070;2020-12-28;"segunda-feira";"15:15:00";"MG";381;163;"GOVERNADOR VALADARES";"Velocidade Incompatível";"Saída de leito carroçável";"Com Vítimas Feridas";"Pleno dia";"Decrescente";"Nublado";"Simples";"Reta";"Não";1;0;1;0;0;0;1;1;-18,91850667;-42,01380014;"SPRF-MG";"DEL06-MG";"UOP01-DEL06-MG"
331071;2020-12-28;"segunda-feira";"17:00:00";"MG";381;635,8;"SANTO ANTONIO DO AMPARO";"Velocidade Incompatível";"Saída de leito carroçável";"Com Vítimas Feridas";"Pleno dia";"Decrescente";"Garoa/Chuvisco";"Dupla";"Curva;Aclive";"Não";2;0;1;0;1;0;1;1;-20,86497427;-44,84106997;"SPRF-MG";"DEL04-MG";"UOP01-DEL04-MG"
331074;2020-12-28;"segunda-feira";"13:15:00";"BA";101;700;"EUNAPOLIS";"Falta de Atenção à Condução";"Colisão transversal";"Com Vítimas Feridas";"Pleno dia";"Decrescente";"Céu Claro";"Simples";"Curva";"Não";6;0;1;0;5;0;1;2;-16,41251916;-39,58713123;"SPRF-BA";"DEL09-BA";"UOP01-DEL09-BA"
331076;2020-12-28;"segunda-feira";"16:00:00";"MS";163;680;"RIO VERDE DE MATO GROSSO";"Falta de Atenção à Condução";"Colisão transversal";"Com Vítimas Feridas";"Pleno dia";"Crescente";"Céu Claro";"Simples";"Retorno Regulamentado";"Sim";5;0;1;3;1;0;4;2;-18,92417173;-54,83538529;"SPRF-MS";"DEL06-MS";"UOP02-DEL06-MS"
331077;2020-12-16;"quarta-feira";"18:35:00";"SC";282;6;"SAO JOSE";"Falta de Atenção à Condução";"Tombamento";"Com Vítimas Feridas";"Pleno dia";"Decrescente";"Céu Claro";"Dupla";"Reta";"Sim";2;0;1;1;0;0;2;1;-27,591936;-48,618244;"SPRF-SC";"DEL01-SC";"UOP01-DEL01-SC"
331079;2020-12-28;"segunda-feira";"17:30:00";"SC";101;203;"SAO JOSE";"Defeito Mecânico no Veículo";"Danos eventuais";"Com Vítimas Feridas";"Pleno dia";"Decrescente";"Chuva";"Dupla";"Reta";"Sim";2;0;1;0;1;0;1;1;-27,5650044;-48,61460082;"SPRF-SC";"DEL01-SC";"UOP01-DEL01-SC"
331080;2020-12-28;"segunda-feira";"18:30:00";"PR";476;123;"CURITIBA";"Falta de Atenção à Condução";"Tombamento";"Com Vítimas Feridas";"Anoitecer";"Crescente";"Nublado";"Dupla";"Curva;Aclive";"Sim";1;0;1;0;0;0;1;1;-25,476524;-49,259937;"SPRF-PR";"DEL01-PR";"UOP03-DEL01-PR"
331081;2020-12-28;"segunda-feira";"17:00:00";"RJ";101;324;"NITEROI";"Falta de Atenção à Condução";"Colisão lateral";"Com Vítimas Feridas";"Pleno dia";"Decrescente";"Nublado";"Dupla";"Reta";"Não";4;0;1;0;3;0;1;4;-22,87381074;-43,12640997;"SPRF-RJ";"DEL02-RJ";"UOP02-DEL02-RJ"
331082;2020-12-28;"segunda-feira";"18:25:00";"MG";381;626,8;"OLIVEIRA";"Falta de Atenção à Condução";"Saída de leito carroçável";"Com Vítimas Feridas";"Pleno dia";"Decrescente";"Chuva";"Dupla";"Declive;Curva";"Não";3;0;2;0;1;0;2;1;-20,828287;-44,807964;"SPRF-MG";"DEL04-MG";"UOP01-DEL04-MG"
331086;2020-12-28;"segunda-feira";"18:40:00";"SC";101;134;"BALNEARIO CAMBORIU";"Não guardar distância de segurança";"Colisão traseira";"Sem Vítimas";"Anoitecer";"Crescente";"Nublado";"Dupla";"Viaduto";"Sim";2;0;0;0;2;0;0;2;-27,00218;-48,636433;"SPRF-SC";"DEL04-SC";"UOP03-DEL04-SC"
331087;2020-12-28;"segunda-feira";"17:00:00";"RJ";101;65;"CAMPOS DOS GOYTACAZES";"Falta de Atenção à Condução";"Colisão lateral";"Sem Vítimas";"Pleno dia";"Crescente";"Céu Claro";"Simples";"Reta";"Não";2;0;0;0;2;0;0;2;-21,75371806;-41,344292;"SPRF-RJ";"DEL08-RJ";"UOP02-DEL08-RJ"
331088;2020-12-28;"segunda-feira";"18:45:00";"PR";376;657,1;"TIJUCAS DO SUL";"Velocidade Incompatível";"Capotamento";"Sem Vítimas";"Anoitecer";"Crescente";"Chuva";"Dupla";"Curva";"Não";2;0;0;0;2;0;0;1;-25,85232468;-49,03032776;"SPRF-PR";"DEL01-PR";"UOP04-DEL01-PR"
331089;2020-12-28;"segunda-feira";"19:10:00";"PE";101;92;"CABO DE SANTO AGOSTINHO";"Defeito Mecânico no Veículo";"Colisão com objeto estático";"Com Vítimas Feridas";"Plena Noite";"Decrescente";"Céu Claro";"Múltipla";"Curva";"Sim";1;0;1;0;0;0;1;1;-8,23201792;-34,99778611;"SPRF-PE";"DEL01-PE";"UOP03-DEL01-PE"
331090;2020-12-28;"segunda-feira";"18:10:00";"SC";101;9,6;"GARUVA";"Pista Escorregadia";"Saída de leito carroçável";"Com Vítimas Feridas";"Anoitecer";"Decrescente";"Chuva";"Dupla";"Curva";"Não";4;0;1;0;3;0;1;1;-26,053987;-48,859608;"SPRF-SC";"DEL03-SC";"UOP01-DEL03-SC"
331092;2020-12-28;"segunda-feira";"18:55:00";"PR";277;672,5;"MEDIANEIRA";"Falta de Atenção à Condução";"Colisão com objeto estático";"Sem Vítimas";"Pleno dia";"Decrescente";"Nublado";"Dupla";"Reta";"Sim";1;0;0;0;1;0;0;1;-25,28740438;-54,09701091;"SPRF-PR";"DEL05-PR";"UOP01-DEL05-PR"
331094;2020-12-25;"sexta-feira";"09:30:00";"MS";163;192;"CAARAPO";"Avarias e/ou desgaste excessivo no pneu";"Tombamento";"Com Vítimas Feridas";"Pleno dia";"Crescente";"Sol";"Simples";"Declive";"Não";1;0;1;0;0;0;1;1;-22,77004883;-54,77214378;"SPRF-MS";"DEL04-MS";"UOP02-DEL04-MS"
331095;2020-12-28;"segunda-feira";"18:30:00";"CE";222;2,3;"FORTALEZA";"Desobediência às normas de trânsito pelo pedestre";"Atropelamento de Pedestre";"Sem Vítimas";"Plena Noite";"Decrescente";"Nublado";"Múltipla";"Reta";"Sim";2;0;0;0;1;1;0;2;-3,73911117;-38,58687498;"SPRF-CE";"DEL01-CE";"UOP01-DEL01-CE"
331096;2020-12-28;"segunda-feira";"19:20:00";"BA";116;857;"VITORIA DA CONQUISTA";"Falta de Atenção do Pedestre";"Atropelamento de Pedestre";"Com Vítimas Feridas";"Plena Noite";"Crescente";"Céu Claro";"Simples";"Reta";"Não";2;0;0;1;1;0;1;2;-15,03864403;-40,96881896;"SPRF-BA";"DEL08-BA";"UOP01-DEL08-BA"
331098;2020-12-28;"segunda-feira";"19:38:00";"SP";381;84,9;"SAO PAULO";"Falta de Atenção do Pedestre";"Atropelamento de Pedestre";"Com Vítimas Fatais";"Plena Noite";"Decrescente";"Céu Claro";"Dupla";"Reta";"Sim";2;1;0;0;1;0;0;2;-23,45468559;-46,57096647;"SPRF-SP";"DEL03-SP";"UOP01-DEL03-SP"
331100;2020-12-28;"segunda-feira";"17:30:00";"RJ";101;318;"NITEROI";"Desobediência às normas de trânsito pelo condutor";"Tombamento";"Com Vítimas Feridas";"Anoitecer";"Decrescente";"Nublado";"Dupla";"Reta";"Sim";1;0;1;0;0;0;1;1;-22,84562994;-43,09841211;"SPRF-RJ";"DEL02-RJ";"UOP02-DEL02-RJ"
331101;2020-12-28;"segunda-feira";"20:00:00";"SP";153;75;"BADY BASSITT";"Falta de Atenção à Condução";"Saída de leito carroçável";"Com Vítimas Feridas";"Plena Noite";"Crescente";"Nublado";"Dupla";"Curva;Declive";"Sim";1;0;1;0;0;0;1;1;-20,89418221;-49,43387582;"SPRF-SP";"DEL09-SP";"UOP01-DEL09-SP"
331102;2020-12-28;"segunda-feira";"19:58:00";"SC";470;140,4;"RIO DO SUL";"Falta de Atenção à Condução";"Colisão transversal";"Com Vítimas Feridas";"Plena Noite";"Crescente";"Nublado";"Simples";"Interseção de Vias;Reta";"Sim";2;0;0;1;1;0;1;2;-27,222485;-49,662827;"SPRF-SC";"DEL04-SC";"UOP02-DEL04-SC"
331103;2020-12-28;"segunda-feira";"19:57:00";"ES";101;297,7;"VIANA";"Falta de Atenção à Condução";"Queda de ocupante de veículo";"Com Vítimas Feridas";"Plena Noite";"Crescente";"Céu Claro";"Múltipla";"Interseção de Vias";"Sim";2;0;1;0;1;0;1;2;-20,34529844;-40,41026774;"SPRF-ES";"DEL01-ES";"UOP01-DEL01-ES"
331104;2020-12-28;"segunda-feira";"17:48:00";"PR";376;333;"ORTIGUEIRA";"Falta de Atenção à Condução";"Colisão frontal";"Com Vítimas Feridas";"Plena Noite";"Crescente";"Céu Claro";"Simples";"Reta";"Sim";3;0;2;0;1;0;2;2;-24,13507378;-51,00438382;"SPRF-PR";"DEL07-PR";"UOP03-DEL07-PR"
331105;2020-12-26;"sábado";"18:00:00";"MT";174;458;"COMODORO";"Pista Escorregadia";"Saída de leito carroçável";"Com Vítimas Feridas";"Anoitecer";"Decrescente";"Chuva";"Simples";"Curva";"Não";1;0;1;0;0;0;1;1;-13,90696;-59,7613;"SPRF-MT";"DEL04-MT";"UOP01-DEL04-MT"
331106;2020-12-28;"segunda-feira";"17:10:00";"PE";101;85;"JABOATAO DOS GUARARAPES";"Defeito Mecânico no Veículo";"Saída de leito carroçável";"Com Vítimas Feridas";"Anoitecer";"Decrescente";"Céu Claro";"Múltipla";"Reta";"Não";3;0;0;1;2;0;1;2;-8,17971749;-34,95798111;"SPRF-PE";"DEL01-PE";"UOP03-DEL01-PE"
331107;2020-12-28;"segunda-feira";"20:10:00";"RJ";116;109;"GUAPIMIRIM";"Condutor Dormindo";"Queda de ocupante de veículo";"Com Vítimas Feridas";"Plena Noite";"Crescente";"Chuva";"Dupla";"Reta";"Não";1;0;1;0;0;0;1;1;-22,57173427;-43,00723672;"SPRF-RJ";"DEL04-RJ";"UOP02-DEL04-RJ"
331108;2020-12-28;"segunda-feira";"15:55:00";"MG";262;547;"LUZ";"Velocidade Incompatível";"Saída de leito carroçável";"Com Vítimas Feridas";"Pleno dia";"Crescente";"Nublado";"Simples";"Curva";"Não";1;0;0;1;0;0;1;1;-19,74018668;-45,86034892;"SPRF-MG";"DEL08-MG";"UOP02-DEL08-MG"
331110;2020-12-18;"sexta-feira";"19:50:00";"GO";60;76;"ANAPOLIS";"Falta de Atenção à Condução";"Queda de ocupante de veículo";"Com Vítimas Feridas";"Plena Noite";"Decrescente";"Céu Claro";"Dupla";"Reta";"Não";1;0;1;0;0;0;1;1;-16,2828;-48,7935;"SPRF-GO";"DEL02-GO";"UOP01-DEL02-GO"
331111;2020-12-28;"segunda-feira";"19:00:00";"RJ";101;293;"ITABORAI";"Pista Escorregadia";"Queda de ocupante de veículo";"Com Vítimas Feridas";"Plena Noite";"Crescente";"Garoa/Chuvisco";"Múltipla";"Reta";"Sim";3;0;2;0;1;0;2;3;-22,756203;-42,88724;"SPRF-RJ";"DEL02-RJ";"UOP02-DEL02-RJ"
331112;2020-12-28;"segunda-feira";"20:30:00";"RJ";101;317;"SAO GONCALO";"Não guardar distância de segurança";"Colisão lateral";"Com Vítimas Feridas";"Plena Noite";"Decrescente";"Céu Claro";"Dupla";"Reta";"Não";3;0;1;0;2;0;1;2;-22,83707798;-43,09492006;"SPRF-RJ";"DEL02-RJ";"UOP02-DEL02-RJ"
331113;2020-12-20;"domingo";"14:00:00";"RS";470;203;"BENTO GONCALVES";"Desobediência às normas de trânsito pelo condutor";"Colisão transversal";"Com Vítimas Fatais";"Pleno dia";"Crescente";"Nublado";"Dupla";"Reta";"Sim";3;1;1;1;0;0;2;2;-29,07601095;-51,57545102;"SPRF-RS";"DEL06-RS";"UOP02-DEL06-RS"
331114;2020-12-28;"segunda-feira";"19:35:00";"TO";153;360,8;"FORTALEZA DO TABOCAO";"Desobediência às normas de trânsito pelo condutor";"Colisão transversal";"Com Vítimas Feridas";"Plena Noite";"Decrescente";"Nublado";"Simples";"Reta";"Sim";3;0;0;2;1;0;2;2;-9,06426723;-48,52025097;"SPRF-TO";"DEL02-TO";"UOP02-DEL02-TO"
331115;2020-12-28;"segunda-feira";"19:30:00";"SC";101;114;"ITAJAI";"Ingestão de Substâncias Psicoativas";"Colisão lateral";"Sem Vítimas";"Plena Noite";"Decrescente";"Garoa/Chuvisco";"Dupla";"Reta";"Não";2;0;0;0;2;0;0;2;-26,86192886;-48,7286704;"SPRF-SC";"DEL04-SC";"UOP04-DEL04-SC"
331117;2020-12-28;"segunda-feira";"15:15:00";"RJ";40;123;"DUQUE DE CAXIAS";"Falta de Atenção à Condução";"Colisão traseira";"Com Vítimas Feridas";"Pleno dia";"Crescente";"Nublado";"Múltipla";"Reta";"Sim";2;0;1;0;1;0;1;2;-22,79907687;-43,29015739;"SPRF-RJ";"DEL01-RJ";"UOP01-DEL01-RJ"
331118;2020-12-28;"segunda-feira";"21:30:00";"TO";153;327,4;"GUARAI";"Falta de Atenção à Condução";"Saída de leito carroçável";"Com Vítimas Feridas";"Plena Noite";"Decrescente";"Céu Claro";"Simples";"Reta;Aclive";"Não";1;0;1;0;0;0;1;1;-8,77258801;-48,51082184;"SPRF-TO";"DEL02-TO";"UOP02-DEL02-TO"
331119;2020-12-28;"segunda-feira";"21:50:00";"PR";116;83;"CURITIBA";"Não guardar distância de segurança";"Saída de leito carroçável";"Sem Vítimas";"Plena Noite";"Crescente";"Céu Claro";"Dupla";"Reta";"Não";1;0;0;0;1;0;0;1;-25,568939;-49,181978;"SPRF-PR";"DEL01-PR";"UOP01-DEL01-PR"
331120;2020-12-28;"segunda-feira";"20:20:00";"SC";101;108;"PENHA";"Desobediência às normas de trânsito pelo condutor";"Colisão lateral";"Com Vítimas Feridas";"Plena Noite";"Crescente";"Nublado";"Dupla";"Curva";"Não";2;0;1;0;1;0;1;2;-26,82606902;-48,69052298;"SPRF-SC";"DEL03-SC";"UOP02-DEL03-SC"
331121;2020-12-28;"segunda-feira";"21:10:00";"RJ";101;241,8;"SILVA JARDIM";"Falta de Atenção à Condução";"Colisão com objeto estático";"Com Vítimas Feridas";"Plena Noite";"Decrescente";"Garoa/Chuvisco";"Dupla";"Reta";"Não";1;0;1;0;0;0;1;1;-22,63298511;-42,44557897;"SPRF-RJ";"DEL02-RJ";"UOP03-DEL02-RJ"
331122;2020-12-28;"segunda-feira";"22:00:00";"PR";277;73;"SAO JOSE DOS PINHAIS";"Falta de Atenção à Condução";"Saída de leito carroçável";"Com Vítimas Feridas";"Plena Noite";"Crescente";"Céu Claro";"Dupla";"Reta";"Não";3;0;1;0;2;0;1;1;-25,50619308;-49,14287567;"SPRF-PR";"DEL01-PR";"UOP01-DEL01-PR"