"id";"data_inversa";"dia_semana";"horario";"uf";"br";"km";"municipio";"causa_acidente";"tipo_acidente";"classificacao_acidente";"fase_dia";"sentido_via";"condicao_metereologica";"tipo_pista";"tracado_via";"uso_solo";"pessoas";"mortos";"feridos_leves";"feridos_graves";"ilesos";"ignorados";"feridos";"veiculos";"latitude";"longitude";"regional";"delegacia";"uop"
331230;2020-12-29;"terça-feira";"12:45:00";"RJ";116;170;"SAO JOAO DE MERITI";"Falta de Atenção à Condução";"Colisão transversal";"Com Vítimas Feridas";"Pleno dia";"Crescente";"Céu Claro";"Múltipla";"Reta";"Sim";5;0;3;0;2;0;3;4;-22,78462922;-43,38068604;"SPRF-RJ";"DEL01-RJ";"UOP02-DEL01-RJ"
331231;2020-12-29;"terça-feira";"15:30:00";"RN";101;2;"TOUROS";"Desobediência às normas de trânsito pelo condutor";"Colisão transversal";"Com Vítimas Feridas";"Pleno dia";"Decrescente";"Céu Claro";"Simples";"Reta";"Não";2;0;1;0;1;0;1;2;-5,17249359;-35,50708478;"SPRF-RN";"DEL02-RN";"UOP01-DEL02-RN"
331232;2020-12-29;"terça-feira";"15:00:00";"GO";364;165;"JATAI";"Objeto estático sobre o leito carroçável";"Colisão com objeto estático";"Com Vítimas Feridas";"Pleno dia";"Crescente";"Chuva";"Simples";"Curva";"Não";4;0;2;0;2;0;2;2;-18,069689;-51,529514;"SPRF-GO";"DEL05-GO";"UOP01-DEL05-GO"
331234;2020-12-29;"terça-feira";"13:20:00";"AC";364;124;"RIO BRANCO";"Desobediência às normas de trânsito pelo condutor";"Colisão lateral";"Com Vítimas Feridas";"Pleno dia";"Crescente";"Nublado";"Simples";"Rotatória";"Sim";2;0;0;1;1;0;1;2;-10,01152469;-67,79140099;"SPRF-AC";"DEL01-AC";"UOP01-DEL01-AC"
331236;2020-12-29;"terça-feira";"15:40:00";"SC";101;214;"PALHOCA";"Falta de Atenção à Condução";"Colisão lateral";"Com Vítimas Feridas";"Pleno dia";"Decrescente";"Nublado";"Múltipla";"Reta";"Sim";2;0;1;0;1;0;1;2;-27,64443;-48,67057;"SPRF-SC";"DEL01-SC";"UOP02-DEL01-SC"
331238;2020-12-29;"terça-feira";"16:20:00";"PR";369;144;"LONDRINA";"Falta de Atenção à Condução";"Colisão transversal";"Com Vítimas Feridas";"Pleno dia";"Crescente";"Garoa/Chuvisco";"Dupla";"Retorno Regulamentado";"Não";2;0;0;1;1;0;1;2;-23,293334;-51,107687;"SPRF-PR";"DEL07-PR";"UOP01-DEL07-PR"
331240;2020-12-29;"terça-feira";"15:40:00";"MG";40;506,2;"RIBEIRAO DAS NEVES";"Desobediência às normas de trânsito pelo condutor";"Colisão traseira";"Sem Vítimas";"Pleno dia";"Crescente";"Céu Claro";"Dupla";"Retorno Regulamentado";"Sim";2;0;0;0;2;0;0;2;-19,74716686;-44,14731173;"SPRF-MG";"DEL02-MG";"UOP01-DEL02-MG"
331241;2020-12-29;"terça-feira";"15:30:00";"BA";324;620;"SALVADOR";"Ingestão de álcool e/ou substâncias psicoativas pelo pedestre";"Atropelamento de Pedestre";"Com Vítimas Feridas";"Pleno dia";"Decrescente";"Céu Claro";"Dupla";"Reta";"Sim";2;0;0;1;1;0;1;2;-12,90482172;-38,45556535;"SPRF-BA";"DEL01-BA";"UOP01-DEL01-BA"
331242;2020-12-19;"sábado";"18:00:00";"RO";435;126;"CEREJEIRAS";"Falta de Atenção à Condução";"Colisão frontal";"Com Vítimas Fatais";"Plena Noite";"Decrescente";"Céu Claro";"Simples";"Reta";"Não";5;1;1;3;0;0;4;2;-13,188992;-60,837076;"SPRF-RO";"DEL04-RO";"UOP02-DEL04-RO"
331245;2020-12-29;"terça-feira";"16:40:00";"RN";110;47;"MOSSORO";"Não guardar distância de segurança";"Colisão traseira";"Sem Vítimas";"Pleno dia";"Decrescente";"Céu Claro";"Simples";"Reta";"Sim";6;0;0;0;6;0;0;2;-5,20338376;-37,32563418;"SPRF-RN";"DEL04-RN";"UOP01-DEL04-RN"
331246;2020-12-29;"terça-feira";"13:10:00";"SC";101;87;"BARRA VELHA";"Desobediência às normas de trânsito pelo condutor";"Colisão transversal";"Com Vítimas Feridas";"Pleno dia";"Crescente";"Sol";"Simples";"Declive";"Sim";2;0;1;0;1;0;1;2;-26,63713377;-48,69651057;"SPRF-SC";"DEL03-SC";"UOP02-DEL03-SC"
331247;2020-12-23;"quarta-feira";"18:30:00";"MS";436;1,9;"APARECIDA DO TABOADO";"Não guardar distância de segurança";"Engavetamento";"Com Vítimas Feridas";"Plena Noite";"Crescente";"Nublado";"Dupla";"Reta;Ponte";"Não";6;0;2;0;4;0;2;3;-20,106403;-51,006516;"SPRF-MS";"DEL08-MS";"UOP01-DEL08-MS"
331248;2020-12-29;"terça-feira";"14:45:00";"BA";116;777,9;"PLANALTO";"Ultrapassagem Indevida";"Colisão frontal";"Com Vítimas Feridas";"Pleno dia";"Decrescente";"Céu Claro";"Simples";"Reta";"Sim";2;0;0;1;1;0;1;2;-14,66943078;-40,47135293;"SPRF-BA";"DEL08-BA";"UOP02-DEL08-BA"
331252;2020-12-29;"terça-feira";"12:10:00";"MG";381;698;"LAVRAS";"Falta de Atenção à Condução";"Queda de ocupante de veículo";"Com Vítimas Feridas";"Pleno dia";"Crescente";"Céu Claro";"Dupla";"Declive;Reta";"Não";2;0;1;0;1;0;1;1;-21,26696008;-45,13786554;"SPRF-MG";"DEL04-MG";"UOP02-DEL04-MG"
331254;2020-12-29;"terça-feira";"17:30:00";"DF";20;6;"BRASILIA";"Defeito Mecânico no Veículo";"Saída de leito carroçável";"Com Vítimas Feridas";"Pleno dia";"Crescente";"Céu Claro";"Dupla";"Curva";"Sim";3;0;3;0;0;0;3;1;-15,665888;-47,808308;"SPRF-DF";"DEL02-DF";"UOP01-DEL02-DF"
331255;2020-12-29;"terça-feira";"15:50:00";"MG";40;592,8;"OURO PRETO";"Defeito Mecânico no Veículo";"Incêndio";"Sem Vítimas";"Pleno dia";"Decrescente";"Céu Claro";"Dupla";"Reta";"Não";2;0;0;0;0;2;0;2;-20,39087935;-43,90618628;"SPRF-MG";"DEL05-MG";"UOP02-DEL05-MG"
331259;2020-12-29;"terça-feira";"14:00:00";"BA";367;48,5;"PORTO SEGURO";"Falta de Atenção à Condução";"Saída de leito carroçável";"Sem Vítimas";"Pleno dia";"Decrescente";"Sol";"Simples";"Reta";"Não";1;0;0;0;1;0;0;1;-16,372754;-39,281193;"SPRF-BA";"DEL09-BA";"UOP01-DEL09-BA"
331260;2020-12-29;"terça-feira";"16:10:00";"SC";101;126,2;"ITAJAI";"Falta de Atenção à Condução";"Colisão traseira";"Sem Vítimas";"Pleno dia";"Crescente";"Nublado";"Dupla";"Reta";"Não";2;0;0;0;2;0;0;2;-26,95564404;-48,67978366;"SPRF-SC";"DEL04-SC";"UOP04-DEL04-SC"
331263;2020-12-29;"terça-feira";"18:00:00";"PB";230;19;"JOAO PESSOA";"Desobediência às normas de trânsito pelo condutor";"Colisão lateral";"Sem Vítimas";"Anoitecer";"Crescente";"Céu Claro";"Dupla";"Reta";"Não";2;0;0;0;2;0;0;2;-7,1281;-34,8466;"SPRF-PB";"DEL01-PB";"UOP01-DEL01-PB"
331264;2020-12-29;"terça-feira";"18:30:00";"PR";277;40;"MORRETES";"Pista Escorregadia";"Saída de leito carroçável";"Com Vítimas Feridas";"Plena Noite";"Decrescente";"Chuva";"Dupla";"Curva";"Não";1;0;1;0;0;0;1;1;-25,57368831;-48,82659689;"SPRF-PR";"DEL01-PR";"UOP05-DEL01-PR"
331265;2020-12-29;"terça-feira";"16:30:00";"PR";277;479,2;"NOVA LARANJEIRAS";"Velocidade Incompatível";"Saída de leito carroçável";"Com Vítimas Feridas";"Pleno dia";"Decrescente";"Chuva";"Simples";"Curva";"Não";2;0;1;0;1;0;1;1;-25,29255019;-52,57590515;"SPRF-PR";"DEL04-PR";"UOP02-DEL04-PR"
331266;2020-12-29;"terça-feira";"17:00:00";"ES";262;152;"IBATIBA";"Desobediência às normas de trânsito pelo condutor";"Colisão frontal";"Sem Vítimas";"Pleno dia";"Crescente";"Céu Claro";"Simples";"Curva";"Não";2;0;0;0;1;1;0;2;-20,21979331;-41,45006235;"SPRF-ES";"DEL01-ES";"UOP02-DEL01-ES"
331268;2020-12-29;"terça-feira";"16:10:00";"AC";364;150;"RIO BRANCO";"Desobediência às normas de trânsito pelo condutor";"Colisão lateral";"Com Vítimas Feridas";"Pleno dia";"Decrescente";"Nublado";"Dupla";"Rotatória";"Não";2;0;1;0;1;0;1;2;-9,871933;-67,91003;"SPRF-AC";"DEL01-AC";"UOP01-DEL01-AC"
331269;2020-12-29;"terça-feira";"17:40:00";"RJ";116;208;"SEROPEDICA";"Falta de Atenção do Pedestre";"Atropelamento de Pedestre";"Com Vítimas Feridas";"Plena Noite";"Decrescente";"Chuva";"Dupla";"Reta";"Sim";2;0;0;1;1;0;1;2;-22,7160234;-43,72112274;"SPRF-RJ";"DEL01-RJ";"UOP03-DEL01-RJ"
331271;2020-12-29;"terça-feira";"12:50:00";"MT";163;717;"SORRISO";"Defeito Mecânico no Veículo";"Incêndio";"Sem Vítimas";"Pleno dia";"Decrescente";"Céu Claro";"Simples";"Reta";"Não";1;0;0;0;1;0;0;1;-12,841849;-55,825292;"SPRF-MT";"DEL06-MT";"UOP01-DEL06-MT"
331275;2020-12-29;"terça-feira";"19:40:00";"PR";277;95;"CURITIBA";"Ingestão de Álcool";"Colisão lateral";"Sem Vítimas";"Plena Noite";"Crescente";"Nublado";"Simples";"Curva";"Sim";3;0;0;0;3;0;0;3;-25,54838443;-49,28586717;"SPRF-PR";"DEL01-PR";"UOP01-DEL01-PR"
331276;2020-12-29;"terça-feira";"19:00:00";"PB";230;10,5;"CABEDELO";"Desobediência às normas de trânsito pelo pedestre";"Atropelamento de Pedestre";"Com Vítimas Feridas";"Plena Noite";"Crescente";"Céu Claro";"Dupla";"Interseção de Vias";"Sim";2;0;2;0;0;0;2;2;-7,0514;-34,8499;"SPRF-PB";"DEL01-PB";"UOP01-DEL01-PB"
331277;2020-12-29;"terça-feira";"18:25:00";"PE";101;203;"XEXEU";"Desobediência às normas de trânsito pelo condutor";"Colisão frontal";"Com Vítimas Feridas";"Plena Noite";"Decrescente";"Céu Claro";"Dupla";"Reta;Aclive";"Não";3;0;0;2;1;0;2;2;-8,79726501;-35,62641334;"SPRF-PE";"DEL01-PE";"UOP03-DEL01-PE"
331278;2020-12-29;"terça-feira";"19:30:00";"PE";428;190;"PETROLINA";"Desobediência às normas de trânsito pelo condutor";"Colisão transversal";"Com Vítimas Feridas";"Plena Noite";"Crescente";"Céu Claro";"Dupla";"Interseção de Vias";"Sim";2;0;1;0;1;0;1;2;-9,37605965;-40,49382106;"SPRF-PE";"DEL06-PE";"UOP01-DEL06-PE"
331279;2020-12-29;"terça-feira";"15:45:00";"SC";282;259;"SAO JOSE DO CERRITO";"Pista Escorregadia";"Tombamento";"Com Vítimas Feridas";"Pleno dia";"Decrescente";"Chuva";"Simples";"Curva";"Não";2;0;2;0;0;0;2;1;-27,653334;-50,59449;"SPRF-SC";"DEL05-SC";"UOP02-DEL05-SC"
331280;2020-12-29;"terça-feira";"18:50:00";"PR";376;230;"APUCARANA";"Avarias e/ou desgaste excessivo no pneu";"Saída de leito carroçável";"Com Vítimas Feridas";"Anoitecer";"Decrescente";"Chuva";"Dupla";"Curva;Declive";"Não";1;0;1;0;0;0;1;1;-23,562183;-51,53532565;"SPRF-PR";"DEL07-PR";"UOP03-DEL07-PR"
331282;2020-12-29;"terça-feira";"19:45:00";"SP";116;146;"SAO JOSE DOS CAMPOS";"Falta de Atenção à Condução";"Colisão com objeto estático";"Com Vítimas Feridas";"Plena Noite";"Decrescente";"Chuva";"Múltipla";"Declive";"Sim";3;0;1;0;2;0;1;3;-23,19122919;-45,86327591;"SPRF-SP";"DEL02-SP";"UOP01-DEL02-SP"
331283;2020-12-29;"terça-feira";"20:30:00";"SP";116;448;"REGISTRO";"Falta de Atenção à Condução";"Colisão transversal";"Com Vítimas Feridas";"Plena Noite";"Crescente";"Chuva";"Dupla";"Reta";"Não";2;0;1;0;1;0;1;2;-24,52099699;-47,85336602;"SPRF-SP";"DEL05-SP";"UOP01-DEL05-SP"
331284;2020-12-29;"terça-feira";"20:15:00";"RN";101;68,5;"EXTREMOZ";"Objeto estático sobre o leito carroçável";"Colisão com objeto estático";"Com Vítimas Feridas";"Plena Noite";"Decrescente";"Céu Claro";"Simples";"Reta";"Não";2;0;2;0;0;0;2;1;-5,66628678;-35,25303617;"SPRF-RN";"DEL02-RN";"UOP01-DEL02-RN"
331285;2020-12-29;"terça-feira";"19:20:00";"RS";116;142,7;"CAXIAS DO SUL";"Falta de Atenção à Condução";"Colisão com objeto estático";"Sem Vítimas";"Plena Noite";"Crescente";"Céu Claro";"Dupla";"Curva";"Sim";1;0;0;0;1;0;0;1;-29,11839721;-51,12164151;"SPRF-RS";"DEL05-RS";"UOP01-DEL05-RS"
331286;2020-12-22;"terça-feira";"20:50:00";"MT";364;395;"CUIABA";"Pista Escorregadia";"Saída de leito carroçável";"Sem Vítimas";"Plena Noite";"Crescente";"Nublado";"Dupla";"Reta";"Não";3;0;0;0;3;0;0;1;-15,67749759;-55,93413418;"SPRF-MT";"DEL01-MT";"UOP02-DEL01-MT"
331287;2020-12-29;"terça-feira";"20:20:00";"SP";116;229;"SAO PAULO";"Falta de Atenção à Condução";"Colisão traseira";"Com Vítimas Feridas";"Plena Noite";"Decrescente";"Chuva";"Múltipla";"Reta";"Não";5;0;4;0;1;0;4;2;-23,51291902;-46,57604698;"SPRF-SP";"DEL01-SP";"UOP01-DEL01-SP"
331288;2020-12-29;"terça-feira";"19:10:00";"MA";10;243,2;"DAVINOPOLIS";"Restrição de Visibilidade";"Tombamento";"Com Vítimas Feridas";"Plena Noite";"Crescente";"Nublado";"Simples";"Reta";"Não";1;0;0;1;0;0;1;1;-5,60354;-47,423855;"SPRF-MA";"DEL04-MA";"UOP01-DEL04-MA"
331289;2020-12-29;"terça-feira";"20:50:00";"RS";290;23,8;"SANTO ANTONIO DA PATRULHA";"Avarias e/ou desgaste excessivo no pneu";"Tombamento";"Com Vítimas Feridas";"Plena Noite";"Crescente";"Nublado";"Dupla";"Reta";"Não";2;0;2;0;0;0;2;1;-29,885357;-50,484364;"SPRF-RS";"DEL03-RS";"UOP01-DEL03-RS"
331291;2020-12-27;"domingo";"20:50:00";"MG";365;634;"UBERLANDIA";"Animais na Pista";"Atropelamento de Animal";"Sem Vítimas";"Plena Noite";"Decrescente";"Chuva";"Dupla";"Reta";"Não";1;0;0;0;1;0;0;1;-18,89383197;-48,41006398;"SPRF-MG";"DEL15-MG";"UOP01-DEL15-MG"
331292;2020-12-29;"terça-feira";"15:10:00";"SC";282;397;"JOACABA";"Pista Escorregadia";"Colisão lateral";"Com Vítimas Feridas";"Pleno dia";"Crescente";"Chuva";"Simples";"Reta";"Não";4;0;2;0;2;0;2;3;-27,149353;-51,607876;"SPRF-SC";"DEL07-SC";"UOP05-DEL07-SC"
331293;2020-12-29;"terça-feira";"20:50:00";"MG";381;844,2;"SAO SEBASTIAO DA BELA VISTA";"Defeito na Via";"Danos eventuais";"Sem Vítimas";"Plena Noite";"Crescente";"Chuva";"Dupla";"Reta";"Não";2;0;0;0;2;0;0;1;-22,19836221;-45,85345745;"SPRF-MG";"DEL16-MG";"UOP01-DEL16-MG"
331294;2020-12-29;"terça-feira";"20:30:00";"RJ";101;312;"SAO GONCALO";"Velocidade Incompatível";"Colisão lateral";"Com Vítimas Fatais";"Plena Noite";"Crescente";"Nublado";"Dupla";"Reta";"Sim";2;1;0;0;1;0;0;2;-22,80546555;-43,06156967;"SPRF-RJ";"DEL02-RJ";"UOP02-DEL02-RJ"
331295;2020-12-29;"terça-feira";"20:20:00";"RS";285;117;"VACARIA";"Objeto estático sobre o leito carroçável";"Colisão com objeto estático";"Com Vítimas Feridas";"Plena Noite";"Crescente";"Céu Claro";"Simples";"Reta";"Não";1;0;1;0;0;0;1;1;-28,514254;-50,906414;"SPRF-RS";"DEL05-RS";"UOP03-DEL05-RS"
331296;2020-12-29;"terça-feira";"21:30:00";"RS";290;536;"ALEGRETE";"Reação tardia ou ineficiente do condutor";"Saída de leito carroçável";"Com Vítimas Feridas";"Plena Noite";"Crescente";"Céu Claro";"Simples";"Reta";"Não";3;0;2;0;1;0;2;1;-30,009653;-55,395874;"SPRF-RS";"DEL13-RS";"UOP02-DEL13-RS"
331300;2020-12-29;"terça-feira";"22:15:00";"RJ";101;428;"MANGARATIBA";"Falta de Atenção à Condução";"Colisão transversal";"Com Vítimas Feridas";"Plena Noite";"Decrescente";"Garoa/Chuvisco";"Dupla";"Interseção de Vias";"Sim";2;0;1;0;1;0;1;2;-22,93391858;-43,9899979;"SPRF-RJ";"DEL03-RJ";"UOP03-DEL03-RJ"
331302;2020-12-29;"terça-feira";"18:40:00";"BA";0;0;"SEABRA";"Velocidade Incompatível";"Saída de leito carroçável";"Sem Vítimas";"Plena Noite";"Não Informado";"Céu Claro";"Simples";"Curva";"Não";2;0;0;0;2;0;0;1;-12,441024;-41,745605;"SPRF-BA";"DEL06-BA";"UOP01-DEL06-BA"
331303;2020-12-29;"terça-feira";"18:45:00";"MA";230;407;"BALSAS";"Falta de Atenção à Condução";"Tombamento";"Com Vítimas Fatais";"Plena Noite";"Decrescente";"Céu Claro";"Simples";"Reta";"Sim";1;1;0;0;0;0;0;1;-7,51919168;-46,06740888;"SPRF-MA";"DEL05-MA";"UOP01-DEL05-MA"
331304;2020-12-30;"quarta-feira";"01:15:00";"ES";101;215,5;"IBIRACU";"Velocidade Incompatível";"Saída de leito carroçável";"Sem Vítimas";"Plena Noite";"Crescente";"Céu Claro";"Simples";"Curva";"Não";1;0;0;0;0;1;0;1;-19,83184002;-40,38012995;"SPRF-ES";"DEL02-ES";"UOP01-DEL02-ES"
331306;2020-12-30;"quarta-feira";"00:00:00";"SC";470;57;"BLUMENAU";"Agressão Externa";"Tombamento";"Sem Vítimas";"Plena Noite";"Crescente";"Céu Claro";"Simples";"Reta";"Não";1;0;0;0;1;0;0;1;-26,880428;-49,136532;"SPRF-SC";"DEL04-SC";"UOP01-DEL04-SC"
331308;2020-12-30;"quarta-feira";"00:50:00";"DF";80;30,7;"BRASILIA";"Condutor Dormindo";"Saída de leito carroçável";"Com Vítimas Feridas";"Plena Noite";"Crescente";"Céu Claro";"Simples";"Reta";"Não";2;0;2;0;0;0;2;1;-15,586337;-48,188095;"SPRF-DF";"DEL03-DF";"UOP02-DEL03-DF"
331309;2020-12-30;"quarta-feira";"01:15:00";"BA";324;6;"FEIRA DE SANTANA";"Falta de Atenção à Condução";"Colisão com objeto estático";"Com Vítimas Feridas";"Plena Noite";"Decrescente";"Céu Claro";"Dupla";"Reta";"Não";1;0;0;1;0;0;1;1;-12,267113;-38,966988;"SPRF-BA";"DEL02-BA";"UOP01-DEL02-BA"
331312;2020-12-30;"quarta-feira";"02:30:00";"RS";153;50,3;"ERECHIM";"Defeito Mecânico no Veículo";"Colisão traseira";"Com Vítimas Feridas";"Plena Noite";"Crescente";"Céu Claro";"Simples";"Reta";"Sim";2;0;1;0;1;0;1;2;-27,65623359;-52,27554709;"SPRF-RS";"DEL08-RS";"UOP04-DEL08-RS"
331317;2020-12-30;"quarta-feira";"03:40:00";"PB";230;370;"MALTA";"Condutor deixou de manter distância do veículo da frente";"Colisão traseira";"Com Vítimas Feridas";"Plena Noite";"Decrescente";"Céu Claro";"Simples";"Reta";"Não";2;0;1;0;1;0;1;2;-6,9079;-37,5497;"SPRF-PB";"DEL03-PB";"UOP02-DEL03-PB"
331319;2020-12-30;"quarta-feira";"05:40:00";"PE";408;73;"PAUDALHO";"Animais na Pista";"Atropelamento de Animal";"Com Vítimas Feridas";"Amanhecer";"Crescente";"Céu Claro";"Dupla";"Declive";"Sim";1;0;1;0;0;0;1;1;-7,892066;-35,176026;"SPRF-PE";"DEL01-PE";"UOP01-DEL01-PE"
331320;2020-12-28;"segunda-feira";"15:30:00";"RS";116;143,1;"CAXIAS DO SUL";"Falta de Atenção à Condução";"Colisão traseira";"Sem Vítimas";"Pleno dia";"Crescente";"Céu Claro";"Dupla";"Reta";"Sim";2;0;0;0;2;0;0;2;-29,12288584;-51,12329006;"SPRF-RS";"DEL05-RS";"UOP01-DEL05-RS"
331321;2020-12-30;"quarta-feira";"06:45:00";"MG";381;881,7;"ESTIVA";"Defeito Mecânico no Veículo";"Incêndio";"Sem Vítimas";"Pleno dia";"Decrescente";"Chuva";"Dupla";"Curva;Declive";"Não";4;0;0;0;4;0;0;1;-22,46239693;-46,00878954;"SPRF-MG";"DEL16-MG";"UOP03-DEL16-MG"
331323;2020-12-30;"quarta-feira";"06:35:00";"BA";324;556;"AMELIA RODRIGUES";"Falta de Atenção à Condução";"Tombamento";"Com Vítimas Feridas";"Pleno dia";"Crescente";"Céu Claro";"Dupla";"Reta";"Não";1;0;1;0;0;0;1;1;-12,47106487;-38,6824229;"SPRF-BA";"DEL01-BA";"UOP03-DEL01-BA"
331324;2020-12-30;"quarta-feira";"06:35:00";"MG";251;498;"FRANCISCO SA";"Condutor Dormindo";"Saída de leito carroçável";"Com Vítimas Feridas";"Pleno dia";"Decrescente";"Céu Claro";"Simples";"Reta";"Não";4;0;2;2;0;0;4;1;-16,58313895;-43,63386007;"SPRF-MG";"DEL12-MG";"UOP01-DEL12-MG"
331325;2020-12-30;"quarta-feira";"04:45:00";"RS";287;310;"SAO VICENTE DO SUL";"Animais na Pista";"Atropelamento de Animal";"Com Vítimas Feridas";"Plena Noite";"Decrescente";"Céu Claro";"Simples";"Reta";"Não";2;0;1;0;1;0;1;1;-29,66594089;-54,47356402;"SPRF-RS";"DEL09-RS";"UOP01-DEL09-RS"
331326;2020-12-12;"sábado";"08:00:00";"MT";163;518;"DIAMANTINO";"Defeito na Via";"Queda de ocupante de veículo";"Com Vítimas Feridas";"Pleno dia";"Decrescente";"Céu Claro";"Simples";"Reta";"Não";2;0;0;1;1;0;1;1;-14,52715601;-56,22530399;"SPRF-MT";"DEL01-MT";"UOP01-DEL01-MT"
331327;2020-12-30;"quarta-feira";"05:00:00";"RS";287;307;"SAO PEDRO DO SUL";"Condutor Dormindo";"Colisão frontal";"Com Vítimas Feridas";"Plena Noite";"Crescente";"Céu Claro";"Simples";"Curva";"Não";2;0;0;2;0;0;2;2;-29,655448;-54,440077;"SPRF-RS";"DEL09-RS";"UOP01-DEL09-RS"
331328;2020-12-30;"quarta-feira";"07:30:00";"SC";101;213;"PALHOCA";"Desobediência às normas de trânsito pelo condutor";"Colisão lateral";"Com Vítimas Feridas";"Pleno dia";"Crescente";"Céu Claro";"Múltipla";"Reta";"Sim";3;0;2;0;1;0;2;3;-27,63697369;-48,66514142;"SPRF-SC";"DEL01-SC";"UOP02-DEL01-SC"
331329;2020-12-30;"quarta-feira";"07:00:00";"TO";235;165,9;"TUPIRAMA";"Falta de Atenção à Condução";"Colisão transversal";"Com Vítimas Feridas";"Pleno dia";"Decrescente";"Sol";"Simples";"Retorno Regulamentado";"Não";2;0;0;1;1;0;1;2;-8,99133651;-48,18883033;"SPRF-TO";"DEL02-TO";"UOP02-DEL02-TO"
331332;2020-12-30;"quarta-feira";"07:30:00";"RN";226;39,7;"MACAIBA";"Falta de Atenção à Condução";"Tombamento";"Com Vítimas Feridas";"Pleno dia";"Crescente";"Céu Claro";"Simples";"Reta";"Sim";1;0;0;1;0;0;1;1;-5,92647;-35,53857;"SPRF-RN";"DEL03-RN";"UOP02-DEL03-RN"
331333;2020-12-30;"quarta-feira";"07:30:00";"CE";222;13,9;"CAUCAIA";"Não guardar distância de segurança";"Saída de leito carroçável";"Com Vítimas Feridas";"Pleno dia";"Decrescente";"Nublado";"Simples";"Reta";"Não";1;0;1;0;0;0;1;1;-3,76323859;-38,6776931;"SPRF-CE";"DEL01-CE";"UOP01-DEL01-CE"
331335;2020-12-30;"quarta-feira";"08:10:00";"SC";101;107,9;"PENHA";"Não guardar distância de segurança";"Colisão lateral";"Com Vítimas Feridas";"Pleno dia";"Crescente";"Céu Claro";"Dupla";"Reta";"Não";5;0;1;0;4;0;1;3;-26,81930608;-48,68390282;"SPRF-SC";"DEL03-SC";"UOP02-DEL03-SC"
331336;2020-12-30;"quarta-feira";"08:15:00";"PR";369;150,8;"LONDRINA";"Não guardar distância de segurança";"Colisão traseira";"Com Vítimas Feridas";"Pleno dia";"Decrescente";"Nublado";"Dupla";"Reta";"Sim";2;0;1;0;1;0;1;2;-23,292869;-51,168969;"SPRF-PR";"DEL07-PR";"UOP01-DEL07-PR"
331337;2020-12-30;"quarta-feira";"07:25:00";"GO";60;185,5;"ABADIA DE GOIAS";"Desobediência às normas de trânsito pelo condutor";"Tombamento";"Com Vítimas Feridas";"Pleno dia";"Crescente";"Sol";"Dupla";"Reta";"Não";1;0;1;0;0;0;1;1;-16,7956;-49,51;"SPRF-GO";"DEL01-GO";"UOP02-DEL01-GO"
331339;2020-12-30;"quarta-feira";"09:10:00";"MG";381;913;"CAMANDUCAIA";"Velocidade Incompatível";"Saída de leito carroçável";"Com Vítimas Feridas";"Pleno dia";"Decrescente";"Nublado";"Dupla";"Curva";"Sim";3;0;1;0;2;0;1;1;-22,75390001;-46,146503;"SPRF-MG";"DEL16-MG";"UOP03-DEL16-MG"
331345;2020-12-30;"quarta-feira";"09:20:00";"ES";101;281;"SERRA";"Desobediência às normas de trânsito pelo condutor";"Tombamento";"Com Vítimas Feridas";"Pleno dia";"Decrescente";"Sol";"Dupla";"Reta";"Não";1;0;1;0;0;0;1;1;-20,22112792;-40,35720552;"SPRF-ES";"DEL02-ES";"UOP01-DEL02-ES"
331346;2020-12-30;"quarta-feira";"09:50:00";"ES";101;270;"SERRA";"Falta de Atenção à Condução";"Queda de ocupante de veículo";"Com Vítimas Feridas";"Pleno dia";"Crescente";"Céu Claro";"Múltipla";"Reta";"Sim";1;0;0;1;0;0;1;1;-20,21740496;-40,26990578;"SPRF-ES";"DEL02-ES";"UOP01-DEL02-ES"
331347;2020-12-30;"quarta-feira";"09:45:00";"SC";282;15,7;"PALHOCA";"Desobediência às normas de trânsito pelo condutor";"Colisão transversal";"Com Vítimas Feridas";"Pleno dia";"Decrescente";"Céu Claro";"Simples";"Reta";"Sim";2;0;0;1;1;0;1;2;-27,651848;-48,676048;"SPRF-SC";"DEL01-SC";"UOP02-DEL01-SC"
331348;2020-12-30;"quarta-feira";"09:51:00";"RJ";101;61;"CAMPOS DOS GOYTACAZES";"Falta de Atenção à Condução";"Colisão traseira";"Sem Vítimas";"Pleno dia";"Decrescente";"Céu Claro";"Simples";"Reta";"Sim";3;0;0;0;3;0;0;2;-21,72655788;-41,32133519;"SPRF-RJ";"DEL08-RJ";"UOP01-DEL08-RJ"
331350;2020-12-14;"segunda-feira";"16:30:00";"MG";381;420;"CAETE";"Ausência de sinalização";"Capotamento";"Com Vítimas Feridas";"Pleno dia";"Crescente";"Céu Claro";"Dupla";"Curva";"Não";4;0;0;4;0;0;4;1;-19,76425109;-43,64210754;"SPRF-MG";"DEL01-MG";"UOP01-DEL01-MG"
331352;2020-12-30;"quarta-feira";"08:25:00";"MT";174;291;"PONTES E LACERDA";"Falta de Atenção à Condução";"Colisão transversal";"Com Vítimas Feridas";"Pleno dia";"Decrescente";"Céu Claro";"Simples";"Reta";"Sim";2;0;1;0;1;0;1;2;-15,20652;-59,32126296;"SPRF-MT";"DEL04-MT";"UOP01-DEL04-MT"