"id";"data_inversa";"dia_semana";"horario";"uf";"br";"km";"municipio";"causa_acidente";"tipo_acidente";"classificacao_acidente";"fase_dia";"sentido_via";"condicao_metereologica";"tipo_pista";"tracado_via";"uso_solo";"pessoas";"mortos";"feridos_leves";"feridos_graves";"ilesos";"ignorados";"feridos";"veiculos";"latitude";"longitude";"regional";"delegacia";"uop"
331462;2020-12-30;"quarta-feira";"19:30:00";"RS";470;172;"VERANOPOLIS";"Velocidade Incompatível";"Saída de leito carroçável";"Com Vítimas Feridas";"Anoitecer";"Decrescente";"Céu Claro";"Simples";"Curva";"Sim";1;0;0;1;0;0;1;1;-28,89106431;-51,54975736;"SPRF-RS";"DEL06-RS";"UOP02-DEL06-RS"
331463;2020-12-30;"quarta-feira";"19:30:00";"BA";324;542;"AMELIA RODRIGUES";"Desobediência às normas de trânsito pelo condutor";"Colisão com objeto estático";"Sem Vítimas";"Plena Noite";"Decrescente";"Céu Claro";"Dupla";"Rotatória";"Sim";1;0;0;0;0;1;0;1;-12,39373185;-38,77646394;"SPRF-BA";"DEL01-BA";"UOP03-DEL01-BA"
331465;2020-12-30;"quarta-feira";"20:05:00";"SC";282;207,2;"LAGES";"Ingestão de Álcool";"Atropelamento de Pedestre";"Com Vítimas Feridas";"Plena Noite";"Crescente";"Céu Claro";"Simples";"Em Obras;Reta;Aclive";"Não";2;0;0;1;1;0;1;2;-27,77410791;-50,20492315;"SPRF-SC";"DEL05-SC";"UOP01-DEL05-SC"
331467;2020-12-30;"quarta-feira";"20:45:00";"PR";376;631,4;"SAO JOSE DOS PINHAIS";"Falta de Atenção do Pedestre";"Atropelamento de Pedestre";"Com Vítimas Fatais";"Plena Noite";"Decrescente";"Nublado";"Dupla";"Reta";"Sim";2;1;0;0;1;0;0;2;-25,70434399;-49,14198595;"SPRF-PR";"DEL01-PR";"UOP04-DEL01-PR"
331469;2020-12-30;"quarta-feira";"08:57:00";"SC";101;124,7;"ITAJAI";"Não guardar distância de segurança";"Engavetamento";"Com Vítimas Feridas";"Plena Noite";"Crescente";"Céu Claro";"Dupla";"Reta";"Não";5;0;1;0;4;0;1;4;-26,94335064;-48,69198648;"SPRF-SC";"DEL04-SC";"UOP04-DEL04-SC"
331472;2020-12-30;"quarta-feira";"20:13:00";"RS";392;33;"RIO GRANDE";"Defeito Mecânico no Veículo";"Tombamento";"Com Vítimas Feridas";"Plena Noite";"Crescente";"Chuva";"Dupla";"Reta";"Não";1;0;0;1;0;0;1;1;-32,02482501;-52,28787638;"SPRF-RS";"DEL07-RS";"UOP02-DEL07-RS"
331474;2020-12-30;"quarta-feira";"20:15:00";"AL";423;84,5;"DELMIRO GOUVEIA";"Animais na Pista";"Atropelamento de Animal";"Com Vítimas Feridas";"Plena Noite";"Crescente";"Céu Claro";"Simples";"Curva";"Não";4;0;1;0;3;0;1;1;-9,34305022;-38,01996892;"SPRF-BA";"DEL07-BA";"UOP01-DEL07-BA"
331475;2020-12-30;"quarta-feira";"20:05:00";"SC";101;149;"ITAPEMA";"Não guardar distância de segurança";"Colisão traseira";"Com Vítimas Feridas";"Plena Noite";"Decrescente";"Céu Claro";"Dupla";"Reta";"Sim";2;0;1;0;1;0;1;2;-27,1089649;-48,61277586;"SPRF-SC";"DEL04-SC";"UOP03-DEL04-SC"
331476;2020-12-30;"quarta-feira";"19:30:00";"PE";408;66;"CARPINA";"Falta de Atenção à Condução";"Colisão traseira";"Sem Vítimas";"Plena Noite";"Decrescente";"Nublado";"Dupla";"Reta";"Sim";2;0;0;0;2;0;0;2;-7,85456416;-35,22363707;"SPRF-PE";"DEL01-PE";"UOP01-DEL01-PE"
331478;2020-12-30;"quarta-feira";"21:20:00";"RS";116;237;"NOVO HAMBURGO";"Desobediência às normas de trânsito pelo condutor";"Colisão traseira";"Com Vítimas Feridas";"Plena Noite";"Crescente";"Céu Claro";"Dupla";"Reta";"Sim";3;0;1;1;0;1;2;2;-29,67839398;-51,1422266;"SPRF-RS";"DEL01-RS";"UOP02-DEL01-RS"
331479;2020-12-30;"quarta-feira";"20:00:00";"ES";262;177,5;"IBATIBA";"Falta de Atenção à Condução";"Colisão lateral";"Com Vítimas Feridas";"Plena Noite";"Decrescente";"Céu Claro";"Simples";"Reta";"Não";2;0;2;0;0;0;2;2;-20,28062181;-41,64687634;"SPRF-ES";"DEL01-ES";"UOP02-DEL01-ES"
331480;2020-12-30;"quarta-feira";"22:00:00";"ES";101;209;"IBIRACU";"Avarias e/ou desgaste excessivo no pneu";"Tombamento";"Com Vítimas Feridas";"Plena Noite";"Crescente";"Nublado";"Simples";"Reta";"Não";2;0;2;0;0;0;2;1;-19,789689;-40,37132;"SPRF-ES";"DEL02-ES";"UOP01-DEL02-ES"
331490;2020-12-30;"quarta-feira";"19:55:00";"PI";135;239;"ALVORADA DO GURGUEIA";"Animais na Pista";"Atropelamento de Animal";"Com Vítimas Feridas";"Plena Noite";"Crescente";"Céu Claro";"Simples";"Reta";"Não";4;0;2;0;2;0;2;1;-8,28066997;-43,80740707;"SPRF-PI";"DEL03-PI";"UOP02-DEL03-PI"
331491;2020-11-06;"sexta-feira";"14:00:00";"BA";418;27;"CARAVELAS";"Manobra de mudança de faixa";"Colisão transversal";"Com Vítimas Feridas";"Pleno dia";"Crescente";"Chuva";"Simples";"Reta";"Não";2;0;1;0;1;0;1;2;-17,64419977;-39,35916411;"SPRF-BA";"DEL09-BA";"UOP02-DEL09-BA"
331492;2020-12-30;"quarta-feira";"06:30:00";"PI";135;548;"SAO GONCALO DO GURGUEIA";"Falta de Atenção à Condução";"Colisão transversal";"Com Vítimas Feridas";"Pleno dia";"Crescente";"Céu Claro";"Simples";"Interseção de Vias";"Não";2;0;0;1;1;0;1;2;-10,09518338;-45,25577855;"SPRF-PI";"DEL03-PI";"UOP02-DEL03-PI"
331495;2020-12-30;"quarta-feira";"21:00:00";"SP";116;229,8;"SAO PAULO";"Ingestão de Álcool";"Saída de leito carroçável";"Sem Vítimas";"Plena Noite";"Decrescente";"Céu Claro";"Múltipla";"Reta";"Sim";1;0;0;0;1;0;0;1;-23,51291902;-46,57604698;"SPRF-SP";"DEL01-SP";"UOP01-DEL01-SP"
331496;2020-12-30;"quarta-feira";"13:20:00";"ES";262;104,7;"VENDA NOVA DO IMIGRANTE";"Falta de Atenção à Condução";"Colisão transversal";"Com Vítimas Feridas";"Pleno dia";"Decrescente";"Céu Claro";"Simples";"Interseção de Vias";"Sim";2;0;1;0;1;0;1;2;-20,33302593;-41,12931881;"SPRF-ES";"DEL01-ES";"UOP02-DEL01-ES"
331497;2020-12-30;"quarta-feira";"21:30:00";"MT";70;133,5;"GENERAL CARNEIRO";"Animais na Pista";"Saída de leito carroçável";"Com Vítimas Feridas";"Plena Noite";"Decrescente";"Nublado";"Simples";"Reta";"Não";2;0;2;0;0;0;2;1;-15,59068783;-53,22057013;"SPRF-MT";"DEL07-MT";"UOP01-DEL07-MT"
331499;2020-12-30;"quarta-feira";"23:20:00";"GO";50;241,8;"CAMPO ALEGRE DE GOIAS";"Animais na Pista";"Atropelamento de Animal";"Com Vítimas Feridas";"Plena Noite";"Crescente";"Céu Claro";"Dupla";"Reta";"Não";2;0;1;0;1;0;1;1;-17,9009;-47,7953;"SPRF-GO";"DEL06-GO";"UOP01-DEL06-GO"
331500;2020-12-30;"quarta-feira";"22:40:00";"MG";50;0,8;"ARAGUARI";"Defeito Mecânico no Veículo";"Incêndio";"Com Vítimas Feridas";"Plena Noite";"Crescente";"Céu Claro";"Dupla";"Reta";"Não";2;0;1;0;1;0;1;1;-18,42432;-48,068207;"SPRF-MG";"DEL15-MG";"UOP02-DEL15-MG"
331501;2020-12-30;"quarta-feira";"21:45:00";"PB";361;6;"PATOS";"Falta de Atenção à Condução";"Colisão lateral";"Com Vítimas Feridas";"Plena Noite";"Decrescente";"Céu Claro";"Simples";"Reta";"Sim";2;0;2;0;0;0;2;2;-7,03594312;-37,31112598;"SPRF-PB";"DEL03-PB";"UOP01-DEL03-PB"
331503;2020-12-30;"quarta-feira";"23:39:00";"MG";262;813;"UBERABA";"Falta de Atenção à Condução";"Queda de ocupante de veículo";"Com Vítimas Feridas";"Plena Noite";"Decrescente";"Nublado";"Dupla";"Reta";"Não";1;0;1;0;0;0;1;1;-19,76009757;-48,07322705;"SPRF-MG";"DEL13-MG";"UOP01-DEL13-MG"
331504;2020-12-30;"quarta-feira";"23:00:00";"MG";50;174,2;"UBERABA";"Desobediência às normas de trânsito pelo condutor";"Colisão traseira";"Com Vítimas Feridas";"Plena Noite";"Decrescente";"Céu Claro";"Dupla";"Viaduto";"Sim";3;0;2;0;0;1;2;2;-19,770817;-47,973434;"SPRF-MG";"DEL13-MG";"UOP01-DEL13-MG"
331505;2020-12-31;"quinta-feira";"00:30:00";"RJ";116;168;"SAO JOAO DE MERITI";"Defeito Mecânico no Veículo";"Colisão com objeto estático";"Sem Vítimas";"Plena Noite";"Decrescente";"Nublado";"Múltipla";"Reta";"Sim";1;0;0;0;1;0;0;1;-22,819969;-43,31499997;"SPRF-RJ";"DEL01-RJ";"UOP01-DEL01-RJ"
331506;2020-12-30;"quarta-feira";"22:00:00";"RO";364;344;"JI-PARANA";"Desobediência às normas de trânsito pelo condutor";"Colisão transversal";"Com Vítimas Feridas";"Plena Noite";"Decrescente";"Céu Claro";"Dupla";"Interseção de Vias";"Sim";3;0;3;0;0;0;3;2;-10,87376391;-61,95256893;"SPRF-RO";"DEL02-RO";"UOP01-DEL02-RO"
331507;2020-12-31;"quinta-feira";"00:25:00";"RS";386;422,5;"MONTENEGRO";"Velocidade Incompatível";"Saída de leito carroçável";"Com Vítimas Feridas";"Plena Noite";"Crescente";"Chuva";"Dupla";"Curva";"Sim";1;0;0;1;0;0;1;1;-29,815111;-51,402634;"SPRF-RS";"DEL04-RS";"UOP02-DEL04-RS"
331509;2020-12-31;"quinta-feira";"01:10:00";"SC";101;193;"BIGUACU";"Ingestão de Álcool";"Colisão com objeto estático";"Com Vítimas Feridas";"Plena Noite";"Crescente";"Céu Claro";"Múltipla";"Reta";"Sim";1;0;0;1;0;0;1;1;-27,489574;-48,655914;"SPRF-SC";"DEL01-SC";"UOP01-DEL01-SC"
331510;2020-12-31;"quinta-feira";"00:27:00";"PR";277;586,5;"CASCAVEL";"Ingestão de Álcool";"Colisão traseira";"Com Vítimas Feridas";"Plena Noite";"Decrescente";"Nublado";"Simples";"Reta";"Sim";2;0;1;0;1;0;1;2;-24,9649472;-53,4210459;"SPRF-PR";"DEL04-PR";"UOP01-DEL04-PR"
331512;2020-12-31;"quinta-feira";"00:10:00";"SP";381;73;"SAO PAULO";"Desobediência às normas de trânsito pelo condutor";"Saída de leito carroçável";"Sem Vítimas";"Plena Noite";"Decrescente";"Garoa/Chuvisco";"Dupla";"Curva";"Não";2;0;0;0;2;0;0;1;-23,36553404;-46,55253934;"SPRF-SP";"DEL03-SP";"UOP01-DEL03-SP"
331513;2020-12-31;"quinta-feira";"02:30:00";"SP";381;18;"BRAGANCA PAULISTA";"Desobediência às normas de trânsito pelo condutor";"Colisão lateral";"Com Vítimas Feridas";"Plena Noite";"Crescente";"Nublado";"Dupla";"Reta";"Não";2;0;1;0;1;0;1;2;-22,9746091;-46,48838277;"SPRF-SP";"DEL03-SP";"UOP01-DEL03-SP"
331514;2020-12-30;"quarta-feira";"20:10:00";"BA";101;526;"SAO JOSE DA VITORIA";"Deficiência ou não Acionamento do Sistema de Iluminação/Sinalização do Veículo";"Saída de leito carroçável";"Com Vítimas Feridas";"Plena Noite";"Crescente";"Céu Claro";"Simples";"Reta";"Não";2;0;1;0;1;0;1;1;-15,10113759;-39,36156672;"SPRF-BA";"DEL05-BA";"UOP01-DEL05-BA"
331515;2020-12-31;"quinta-feira";"03:30:00";"DF";20;45,3;"BRASILIA";"Falta de Atenção à Condução";"Colisão traseira";"Com Vítimas Feridas";"Plena Noite";"Crescente";"Céu Claro";"Dupla";"Reta";"Não";3;0;2;0;1;0;2;2;-15,577153;-47,467113;"SPRF-DF";"DEL02-DF";"UOP01-DEL02-DF"
331516;2020-12-31;"quinta-feira";"03:00:00";"CE";222;95;"UMIRIM";"Defeito Mecânico no Veículo";"Incêndio";"Sem Vítimas";"Plena Noite";"Decrescente";"Céu Claro";"Simples";"Reta";"Não";1;0;0;0;1;0;0;1;-3,70238142;-39,38326382;"SPRF-CE";"DEL04-CE";"UOP03-DEL04-CE"
331517;2020-12-30;"quarta-feira";"22:30:00";"SC";101;266;"PAULO LOPES";"Não guardar distância de segurança";"Colisão traseira";"Sem Vítimas";"Pleno dia";"Decrescente";"Céu Claro";"Dupla";"Reta";"Sim";2;0;0;0;1;1;0;2;-28,06847808;-48,71463931;"SPRF-SC";"DEL02-SC";"UOP03-DEL02-SC"
331518;2020-12-31;"quinta-feira";"04:50:00";"CE";116;7,5;"FORTALEZA";"Falta de Atenção à Condução";"Colisão com objeto";"Com Vítimas Feridas";"Amanhecer";"Decrescente";"Céu Claro";"Múltipla";"Reta";"Sim";2;0;0;1;0;1;1;2;-3,81315007;-38,50085735;"SPRF-CE";"DEL01-CE";"UOP02-DEL01-CE"
331519;2020-12-31;"quinta-feira";"04:10:00";"GO";70;429;"ARAGARCAS";"Velocidade Incompatível";"Saída de leito carroçável";"Com Vítimas Fatais";"Plena Noite";"Crescente";"Céu Claro";"Simples";"Curva";"Não";3;1;1;1;0;0;2;1;-15,90783;-52,0438;"SPRF-GO";"DEL04-GO";"UOP01-DEL04-GO"
331520;2020-12-31;"quinta-feira";"03:20:00";"MS";267;471,9;"GUIA LOPES DA LAGUNA";"Animais na Pista";"Atropelamento de Animal";"Com Vítimas Feridas";"Plena Noite";"Decrescente";"Céu Claro";"Simples";"Reta";"Não";1;0;0;1;0;0;1;1;-21,42355;-56,063877;"SPRF-MS";"DEL05-MS";"UOP01-DEL05-MS"
331521;2020-12-31;"quinta-feira";"05:00:00";"PR";277;42,5;"MORRETES";"Falta de Atenção à Condução";"Saída de leito carroçável";"Com Vítimas Feridas";"Amanhecer";"Decrescente";"Céu Claro";"Dupla";"Reta";"Não";4;0;4;0;0;0;4;1;-25,57361239;-48,84469597;"SPRF-PR";"DEL01-PR";"UOP05-DEL01-PR"
331523;2020-12-31;"quinta-feira";"05:30:00";"PR";277;7;"PARANAGUA";"Falta de Atenção à Condução";"Colisão com objeto estático";"Com Vítimas Feridas";"Amanhecer";"Crescente";"Céu Claro";"Dupla";"Curva";"Sim";2;0;2;0;0;0;2;1;-25,567507;-48,616314;"SPRF-PR";"DEL01-PR";"UOP05-DEL01-PR"
331525;2020-12-31;"quinta-feira";"04:35:00";"RS";285;262,5;"MATO CASTELHANO";"Falta de Atenção à Condução";"Saída de leito carroçável";"Com Vítimas Feridas";"Plena Noite";"Decrescente";"Chuva";"Simples";"Reta";"Não";4;0;2;0;2;0;2;1;-28,307819;-52,099564;"SPRF-RS";"DEL08-RS";"UOP03-DEL08-RS"
331528;2020-12-31;"quinta-feira";"05:00:00";"MT";163;773,5;"SORRISO";"Velocidade Incompatível";"Saída de leito carroçável";"Com Vítimas Fatais";"Amanhecer";"Decrescente";"Nevoeiro/Neblina";"Simples";"Reta";"Não";1;1;0;0;0;0;0;1;-12,49784788;-55,68727522;"SPRF-MT";"DEL06-MT";"UOP01-DEL06-MT"
331530;2020-12-31;"quinta-feira";"05:10:00";"MG";262;800,4;"UBERABA";"Desobediência às normas de trânsito pelo condutor";"Tombamento";"Com Vítimas Feridas";"Amanhecer";"Crescente";"Céu Claro";"Dupla";"Reta";"Sim";1;0;0;1;0;0;1;1;-19,779129;-47,945794;"SPRF-MG";"DEL13-MG";"UOP01-DEL13-MG"
331532;2020-12-31;"quinta-feira";"07:10:00";"ES";101;145;"LINHARES";"Falta de Atenção à Condução";"Atropelamento de Pedestre";"Com Vítimas Feridas";"Pleno dia";"Decrescente";"Nublado";"Simples";"Reta";"Sim";2;0;0;1;0;1;1;2;-19,35577;-40,06416;"SPRF-ES";"DEL04-ES";"UOP01-DEL04-ES"
331533;2020-12-31;"quinta-feira";"06:00:00";"RO";364;708;"PORTO VELHO";"Condutor deixou de manter distância do veículo da frente";"Colisão traseira";"Com Vítimas Feridas";"Amanhecer";"Crescente";"Céu Claro";"Dupla";"Curva;Interseção de Vias";"Sim";2;0;1;0;1;0;1;2;-8,792099;-63,846621;"SPRF-RO";"DEL01-RO";"UOP01-DEL01-RO"
331534;2020-12-31;"quinta-feira";"07:00:00";"RS";116;257,2;"ESTEIO";"Falta de Atenção à Condução";"Colisão transversal";"Com Vítimas Feridas";"Pleno dia";"Crescente";"Nublado";"Dupla";"Interseção de Vias";"Sim";2;0;1;0;1;0;1;2;-29,85262195;-51,17968329;"SPRF-RS";"DEL01-RS";"UOP02-DEL01-RS"
331535;2020-12-31;"quinta-feira";"07:10:00";"CE";20;310,3;"CANINDE";"Reação tardia ou ineficiente do condutor";"Colisão traseira";"Com Vítimas Feridas";"Pleno dia";"Decrescente";"Céu Claro";"Simples";"Reta";"Não";5;0;1;0;4;0;1;4;-4,33526699;-39,28862702;"SPRF-CE";"DEL02-CE";"UOP01-DEL02-CE"
331536;2020-12-31;"quinta-feira";"07:35:00";"PR";476;140;"CURITIBA";"Falta de Atenção à Condução";"Colisão lateral";"Com Vítimas Feridas";"Pleno dia";"Crescente";"Céu Claro";"Dupla";"Reta";"Sim";2;0;1;0;1;0;1;2;-25,520693;-49,294121;"SPRF-PR";"DEL01-PR";"UOP03-DEL01-PR"
331537;2020-12-13;"domingo";"07:25:00";"SC";101;351,9;"JAGUARUNA";"Falta de Atenção à Condução";"Colisão lateral";"Com Vítimas Feridas";"Pleno dia";"Decrescente";"Sol";"Dupla";"Reta";"Não";4;0;2;0;0;2;2;3;-28,5977641;-49,04943589;"SPRF-SC";"DEL02-SC";"UOP01-DEL02-SC"
331538;2020-12-31;"quinta-feira";"06:45:00";"RJ";116;66;"TERESOPOLIS";"Falta de Atenção à Condução";"Colisão traseira";"Com Vítimas Feridas";"Pleno dia";"Decrescente";"Céu Claro";"Simples";"Reta";"Não";2;0;1;0;1;0;1;2;-22,28530513;-42,9306046;"SPRF-RJ";"DEL04-RJ";"UOP01-DEL04-RJ"
331540;2020-12-31;"quinta-feira";"07:50:00";"PI";343;14,6;"PARNAIBA";"Desobediência às normas de trânsito pelo condutor";"Colisão lateral";"Com Vítimas Feridas";"Pleno dia";"Crescente";"Sol";"Dupla";"Reta";"Sim";3;0;0;1;2;0;1;3;-2,9333927;-41,75452213;"SPRF-PI";"DEL05-PI";"UOP01-DEL05-PI"
331541;2020-12-30;"quarta-feira";"18:45:00";"RJ";493;67;"NOVA IGUACU";"Falta de Atenção do Pedestre";"Atropelamento de Pedestre";"Com Vítimas Fatais";"Plena Noite";"Decrescente";"Céu Claro";"Simples";"Curva";"Sim";2;1;0;0;1;0;0;2;-22,684;-43,449;"SPRF-RJ";"DEL01-RJ";"UOP03-DEL01-RJ"
331543;2020-12-31;"quinta-feira";"07:30:00";"RS";101;75,3;"OSORIO";"Falta de Atenção à Condução";"Capotamento";"Com Vítimas Feridas";"Pleno dia";"Decrescente";"Nublado";"Dupla";"Curva";"Sim";2;0;1;0;1;0;1;1;-29,78748091;-50,23072015;"SPRF-RS";"DEL03-RS";"UOP01-DEL03-RS"
331544;2020-12-31;"quinta-feira";"08:00:00";"BA";101;890;"CARAVELAS";"Transitar na contramão";"Colisão lateral sentido oposto";"Com Vítimas Feridas";"Pleno dia";"Decrescente";"Céu Claro";"Simples";"Declive";"Não";4;0;1;0;3;0;1;3;-17,71408457;-39,76799726;"SPRF-BA";"DEL09-BA";"UOP02-DEL09-BA"
331546;2020-12-31;"quinta-feira";"06:45:00";"SC";470;120,9;"IBIRAMA";"Velocidade Incompatível";"Colisão frontal";"Com Vítimas Feridas";"Pleno dia";"Crescente";"Nublado";"Simples";"Curva";"Não";5;0;3;0;2;0;3;2;-27,09534078;-49,52989697;"SPRF-SC";"DEL04-SC";"UOP02-DEL04-SC"
331547;2020-12-30;"quarta-feira";"21:40:00";"BA";116;226;"EUCLIDES DA CUNHA";"Defeito Mecânico no Veículo";"Incêndio";"Sem Vítimas";"Plena Noite";"Decrescente";"Céu Claro";"Simples";"Reta";"Não";1;0;0;0;1;0;0;1;-10,60447084;-38,97241665;"SPRF-BA";"DEL07-BA";"UOP02-DEL07-BA"
331548;2020-12-31;"quinta-feira";"09:10:00";"PR";272;406;"JANIOPOLIS";"Falta de Atenção à Condução";"Saída de leito carroçável";"Com Vítimas Feridas";"Pleno dia";"Crescente";"Chuva";"Simples";"Curva";"Não";3;0;2;0;1;0;2;1;-24,11773088;-52,74501308;"SPRF-PR";"DEL09-PR";"UOP03-DEL09-PR"
331550;2020-12-31;"quinta-feira";"07:40:00";"PE";101;12;"GOIANA";"Pista Escorregadia";"Capotamento";"Com Vítimas Feridas";"Pleno dia";"Crescente";"Chuva";"Dupla";"Reta";"Não";2;0;1;0;0;1;1;1;-7,60243605;-34,9793841;"SPRF-PE";"DEL01-PE";"UOP02-DEL01-PE"
331551;2020-12-31;"quinta-feira";"07:35:00";"MT";364;262;"JUSCIMEIRA";"Falta de Atenção à Condução";"Saída de leito carroçável";"Com Vítimas Feridas";"Pleno dia";"Crescente";"Céu Claro";"Dupla";"Curva";"Não";1;0;0;1;0;0;1;1;-16,023325;-54,899853;"SPRF-MT";"DEL02-MT";"UOP01-DEL02-MT"
331552;2020-12-31;"quinta-feira";"07:08:00";"RN";110;0,3;"AREIA BRANCA";"Desobediência às normas de trânsito pelo condutor";"Colisão transversal";"Com Vítimas Feridas";"Pleno dia";"Crescente";"Sol";"Simples";"Reta";"Sim";2;0;1;0;1;0;1;2;-4,95382174;-37,1290791;"SPRF-RN";"DEL04-RN";"UOP01-DEL04-RN"
331553;2020-12-31;"quinta-feira";"09:44:00";"MG";381;569,5;"ITAGUARA";"Falta de Atenção à Condução";"Tombamento";"Com Vítimas Feridas";"Pleno dia";"Decrescente";"Céu Claro";"Dupla";"Reta";"Não";1;0;1;0;0;0;1;1;-20,43178144;-44,55193736;"SPRF-MG";"DEL04-MG";"UOP03-DEL04-MG"
331554;2020-12-31;"quinta-feira";"09:40:00";"PE";101;5,2;"GOIANA";"Acessar a via sem observar a presença dos outros veículos";"Colisão transversal";"Com Vítimas Fatais";"Pleno dia";"Decrescente";"Céu Claro";"Dupla";"Reta";"Não";4;1;1;0;2;0;1;2;-7,541764;-34,991394;"SPRF-PE";"DEL01-PE";"UOP02-DEL01-PE"
331555;2020-12-31;"quinta-feira";"09:20:00";"RS";471;190;"PANTANO GRANDE";"Desobediência às normas de trânsito pelo condutor";"Colisão transversal";"Com Vítimas Feridas";"Pleno dia";"Crescente";"Sol";"Simples";"Interseção de Vias";"Não";5;0;2;0;3;0;2;2;-30,165918;-52,374424;"SPRF-RS";"DEL02-RS";"UOP03-DEL02-RS"
331556;2020-12-31;"quinta-feira";"07:30:00";"MS";163;278,6;"DOURADOS";"Defeito Mecânico no Veículo";"Capotamento";"Sem Vítimas";"Pleno dia";"Crescente";"Céu Claro";"Dupla";"Reta";"Não";1;0;0;0;1;0;0;1;-22,14558532;-54,62857076;"SPRF-MS";"DEL04-MS";"UOP01-DEL04-MS"
331559;2020-12-31;"quinta-feira";"10:10:00";"PE";101;70,3;"RECIFE";"Falta de Atenção à Condução";"Colisão transversal";"Com Vítimas Feridas";"Pleno dia";"Crescente";"Nublado";"Múltipla";"Curva";"Sim";4;0;1;0;3;0;1;2;-8,070481;-34,942647;"SPRF-PE";"DEL01-PE";"UOP01-DEL01-PE"
331562;2020-12-31;"quinta-feira";"09:00:00";"RJ";495;22;"PETROPOLIS";"Desobediência às normas de trânsito pelo condutor";"Colisão lateral";"Com Vítimas Feridas";"Pleno dia";"Crescente";"Céu Claro";"Simples";"Curva";"Não";2;0;1;0;1;0;1;2;-22,407368;-43,0835;"SPRF-RJ";"DEL06-RJ";"UOP01-DEL06-RJ"
331563;2020-12-31;"quinta-feira";"09:50:00";"MG";116;417,5;"GOVERNADOR VALADARES";"Falta de Atenção à Condução";"Colisão traseira";"Com Vítimas Feridas";"Pleno dia";"Decrescente";"Sol";"Simples";"Reta";"Sim";3;0;2;0;0;1;2;2;-18,91059296;-41,94156567;"SPRF-MG";"DEL06-MG";"UOP01-DEL06-MG"
331564;2020-12-31;"quinta-feira";"10:30:00";"PR";376;529;"PONTA GROSSA";"Velocidade Incompatível";"Colisão traseira";"Com Vítimas Feridas";"Pleno dia";"Crescente";"Chuva";"Dupla";"Reta";"Não";3;0;1;0;2;0;1;2;-25,29332483;-49,89810705;"SPRF-PR";"DEL03-PR";"UOP04-DEL03-PR"
331565;2020-12-31;"quinta-feira";"10:45:00";"MG";381;491;"BETIM";"Defeito Mecânico no Veículo";"Colisão traseira";"Com Vítimas Feridas";"Pleno dia";"Crescente";"Céu Claro";"Múltipla";"Reta";"Sim";2;0;1;0;1;0;1;2;-19,96011866;-44,15405273;"SPRF-MG";"DEL01-MG";"UOP03-DEL01-MG"
331566;2020-12-31;"quinta-feira";"09:00:00";"PR";487;130,1;"TUNEIRAS DO OESTE";"Pista Escorregadia";"Saída de leito carroçável";"Sem Vítimas";"Pleno dia";"Crescente";"Chuva";"Simples";"Curva;Declive";"Não";2;0;0;0;2;0;0;1;-23,8830792;-52,83207605;"SPRF-PR";"DEL09-PR";"UOP03-DEL09-PR"
331567;2020-12-31;"quinta-feira";"10:15:00";"PR";277;685,3;"SAO MIGUEL DO IGUACU";"Defeito Mecânico no Veículo";"Colisão com objeto estático";"Com Vítimas Feridas";"Pleno dia";"Crescente";"Chuva";"Dupla";"Curva";"Não";2;0;1;0;1;0;1;1;-25,3350861;-54,207268;"SPRF-PR";"DEL05-PR";"UOP01-DEL05-PR"
331569;2020-12-31;"quinta-feira";"10:40:00";"SP";116;197;"ARUJA";"Defeito Mecânico no Veículo";"Tombamento";"Com Vítimas Feridas";"Pleno dia";"Decrescente";"Céu Claro";"Dupla";"Curva";"Não";2;0;2;0;0;0;2;1;-23,39721625;-46,29284287;"SPRF-SP";"DEL01-SP";"UOP01-DEL01-SP"
331570;2020-12-31;"quinta-feira";"10:45:00";"RJ";101;198;"CASIMIRO DE ABREU";"Carga excessiva e/ou mal acondicionada";"Saída de leito carroçável";"Com Vítimas Feridas";"Pleno dia";"Decrescente";"Sol";"Dupla";"Reta";"Sim";3;0;2;0;1;0;2;1;-22,49157993;-42,12771201;"SPRF-RJ";"DEL08-RJ";"UOP04-DEL08-RJ"
331572;2020-12-31;"quinta-feira";"11:20:00";"RJ";40;97;"DUQUE DE CAXIAS";"Pista Escorregadia";"Queda de ocupante de veículo";"Com Vítimas Feridas";"Pleno dia";"Decrescente";"Céu Claro";"Dupla";"Aclive;Curva";"Sim";1;0;1;0;0;0;1;1;-22,57356181;-43,27802893;"SPRF-RJ";"DEL01-RJ";"UOP01-DEL01-RJ"
331574;2020-12-31;"quinta-feira";"10:30:00";"PE";232;57,9;"POMBOS";"Falta de Atenção à Condução";"Colisão traseira";"Com Vítimas Feridas";"Pleno dia";"Crescente";"Chuva";"Dupla";"Reta";"Não";6;0;1;2;3;0;3;2;-8,1418034;-35,38334727;"SPRF-PE";"DEL02-PE";"UOP02-DEL02PE"
331575;2020-12-31;"quinta-feira";"11:15:00";"SC";101;158,3;"PORTO BELO";"Desobediência às normas de trânsito pelo condutor";"Colisão com objeto estático";"Com Vítimas Feridas";"Pleno dia";"Decrescente";"Nublado";"Dupla";"Retorno Regulamentado;Reta";"Sim";1;0;0;1;0;0;1;1;-27,19096301;-48,61259017;"SPRF-SC";"DEL04-SC";"UOP03-DEL04-SC"