"id";"data_inversa";"dia_semana";"horario";"uf";"br";"km";"municipio";"causa_acidente";"tipo_acidente";"classificacao_acidente";"fase_dia";"sentido_via";"condicao_metereologica";"tipo_pista";"tracado_via";"uso_solo";"pessoas";"mortos";"feridos_leves";"feridos_graves";"ilesos";"ignorados";"feridos";"veiculos";"latitude";"longitude";"regional";"delegacia";"uop"
331673;2020-12-31;"quinta-feira";"20:50:00";"SC";101;334,7;"TUBARAO";"Acessar a via sem observar a presença dos outros veículos";"Colisão traseira";"Sem Vítimas";"Plena Noite";"Decrescente";"Céu Claro";"Simples";"Reta";"Sim";5;0;0;0;5;0;0;2;-28,46730446;-49,00604302;"SPRF-SC";"DEL02-SC";"UOP01-DEL02-SC"
331674;2020-12-31;"quinta-feira";"21:25:00";"CE";20;420;"MARACANAU";"Condutor desrespeitou a iluminação vermelha do semáforo";"Colisão transversal";"Sem Vítimas";"Plena Noite";"Crescente";"Céu Claro";"Dupla";"Em Obras;Reta";"Não";2;0;0;0;2;0;0;2;-3,76999035;-38,67006282;"SPRF-CE";"DEL01-CE";"UOP02-DEL01-CE"
331675;2020-12-31;"quinta-feira";"21:00:00";"RJ";101;399;"ITAGUAI";"Desobediência às normas de trânsito pelo pedestre";"Atropelamento de Pedestre";"Com Vítimas Feridas";"Plena Noite";"Crescente";"Céu Claro";"Dupla";"Reta";"Sim";2;0;2;0;0;0;2;2;-22,85921896;-43,75891497;"SPRF-RJ";"DEL03-RJ";"UOP01-DEL03-RJ"
331677;2020-12-31;"quinta-feira";"19:05:00";"AC";364;125;"RIO BRANCO";"Demais falhas na via";"Tombamento";"Com Vítimas Feridas";"Plena Noite";"Decrescente";"Garoa/Chuvisco";"Dupla";"Reta";"Sim";2;0;2;0;0;0;2;1;-10,01280606;-67,80005697;"SPRF-AC";"DEL01-AC";"UOP01-DEL01-AC"
331678;2020-12-31;"quinta-feira";"21:15:00";"SC";116;177,7;"SAO CRISTOVAO DO SUL";"Animais na Pista";"Saída de leito carroçável";"Com Vítimas Feridas";"Plena Noite";"Crescente";"Nublado";"Simples";"Reta";"Não";3;0;1;2;0;0;3;1;-27,24853416;-50,45683421;"SPRF-SC";"DEL05-SC";"UOP03-DEL05-SC"
331679;2020-12-31;"quinta-feira";"21:45:00";"ES";101;149;"LINHARES";"Ingestão de álcool pelo condutor";"Colisão lateral mesmo sentido";"Com Vítimas Feridas";"Plena Noite";"Decrescente";"Céu Claro";"Dupla";"Reta";"Sim";2;0;1;0;1;0;1;2;-19,39619083;-40,06435871;"SPRF-ES";"DEL04-ES";"UOP01-DEL04-ES"
331680;2020-12-31;"quinta-feira";"22:25:00";"PR";369;178;"ARAPONGAS";"Ausência de reação do condutor";"Colisão traseira";"Sem Vítimas";"Plena Noite";"Decrescente";"Céu Claro";"Simples";"Reta";"Não";2;0;0;0;1;1;0;2;-23,36085271;-51,39936447;"SPRF-PR";"DEL07-PR";"UOP01-DEL07-PR"
331681;2020-12-31;"quinta-feira";"19:40:00";"SC";101;411,5;"ARARANGUA";"Animais na Pista";"Atropelamento de Animal";"Com Vítimas Feridas";"Plena Noite";"Decrescente";"Nublado";"Dupla";"Reta";"Não";1;0;1;0;0;0;1;1;-28,93112097;-49,4940421;"SPRF-SC";"DEL02-SC";"UOP02-DEL02-SC"
331683;2020-12-31;"quinta-feira";"21:25:00";"MG";354;741,4;"POUSO ALTO";"Ingestão de álcool pelo condutor";"Colisão frontal";"Com Vítimas Feridas";"Plena Noite";"Decrescente";"Nublado";"Simples";"Reta";"Não";4;0;0;1;3;0;1;2;-22,22214207;-44,93331208;"SPRF-MG";"DEL17-MG";"UOP01-DEL17-MG"
331684;2020-12-31;"quinta-feira";"21:30:00";"PE";232;179,3;"BELO JARDIM";"Falta de Atenção à Condução";"Colisão frontal";"Com Vítimas Feridas";"Plena Noite";"Crescente";"Garoa/Chuvisco";"Simples";"Reta";"Sim";3;0;0;1;0;2;1;2;-8,34353242;-36,4199731;"SPRF-PE";"DEL02-PE";"UOP03-DEL02-PE"
331685;2020-12-31;"quinta-feira";"22:30:00";"PE";232;408;"SERRA TALHADA";"Desobediência às normas de trânsito pelo condutor";"Colisão transversal";"Com Vítimas Feridas";"Plena Noite";"Decrescente";"Céu Claro";"Simples";"Declive";"Sim";3;0;1;1;0;1;2;2;-7,98371447;-38,28047709;"SPRF-PE";"DEL04-PE";"UOP01-DEL04-PE"
331686;2020-12-31;"quinta-feira";"22:50:00";"SC";470;147,9;"AGRONOMICA";"Ingestão de Álcool";"Colisão com objeto";"Sem Vítimas";"Plena Noite";"Decrescente";"Garoa/Chuvisco";"Simples";"Rotatória;Interseção de Vias;Reta";"Não";1;0;0;0;0;1;0;1;-27,243439;-49,690025;"SPRF-SC";"DEL04-SC";"UOP02-DEL04-SC"
331687;2020-12-31;"quinta-feira";"23:25:00";"MG";40;516,5;"RIBEIRAO DAS NEVES";"Demais falhas mecânicas ou elétricas";"Capotamento";"Com Vítimas Feridas";"Plena Noite";"Decrescente";"Céu Claro";"Dupla";"Reta";"Não";4;0;4;0;0;0;4;1;-19,81628624;-44,08960124;"SPRF-MG";"DEL01-MG";"UOP02-DEL01-MG"
331688;2020-12-31;"quinta-feira";"22:20:00";"MA";316;551;"CAXIAS";"Desrespeitar a preferência no cruzamento";"Colisão transversal";"Sem Vítimas";"Plena Noite";"Crescente";"Garoa/Chuvisco";"Simples";"Rotatória";"Sim";2;0;0;0;2;0;0;2;-4,88655497;-43,35447919;"SPRF-MA";"DEL03-MA";"UOP02-DEL03-MA"
331689;2020-12-31;"quinta-feira";"21:20:00";"SC";101;127,7;"ITAJAI";"Avarias e/ou desgaste excessivo no pneu";"Tombamento";"Com Vítimas Feridas";"Plena Noite";"Crescente";"Céu Claro";"Dupla";"Reta";"Sim";2;0;2;0;0;0;2;1;-26,9639319;-48,68328024;"SPRF-SC";"DEL04-SC";"UOP04-DEL04-SC"
331690;2020-12-31;"quinta-feira";"19:20:00";"SP";116;192;"SANTA ISABEL";"Falta de Atenção à Condução";"Tombamento";"Com Vítimas Feridas";"Plena Noite";"Crescente";"Nublado";"Dupla";"Curva";"Não";2;0;2;0;0;0;2;1;-23,376923;-46,249733;"SPRF-SP";"DEL02-SP";"UOP01-DEL02-SP"
331691;2020-12-31;"quinta-feira";"23:55:00";"GO";153;509,8;"APARECIDA DE GOIANIA";"Condutor deixou de manter distância do veículo da frente";"Colisão lateral";"Sem Vítimas";"Plena Noite";"Decrescente";"Céu Claro";"Dupla";"Declive";"Sim";2;0;0;0;2;0;0;2;-16,7888;-49,2379;"SPRF-GO";"DEL01-GO";"UOP03-DEL01-GO"
331692;2020-12-31;"quinta-feira";"22:00:00";"PR";376;439,9;"TIBAGI";"Manobra de mudança de faixa";"Tombamento";"Com Vítimas Feridas";"Plena Noite";"Crescente";"Nublado";"Dupla";"Curva";"Não";1;0;1;0;0;0;1;1;-24,8054649;-50,48859727;"SPRF-PR";"DEL03-PR";"UOP02-DEL03-PR"
331695;2020-12-31;"quinta-feira";"17:00:00";"MA";316;353,7;"BACABAL";"Transitar na contramão";"Colisão lateral sentido oposto";"Com Vítimas Fatais";"Pleno dia";"Decrescente";"Chuva";"Simples";"Curva";"Não";5;3;0;1;1;0;1;3;-4,224952;-44,852993;"SPRF-MA";"DEL02-MA";"UOP01-DEL02-MA"
331698;2020-12-31;"quinta-feira";"19:50:00";"SC";101;119;"ITAJAI";"Ingestão de álcool pelo condutor";"Tombamento";"Sem Vítimas";"Plena Noite";"Crescente";"Nublado";"Múltipla";"Reta";"Não";1;0;0;0;0;1;0;1;-26,9043179;-48,71555481;"SPRF-SC";"DEL04-SC";"UOP04-DEL04-SC"
331705;2020-12-31;"quinta-feira";"21:30:00";"AC";364;137;"RIO BRANCO";"Pedestre cruzava a pista fora da faixa";"Atropelamento de Pedestre";"Com Vítimas Feridas";"Plena Noite";"Decrescente";"Céu Claro";"Dupla";"Reta";"Sim";2;0;0;1;1;0;1;2;-9,963651;-67,855401;"SPRF-AC";"DEL01-AC";"UOP01-DEL01-AC"
331713;2020-12-31;"quinta-feira";"22:40:00";"RO";364;309,5;"PRESIDENTE MEDICI";"Pedestre andava na pista";"Atropelamento de Pedestre";"Com Vítimas Fatais";"Plena Noite";"Decrescente";"Céu Claro";"Simples";"Reta";"Sim";3;1;0;1;1;0;1;3;-11,163407;-61,901608;"SPRF-RO";"DEL02-RO";"UOP01-DEL02-RO"
331720;2020-12-31;"quinta-feira";"14:00:00";"SP";116;459;"PARIQUERA-ACU";"Chuva";"Saída de leito carroçável";"Com Vítimas Feridas";"Pleno dia";"Crescente";"Chuva";"Dupla";"Curva";"Não";1;0;1;0;0;0;1;1;-24,60387477;-47,8770803;"SPRF-SP";"DEL05-SP";"UOP01-DEL05-SP"
331723;2020-12-31;"quinta-feira";"21:45:00";"PI";316;74,8;"AGRICOLANDIA";"Ingestão de álcool pelo condutor";"Colisão frontal";"Com Vítimas Feridas";"Plena Noite";"Crescente";"Chuva";"Simples";"Reta";"Não";2;0;0;1;1;0;1;2;-5,71857628;-42,69542824;"SPRF-PI";"DEL01-PI";"UOP02-DEL01-PI"
331784;2020-12-31;"quinta-feira";"20:00:00";"BA";324;336;"JACOBINA";"Manobra de mudança de faixa";"Colisão frontal";"Com Vítimas Fatais";"Plena Noite";"Crescente";"Céu Claro";"Simples";"Reta";"Sim";4;2;0;1;0;1;1;2;-11,30808306;-40,16998203;"SPRF-BA";"DEL04-BA";"UOP02-DEL04-BA"
331822;2020-06-03;"quarta-feira";"18:40:00";"RJ";465;14;"SEROPEDICA";"Acessar a via sem observar a presença dos outros veículos";"Colisão lateral sentido oposto";"Com Vítimas Feridas";"Anoitecer";"Decrescente";"Céu Claro";"Simples";"Reta";"Sim";1;0;1;0;0;0;1;1;-22,804979;-43,638828;"SPRF-RJ";"DEL01-RJ";"UOP03-DEL01-RJ"
331826;2020-11-30;"segunda-feira";"17:10:00";"SC";470;193,9;"POUSO REDONDO";"Velocidade Incompatível";"Saída de leito carroçável";"Com Vítimas Fatais";"Pleno dia";"Crescente";"Chuva";"Simples";"Aclive;Curva";"Não";2;1;1;0;0;0;1;1;-27,30031065;-50,08055449;"SPRF-SC";"DEL04-SC";"UOP02-DEL04-SC"
331877;2020-12-31;"quinta-feira";"22:00:00";"BA";116;514;"ITATIM";"Demais falhas mecânicas ou elétricas";"Incêndio";"Sem Vítimas";"Plena Noite";"Decrescente";"Céu Claro";"Simples";"Reta";"Não";1;0;0;0;0;1;0;1;-12,66097682;-39,63011709;"SPRF-BA";"DEL03-BA";"UOP02-DEL03-BA"
331913;2020-12-20;"domingo";"05:15:00";"PI";135;527;"GILBUES";"Falta de Atenção à Condução";"Saída de leito carroçável";"Com Vítimas Fatais";"Pleno dia";"Decrescente";"Céu Claro";"Simples";"Reta";"Não";2;1;1;0;0;0;1;1;-9,935231;-45,33068417;"SPRF-PI";"DEL03-PI";"UOP02-DEL03-PI"
331932;2020-12-30;"quarta-feira";"13:20:00";"RS";472;559;"URUGUAIANA";"Mal Súbito";"Saída de leito carroçável";"Com Vítimas Feridas";"Pleno dia";"Crescente";"Céu Claro";"Simples";"Reta";"Não";2;0;2;0;0;0;2;1;-29,710488;-56,924414;"SPRF-RS";"DEL13-RS";"UOP01-DEL13-RS"
331976;2020-12-31;"quinta-feira";"22:10:00";"MT";364;490,3;"JANGADA";"Condutor Dormindo";"Saída de leito carroçável";"Com Vítimas Feridas";"Plena Noite";"Crescente";"Chuva";"Simples";"Reta;Aclive";"Não";1;0;0;1;0;0;1;1;-15,27898967;-56,44129515;"SPRF-MT";"DEL01-MT";"UOP02-DEL01-MT"
331986;2020-11-27;"sexta-feira";"12:10:00";"RJ";40;71;"PETROPOLIS";"Falta de Atenção à Condução";"Colisão lateral";"Com Vítimas Feridas";"Pleno dia";"Crescente";"Céu Claro";"Dupla";"Reta";"Não";2;0;1;0;1;0;1;2;-22,45304974;-43,20832411;"SPRF-RJ";"DEL06-RJ";"UOP01-DEL06-RJ"
332004;2020-12-31;"quinta-feira";"05:40:00";"RO";364;622;"ITAPUA DO OESTE";"Ausência de reação do condutor";"Colisão com objeto";"Sem Vítimas";"Amanhecer";"Crescente";"Sol";"Simples";"Curva";"Não";1;0;0;0;1;0;0;1;-9,072494;-63,319137;"SPRF-RO";"DEL01-RO";"UOP04-DEL01-RO"
332031;2020-10-30;"sexta-feira";"19:20:00";"MG";40;625,9;"CONSELHEIRO LAFAIETE";"Falta de Atenção do Pedestre";"Atropelamento de Pedestre";"Com Vítimas Feridas";"Plena Noite";"Crescente";"Chuva";"Simples";"Reta";"Não";3;0;0;1;1;1;1;2;-20,61943389;-43,80624635;"SPRF-MG";"DEL05-MG";"UOP02-DEL05-MG"
332040;2020-12-22;"terça-feira";"11:30:00";"MA";10;73;"CAROLINA";"Transitar na contramão";"Colisão frontal";"Com Vítimas Feridas";"Pleno dia";"Decrescente";"Céu Claro";"Simples";"Curva";"Não";3;0;0;3;0;0;3;2;-7,013826;-47,450577;"SPRF-MA";"DEL04-MA";"UOP02-DEL04-MA"
332067;2020-08-15;"sábado";"18:20:00";"MG";251;443;"GRAO MOGOL";"Reação tardia ou ineficiente do condutor";"Saída de leito carroçável";"Com Vítimas Feridas";"Plena Noite";"Crescente";"Céu Claro";"Simples";"Reta";"Não";2;0;2;0;0;0;2;1;-16,41500882;-43,25228005;"SPRF-MG";"DEL12-MG";"UOP01-DEL12-MG"
332176;2020-11-29;"domingo";"10:40:00";"GO";50;140,5;"IPAMERI";"Defeito Mecânico no Veículo";"Capotamento";"Com Vítimas Feridas";"Pleno dia";"Crescente";"Céu Claro";"Dupla";"Reta";"Não";6;0;2;3;1;0;5;1;-17,0877;-47,73;"SPRF-GO";"DEL06-GO";"UOP01-DEL06-GO"
332420;2020-11-19;"quinta-feira";"14:10:00";"PR";376;4;"MANDAGUARI";"Condutor desrespeitou a iluminação vermelha do semáforo";"Colisão transversal";"Com Vítimas Feridas";"Pleno dia";"Decrescente";"Sol";"Simples";"Interseção de Vias";"Sim";2;0;1;0;1;0;1;2;-23,517476;-51,682633;"SPRF-PR";"DEL09-PR";"UOP01-DEL09-PR"
332445;2020-12-19;"sábado";"21:30:00";"GO";60;271,6;"JANDAIA";"Ingestão de Álcool";"Colisão com objeto estático";"Sem Vítimas";"Plena Noite";"Decrescente";"Nublado";"Dupla";"Interseção de Vias;Reta";"Não";4;0;0;0;4;0;0;2;-17,2061;-50,1122;"SPRF-GO";"DEL01-GO";"UOP02-DEL01-GO"
332448;2020-09-08;"terça-feira";"04:50:00";"PE";101;40;"IGARASSU";"Animais na Pista";"Atropelamento de Animal";"Sem Vítimas";"Pleno dia";"Crescente";"Ignorado";"Dupla";"Reta";"Sim";2;0;0;0;0;2;0;1;-7,821475;-34,916545;"SPRF-PE";"DEL01-PE";"UOP02-DEL01-PE"
332460;2020-12-27;"domingo";"15:00:00";"ES";262;135,7;"BREJETUBA";"Reação tardia ou ineficiente do condutor";"Colisão lateral mesmo sentido";"Com Vítimas Feridas";"Pleno dia";"Crescente";"Céu Claro";"Simples";"Reta";"Não";4;0;0;1;3;0;1;2;-20,24466108;-41,3313501;"SPRF-ES";"DEL01-ES";"UOP02-DEL01-ES"
332494;2020-11-21;"sábado";"09:40:00";"RJ";40;85;"PETROPOLIS";"Velocidade Incompatível";"Colisão com objeto estático";"Com Vítimas Feridas";"Pleno dia";"Decrescente";"Garoa/Chuvisco";"Simples";"Curva";"Não";2;0;1;0;1;0;1;1;-22,52850694;-43,2349802;"SPRF-RJ";"DEL06-RJ";"UOP01-DEL06-RJ"
332577;2020-10-09;"sexta-feira";"09:40:00";"PI";343;97;"CARAUBAS DO PIAUI";"Falta de Atenção à Condução";"Saída de leito carroçável";"Com Vítimas Feridas";"Pleno dia";"Decrescente";"Céu Claro";"Simples";"Curva";"Não";2;0;2;0;0;0;2;1;-3,547225;-41,710606;"SPRF-PI";"DEL05-PI";"UOP01-DEL05-PI"
332578;2020-12-26;"sábado";"16:45:00";"MT";0;0;"VARZEA GRANDE";"Frear bruscamente";"Colisão traseira";"Com Vítimas Feridas";"Pleno dia";"Não Informado";"Sol";"Simples";"Interseção de Vias";"Sim";4;0;1;0;3;0;1;2;-15,6526793;-56,1868807;"SPRF-MT";"N/A";"N/A"
332579;2020-12-13;"domingo";"16:30:00";"PA";308;157;"CAPANEMA";"Ultrapassagem Indevida";"Colisão transversal";"Sem Vítimas";"Anoitecer";"Decrescente";"Céu Claro";"Simples";"Reta";"Não";4;0;0;0;2;2;0;4;-1,21124791;-47,132118;"SPRF-PA";"DEL01-PA";"UOP03-DEL01-PA"
332619;2020-10-08;"quinta-feira";"15:30:00";"RJ";101;490;"ANGRA DOS REIS";"Falta de Atenção à Condução";"Colisão frontal";"Com Vítimas Fatais";"Pleno dia";"Crescente";"Céu Claro";"Simples";"Reta";"Não";5;1;2;1;0;1;3;3;-22,95640053;-44,31282898;"SPRF-RJ";"DEL03-RJ";"UOP03-DEL03-RJ"
332667;2020-12-30;"quarta-feira";"15:00:00";"MS";262;146,4;"RIBAS DO RIO PARDO";"Velocidade Incompatível";"Colisão traseira";"Com Vítimas Feridas";"Pleno dia";"Decrescente";"Chuva";"Simples";"Reta";"Não";4;0;1;0;3;0;1;2;-20,44511324;-52,90002288;"SPRF-MS";"DEL07-MS";"UOP02-DEL07-MS"
332731;2020-10-10;"sábado";"12:20:00";"PI";230;261,6;"NAZARE DO PIAUI";"Condutor Dormindo";"Colisão com objeto estático";"Com Vítimas Feridas";"Pleno dia";"Crescente";"Céu Claro";"Simples";"Curva";"Não";2;0;2;0;0;0;2;1;-7,00052467;-42,64334072;"SPRF-PI";"DEL03-PI";"UOP01-DEL03-PI"
332753;2020-08-10;"segunda-feira";"06:15:00";"RN";304;295;"MACAIBA";"Ultrapassagem Indevida";"Queda de ocupante de veículo";"Com Vítimas Feridas";"Pleno dia";"Crescente";"Céu Claro";"Simples";"Reta";"Não";1;0;0;1;0;0;1;1;-5,86774008;-35,39531395;"SPRF-RN";"DEL01-RN";"UOP02-DEL01-RN"
332757;2020-10-10;"sábado";"03:40:00";"PR";376;3;"SAO JOSE DOS PINHAIS";"Não guardar distância de segurança";"Colisão traseira";"Sem Vítimas";"Plena Noite";"Crescente";"Céu Claro";"Dupla";"Reta";"Sim";2;0;0;0;1;1;0;2;-25,5307;-49,1958;"SPRF-PR";"DEL01-PR";"UOP01-DEL01-PR"
332781;2020-12-01;"terça-feira";"21:42:00";"PA";163;1000;"SANTAREM";"Ingestão de Álcool";"Colisão frontal";"Com Vítimas Feridas";"Plena Noite";"Crescente";"Céu Claro";"Simples";"Interseção de Vias";"Sim";3;0;1;0;1;1;1;3;-2,47328397;-54,7293664;"SPRF-PA";"DEL05-PA";"UOP01-DEL05-PA"
332817;2020-10-22;"quinta-feira";"22:00:00";"PR";277;115;"CAMPO LARGO";"Falta de Atenção à Condução";"Colisão traseira";"Com Vítimas Feridas";"Plena Noite";"Decrescente";"Nublado";"Simples";"Reta";"Sim";2;0;0;1;1;0;1;2;-25,447663;-49,510802;"SPRF-PR";"DEL01-PR";"UOP03-DEL03-PR"
332901;2020-12-04;"sexta-feira";"09:40:00";"PA";10;224;"IPIXUNA DO PARA";"Falta de Atenção à Condução";"Colisão frontal";"Com Vítimas Feridas";"Pleno dia";"Decrescente";"Sol";"Simples";"Reta";"Sim";2;0;0;1;1;0;1;2;-2,384074;-47,543552;"SPRF-PA";"DEL02-PA";"UOP01-DEL02-PA"
332904;2020-12-26;"sábado";"18:20:00";"MA";10;43;"CAROLINA";"Ultrapassagem Indevida";"Colisão frontal";"Com Vítimas Feridas";"Plena Noite";"Crescente";"Chuva";"Simples";"Reta";"Não";10;0;2;3;5;0;5;2;-7,268101;-47,449612;"SPRF-MA";"DEL04-MA";"UOP02-DEL04-MA"
332910;2020-12-06;"domingo";"11:25:00";"PA";230;110;"MARABA";"Desobediência às normas de trânsito pelo condutor";"Colisão frontal";"Com Vítimas Feridas";"Pleno dia";"Crescente";"Céu Claro";"Simples";"Reta";"Sim";2;0;0;1;1;0;1;2;-5,37342727;-49,03126806;"SPRF-PA";"DEL03-PA";"UOP01-DEL03-PA"
332913;2020-12-19;"sábado";"06:10:00";"PA";10;244,5;"AURORA DO PARA";"Condutor Dormindo";"Saída de leito carroçável";"Com Vítimas Feridas";"Amanhecer";"Crescente";"Sol";"Simples";"Reta";"Não";5;0;5;0;0;0;5;1;-2,303868;-47,56388595;"SPRF-PA";"DEL02-PA";"UOP01-DEL02-PA"
332915;2020-12-19;"sábado";"20:15:00";"PA";10;305,6;"IRITUIA";"Transitar no acostamento";"Tombamento";"Com Vítimas Feridas";"Plena Noite";"Decrescente";"Céu Claro";"Simples";"Curva";"Não";1;0;1;0;0;0;1;1;-1,758308;-47,504403;"SPRF-PA";"DEL02-PA";"UOP01-DEL02-PA"
332926;2020-12-01;"terça-feira";"09:40:00";"PA";230;117;"MARABA";"Desobediência às normas de trânsito pelo condutor";"Colisão traseira";"Com Vítimas Feridas";"Pleno dia";"Decrescente";"Sol";"Simples";"Reta";"Sim";2;0;1;0;1;0;1;2;-5,35569904;-49,09047302;"SPRF-PA";"DEL03-PA";"UOP01-DEL03-PA"
332945;2020-12-30;"quarta-feira";"11:40:00";"PA";316;100;"SANTA MARIA DO PARA";"Condutor deixou de manter distância do veículo da frente";"Colisão traseira";"Com Vítimas Feridas";"Pleno dia";"Crescente";"Céu Claro";"Simples";"Reta";"Sim";3;0;1;0;2;0;1;2;-1,33498375;-47,60407895;"SPRF-PA";"DEL01-PA";"UOP02-DEL01-PA"
332947;2020-12-01;"terça-feira";"10:45:00";"RN";304;44;"MOSSORO";"Acessar a via sem observar a presença dos outros veículos";"Colisão frontal";"Com Vítimas Feridas";"Pleno dia";"Crescente";"Céu Claro";"Dupla";"Reta";"Não";2;0;0;1;1;0;1;2;-5,22351428;-37,35781214;"SPRF-RN";"DEL04-RN";"UOP01-DEL04-RN"
332951;2020-12-17;"quinta-feira";"12:40:00";"PA";316;60;"CASTANHAL";"Falta de Atenção à Condução";"Tombamento";"Com Vítimas Feridas";"Pleno dia";"Decrescente";"Céu Claro";"Dupla";"Reta";"Sim";2;0;1;0;0;1;1;2;-1,29816844;-47,96103185;"SPRF-PA";"DEL01-PA";"UOP01-DEL01-PA"
332952;2020-12-31;"quinta-feira";"00:06:00";"RS";386;245,2;"SOLEDADE";"Desobediência às normas de trânsito pelo condutor";"Colisão transversal";"Com Vítimas Feridas";"Plena Noite";"Decrescente";"Chuva";"Simples";"Interseção de Vias";"Sim";5;0;4;1;0;0;5;2;-28,802004;-52,509708;"SPRF-RS";"DEL04-RS";"UOP03-DEL04-RS"
332962;2020-06-04;"quinta-feira";"17:30:00";"BA";110;368;"CATU";"Conversão proibida";"Colisão transversal";"Com Vítimas Feridas";"Anoitecer";"Decrescente";"Ignorado";"Simples";"Reta";"Não";2;0;1;0;0;1;1;2;-12,35036075;-38,38950679;"SPRF-BA";"DEL01-BA";"UOP04-DEL01-BA"
332970;2020-12-02;"quarta-feira";"13:50:00";"PA";316;98,7;"SANTA MARIA DO PARA";"Avarias e/ou desgaste excessivo no pneu";"Tombamento";"Com Vítimas Feridas";"Pleno dia";"Decrescente";"Sol";"Simples";"Aclive";"Não";1;0;1;0;0;0;1;1;-1,33188337;-47,62160007;"SPRF-PA";"DEL01-PA";"UOP02-DEL01-PA"
333047;2020-12-26;"sábado";"12:20:00";"PR";153;374,6;"RIO AZUL";"Falta de Atenção à Condução";"Colisão frontal";"Com Vítimas Feridas";"Pleno dia";"Decrescente";"Céu Claro";"Simples";"Reta";"Não";4;0;0;4;0;0;4;2;-25,75704292;-50,84104005;"SPRF-PR";"DEL03-PR";"UOP03-DEL03-PR"
333052;2020-12-24;"quinta-feira";"20:10:00";"ES";101;148;"LINHARES";"Não guardar distância de segurança";"Colisão traseira";"Com Vítimas Feridas";"Plena Noite";"Decrescente";"Céu Claro";"Múltipla";"Reta";"Sim";3;0;1;1;0;1;2;2;-19,38787399;-40,06752766;"SPRF-ES";"DEL04-ES";"UOP01-DEL04-ES"
333061;2020-10-19;"segunda-feira";"01:00:00";"MT";70;205;"GENERAL CARNEIRO";"Pista Escorregadia";"Saída de leito carroçável";"Com Vítimas Feridas";"Plena Noite";"Crescente";"Chuva";"Simples";"Curva";"Não";3;0;2;0;1;0;2;1;-15,73265498;-53,78112593;"SPRF-MT";"DEL05-MT";"UOP01-DEL05-MT"
333071;2020-12-13;"domingo";"20:00:00";"PA";155;339;"MARABA";"Desobediência às normas de trânsito pelo condutor";"Colisão traseira";"Com Vítimas Feridas";"Plena Noite";"Crescente";"Céu Claro";"Simples";"Reta";"Não";3;0;1;1;1;0;2;2;-5,404939;-49,07640105;"SPRF-PA";"DEL03-PA";"UOP01-DEL03-PA"
333105;2020-12-08;"terça-feira";"06:00:00";"PA";308;174,6;"TRACUATEUA";"Avarias e/ou desgaste excessivo no pneu";"Saída de leito carroçável";"Com Vítimas Feridas";"Pleno dia";"Decrescente";"Sol";"Simples";"Reta";"Não";6;0;6;0;0;0;6;1;-1,160484;-46,985239;"SPRF-PA";"DEL01-PA";"UOP03-DEL01-PA"
333135;2020-12-29;"terça-feira";"07:30:00";"PA";230;155;"MARABA";"Não guardar distância de segurança";"Colisão traseira";"Com Vítimas Feridas";"Pleno dia";"Decrescente";"Céu Claro";"Simples";"Reta";"Não";3;0;1;1;0;1;2;2;-5,24313888;-49,33169573;"SPRF-PA";"DEL03-PA";"UOP01-DEL03-PA"
333137;2020-11-28;"sábado";"18:20:00";"GO";20;196;"POSSE";"Condutor deixou de manter distância do veículo da frente";"Colisão com objeto";"Com Vítimas Feridas";"Anoitecer";"Decrescente";"Céu Claro";"Simples";"Reta";"Não";4;0;0;1;3;0;1;1;-14,347785;-46,439873;"SPRF-DF";"DEL02-DF";"UOP03-DEL02-DF"
333142;2020-12-23;"quarta-feira";"21:15:00";"PA";230;654;"ALTAMIRA";"Ingestão de álcool pelo condutor";"Colisão lateral";"Com Vítimas Feridas";"Plena Noite";"Crescente";"Céu Claro";"Dupla";"Curva";"Não";3;0;1;0;1;1;1;3;-3,22542812;-52,29639288;"SPRF-PA";"DEL04-PA";"UOP01-DEL04-PA"
333187;2020-12-08;"terça-feira";"19:30:00";"PA";316;64;"CASTANHAL";"Não guardar distância de segurança";"Colisão traseira";"Com Vítimas Feridas";"Plena Noite";"Crescente";"Nublado";"Dupla";"Reta";"Sim";3;0;1;0;2;0;1;3;-1,29629557;-47,91983997;"SPRF-PA";"DEL01-PA";"UOP01-DEL01-PA"
333188;2020-03-17;"terça-feira";"15:45:00";"MT";70;2;"BARRA DO GARCAS";"Desobediência às normas de trânsito pelo condutor";"Colisão lateral";"Com Vítimas Feridas";"Pleno dia";"Crescente";"Céu Claro";"Simples";"Reta";"Não";2;0;1;0;1;0;1;2;-15,88749699;-52,26810568;"SPRF-MT";"DEL07-MT";"UOP01-DEL07-MT"
333219;2020-12-15;"terça-feira";"19:20:00";"GO";40;19;"LUZIANIA";"Falta de Atenção do Pedestre";"Atropelamento de Pedestre";"Com Vítimas Feridas";"Plena Noite";"Decrescente";"Céu Claro";"Dupla";"Reta";"Sim";3;0;0;2;1;0;2;3;-16,201556;-47,921314;"SPRF-DF";"DEL01-DF";"UOP01-DEL01-DF"
333297;2020-12-25;"sexta-feira";"01:25:00";"PA";316;40;"SANTA IZABEL DO PARA";"Falta de Atenção à Condução";"Colisão com objeto";"Com Vítimas Feridas";"Plena Noite";"Crescente";"Céu Claro";"Dupla";"Reta";"Não";1;0;1;0;0;0;1;1;-1,2795637;-48,12243407;"SPRF-PA";"DEL01-PA";"UOP01-DEL01-PA"