"id";"data_inversa";"dia_semana";"horario";"uf";"br";"km";"municipio";"causa_acidente";"tipo_acidente";"classificacao_acidente";"fase_dia";"sentido_via";"condicao_metereologica";"tipo_pista";"tracado_via";"uso_solo";"pessoas";"mortos";"feridos_leves";"feridos_graves";"ilesos";"ignorados";"feridos";"veiculos";"latitude";"longitude";"regional";"delegacia";"uop"
333387;2020-12-13;"domingo";"21:00:00";"PR";163;320;"GUAIRA";"Pista Escorregadia";"Colisão frontal";"Com Vítimas Feridas";"Plena Noite";"Crescente";"Chuva";"Simples";"Reta";"Não";5;0;3;2;0;0;5;2;-24,34461516;-54,15033631;"SPRF-PR";"DEL06-PR";"UOP01-DEL06-PR"
333504;2020-11-14;"sábado";"19:20:00";"BA";101;263;"SANTO ANTONIO DE JESUS";"Ausência de reação do condutor";"Colisão transversal";"Com Vítimas Feridas";"Plena Noite";"Decrescente";"Nublado";"Simples";"Reta";"Sim";2;0;0;1;1;0;1;2;-13,09003799;-39,27863203;"SPRF-BA";"DEL01-BA";"UOP02-DEL01-BA"
333567;2020-12-06;"domingo";"11:20:00";"PA";230;105;"MARABA";"Desobediência às normas de trânsito pelo condutor";"Colisão frontal";"Com Vítimas Feridas";"Pleno dia";"Decrescente";"Céu Claro";"Simples";"Reta";"Não";2;0;1;0;1;0;1;2;-5,38442309;-48,98761403;"SPRF-PA";"DEL03-PA";"UOP01-DEL03-PA"
333568;2020-10-25;"domingo";"16:10:00";"PB";101;88,8;"JOAO PESSOA";"Falta de Atenção à Condução";"Colisão com objeto estático";"Com Vítimas Fatais";"Pleno dia";"Crescente";"Céu Claro";"Dupla";"Reta";"Sim";3;1;1;1;0;0;2;1;-7,1710694;-34,89765372;"SPRF-PB";"DEL01-PB";"UOP02-DEL01-PB"
333728;2020-12-17;"quinta-feira";"20:10:00";"PR";277;587,7;"CASCAVEL";"Restrição de Visibilidade";"Engavetamento";"Com Vítimas Fatais";"Plena Noite";"Decrescente";"Nevoeiro/Neblina";"Simples";"Reta;Declive";"Sim";4;1;1;0;2;0;1;3;-24,96941255;-53,42959722;"SPRF-PR";"DEL04-PR";"UOP01-DEL04-PR"
333787;2020-10-04;"domingo";"20:15:00";"PR";376;196;"MARIALVA";"Condutor deixou de manter distância do veículo da frente";"Colisão traseira";"Com Vítimas Feridas";"Plena Noite";"Decrescente";"Céu Claro";"Dupla";"Reta";"Não";3;0;2;0;0;1;2;2;-23,50026007;-51,76384001;"SPRF-PR";"DEL09-PR";"UOP01-DEL09-PR"
333792;2020-10-10;"sábado";"20:20:00";"PR";277;68;"SAO JOSE DOS PINHAIS";"Falta de Atenção à Condução";"Colisão traseira";"Com Vítimas Feridas";"Plena Noite";"Decrescente";"Nublado";"Dupla";"Reta";"Não";5;0;3;2;0;0;5;3;-25,54112281;-49,06183391;"SPRF-PR";"DEL01-PR";"UOP01-DEL01-PR"
333815;2020-08-08;"sábado";"15:35:00";"RS";285;293;"PASSO FUNDO";"Manobra de mudança de faixa";"Colisão lateral";"Com Vítimas Feridas";"Pleno dia";"Decrescente";"Céu Claro";"Múltipla";"Interseção de Vias";"Sim";4;0;1;0;3;0;1;2;-28,236645;-52,375156;"SPRF-RS";"DEL08-RS";"UOP03-DEL08-RS"
333824;2020-12-27;"domingo";"21:30:00";"PA";230;121;"MARABA";"Ingestão de Álcool";"Colisão transversal";"Com Vítimas Feridas";"Plena Noite";"Decrescente";"Céu Claro";"Dupla";"Interseção de Vias";"Sim";2;0;0;1;1;0;1;2;-5,36387216;-49,12457228;"SPRF-PA";"DEL03-PA";"UOP01-DEL03-PA"
333839;2020-09-28;"segunda-feira";"01:00:00";"PR";476;126;"CURITIBA";"Reação tardia ou ineficiente do condutor";"Queda de ocupante de veículo";"Com Vítimas Feridas";"Plena Noite";"Decrescente";"Chuva";"Dupla";"Reta";"Sim";1;0;0;1;0;0;1;1;-25,42854756;-49,22870636;"SPRF-PR";"DEL01-PR";"UOP03-DEL01-PR"
333851;2020-12-24;"quinta-feira";"11:30:00";"PI";135;406;"REDENCAO DO GURGUEIA";"Falta de Atenção à Condução";"Saída de leito carroçável";"Com Vítimas Feridas";"Pleno dia";"Decrescente";"Céu Claro";"Simples";"Reta";"Não";5;0;3;0;2;0;3;1;-9,4537061;-44,59503769;"SPRF-PI";"DEL03-PI";"UOP02-DEL03-PI"
333960;2020-12-28;"segunda-feira";"15:40:00";"RS";285;137,8;"VACARIA";"Desobediência às normas de trânsito pelo condutor";"Colisão frontal";"Com Vítimas Feridas";"Pleno dia";"Crescente";"Nublado";"Simples";"Reta";"Não";5;0;0;4;0;1;4;3;-28,410669;-51,044209;"SPRF-RS";"DEL05-RS";"UOP03-DEL05-RS"
333967;2020-12-20;"domingo";"14:50:00";"PA";316;34;"SANTA IZABEL DO PARA";"Demais falhas mecânicas ou elétricas";"Colisão com objeto em movimento";"Com Vítimas Feridas";"Pleno dia";"Decrescente";"Nublado";"Dupla";"Reta";"Sim";2;0;1;0;0;1;1;2;-1,29444763;-48,17249938;"SPRF-PA";"DEL01-PA";"UOP01-DEL01-PA"
333968;2020-10-16;"sexta-feira";"08:30:00";"MG";381;371,7;"SAO GONCALO DO RIO ABAIXO";"Velocidade Incompatível";"Saída de leito carroçável";"Com Vítimas Feridas";"Pleno dia";"Decrescente";"Ignorado";"Simples";"Curva";"Não";1;0;1;0;0;0;1;1;-19,84407789;-43,30732499;"SPRF-MG";"DEL01-MG";"UOP01-DEL01-MG"
333996;2020-04-01;"quarta-feira";"01:30:00";"MG";251;482;"FRANCISCO SA";"Animais na Pista";"Atropelamento de Animal";"Com Vítimas Feridas";"Plena Noite";"Decrescente";"Ignorado";"Simples";"Reta";"Não";1;0;0;1;0;0;1;1;-16,493197;-43,52061;"SPRF-MG";"DEL12-MG";"UOP01-DEL12-MG"
334013;2020-12-05;"sábado";"18:30:00";"SE";235;46;"ITABAIANA";"Falta de Atenção à Condução";"Queda de ocupante de veículo";"Com Vítimas Feridas";"Plena Noite";"Crescente";"Céu Claro";"Simples";"Ponte";"Não";1;0;0;1;0;0;1;1;-10,739394;-37,405602;"SPRF-SE";"DEL01-SE";"UOP02-DEL01-SE"
334017;2020-12-12;"sábado";"06:10:00";"SE";101;105,6;"SAO CRISTOVAO";"Ingestão de Álcool";"Saída de leito carroçável";"Com Vítimas Feridas";"Pleno dia";"Crescente";"Céu Claro";"Dupla";"Reta";"Não";2;0;1;1;0;0;2;1;-10,95817959;-37,23594898;"SPRF-SE";"DEL02-SE";"UOP01-DEL02-SE"
334018;2020-12-20;"domingo";"22:25:00";"SE";101;8,8;"CEDRO DE SAO JOAO";"Desobediência às normas de trânsito pelo condutor";"Colisão frontal";"Com Vítimas Feridas";"Plena Noite";"Crescente";"Céu Claro";"Dupla";"Reta";"Não";4;0;2;2;0;0;4;2;-10,26646081;-36,86788559;"SPRF-SE";"DEL02-SE";"UOP02-DEL02-SE"
334049;2020-12-24;"quinta-feira";"07:48:00";"PA";222;180;"BOM JESUS DO TOCANTINS";"Objeto estático sobre o leito carroçável";"Colisão frontal";"Com Vítimas Feridas";"Pleno dia";"Crescente";"Chuva";"Simples";"Reta";"Não";3;0;3;0;0;0;3;2;-5,068594;-48,660645;"SPRF-PA";"DEL03-PA";"UOP01-DEL03-PA"
334052;2020-11-30;"segunda-feira";"22:50:00";"RS";116;245;"SAO LEOPOLDO";"Afundamento ou ondulação no pavimento";"Tombamento";"Com Vítimas Feridas";"Plena Noite";"Crescente";"Nublado";"Dupla";"Reta";"Sim";1;0;1;0;0;0;1;1;-29,74386711;-51,15086317;"SPRF-RS";"DEL01-RS";"UOP02-DEL01-RS"
334064;2020-12-25;"sexta-feira";"03:40:00";"TO";226;23,9;"PALMEIRAS DO TOCANTINS";"Ingestão de Álcool";"Saída de leito carroçável";"Sem Vítimas";"Amanhecer";"Decrescente";"Céu Claro";"Simples";"Declive";"Não";1;0;0;0;0;1;0;1;-6,63551;-47,640892;"SPRF-TO";"DEL02-TO";"UOP03-DEL02-TO"
334081;2020-11-27;"sexta-feira";"07:30:00";"PI";135;284;"CRISTINO CASTRO";"Desobediência às normas de trânsito pelo condutor";"Colisão frontal";"Com Vítimas Fatais";"Pleno dia";"Crescente";"Céu Claro";"Simples";"Declive";"Não";2;1;0;0;0;1;0;2;-8,61442398;-44,00948702;"SPRF-PI";"DEL03-PI";"UOP02-DEL03-PI"
334088;2020-12-01;"terça-feira";"22:00:00";"ES";101;199,5;"JOAO NEIVA";"Falta de Atenção à Condução";"Colisão frontal";"Com Vítimas Fatais";"Plena Noite";"Crescente";"Céu Claro";"Simples";"Reta";"Não";3;1;1;1;0;0;2;2;-19,7194628;-40,34959416;"SPRF-ES";"DEL04-ES";"UOP01-DEL04-ES"
334124;2020-12-25;"sexta-feira";"03:10:00";"PB";230;337;"PATOS";"Animais na Pista";"Atropelamento de Animal";"Com Vítimas Feridas";"Plena Noite";"Decrescente";"Céu Claro";"Simples";"Reta";"Não";2;0;1;1;0;0;2;1;-7,0084;-37,2829;"SPRF-PB";"DEL03-PB";"UOP01-DEL03-PB"
334143;2020-11-19;"quinta-feira";"02:10:00";"MT";70;3;"BARRA DO GARCAS";"Falta de Atenção à Condução";"Tombamento";"Com Vítimas Feridas";"Plena Noite";"Crescente";"Chuva";"Dupla";"Rotatória";"Sim";1;0;1;0;0;0;1;1;-15,88252843;-52,27574027;"SPRF-MT";"DEL07-MT";"UOP01-DEL07-MT"
334176;2020-12-28;"segunda-feira";"17:00:00";"GO";80;157;"SANTA RITA DO NOVO DESTINO";"Avarias e/ou desgaste excessivo no pneu";"Saída de leito carroçável";"Com Vítimas Feridas";"Pleno dia";"Crescente";"Nublado";"Simples";"Aclive";"Não";1;0;0;1;0;0;1;1;-14,805251;-49,04654397;"SPRF-GO";"DEL07-GO";"UOP01-DEL07-GO"
334189;2020-12-25;"sexta-feira";"10:00:00";"AM";319;80;"CAREIRO";"Ingestão de Álcool";"Saída de leito carroçável";"Com Vítimas Feridas";"Pleno dia";"Crescente";"Nublado";"Simples";"Reta";"Não";1;0;1;0;0;0;1;1;-3,58679715;-60,20456084;"SPRF-AM";"DEL01-AM";"UOP04-DEL01-AM"
334200;2020-08-17;"segunda-feira";"08:28:00";"RO";364;713;"PORTO VELHO";"Não guardar distância de segurança";"Colisão traseira";"Com Vítimas Feridas";"Pleno dia";"Crescente";"Céu Claro";"Dupla";"Reta";"Sim";2;0;1;0;1;0;1;2;-8,77331583;-63,87969248;"SPRF-RO";"DEL01-RO";"UOP01-DEL01-RO"
334233;2020-11-30;"segunda-feira";"23:20:00";"RJ";116;281;"BARRA MANSA";"Objeto estático sobre o leito carroçável";"Saída de leito carroçável";"Com Vítimas Feridas";"Plena Noite";"Decrescente";"Chuva";"Dupla";"Reta";"Sim";1;0;1;0;0;0;1;1;-22,48698356;-44,25086975;"SPRF-RJ";"DEL07-RJ";"UOP02-DEL07-RJ"
334325;2020-09-23;"quarta-feira";"19:00:00";"MG";381;479;"CONTAGEM";"Chuva";"Tombamento";"Com Vítimas Feridas";"Anoitecer";"Crescente";"Chuva";"Dupla";"Curva";"Sim";2;0;1;0;0;1;1;2;-19,96406731;-44,04423273;"SPRF-MG";"DEL01-MG";"UOP03-DEL01-MG"
334335;2020-12-18;"sexta-feira";"06:50:00";"ES";101;146;"LINHARES";"Manobra de mudança de faixa";"Queda de ocupante de veículo";"Com Vítimas Feridas";"Amanhecer";"Crescente";"Céu Claro";"Dupla";"Reta";"Não";3;0;1;1;0;1;2;2;-19;-40;"SPRF-ES";"DEL04-ES";"UOP01-DEL04-ES"
334338;2020-11-24;"terça-feira";"12:00:00";"ES";101;231,8;"FUNDAO";"Falta de Atenção à Condução";"Colisão traseira";"Com Vítimas Feridas";"Pleno dia";"Crescente";"Chuva";"Simples";"Curva";"Não";5;0;4;1;0;0;5;2;-19,94820953;-40,4094566;"SPRF-ES";"DEL02-ES";"UOP01-DEL02-ES"
334366;2020-12-06;"domingo";"06:00:00";"BA";330;848;"IPIAU";"Falta de Atenção à Condução";"Queda de ocupante de veículo";"Com Vítimas Fatais";"Amanhecer";"Crescente";"Ignorado";"Simples";"Reta";"Não";3;1;0;0;0;2;0;2;-14,176616;-39,67356;"SPRF-BA";"DEL03-BA";"UOP01-DEL03-BA"
334373;2020-09-20;"domingo";"19:20:00";"GO";40;10;"LUZIANIA";"Desobediência às normas de trânsito pelo condutor";"Colisão lateral";"Com Vítimas Feridas";"Plena Noite";"Decrescente";"Céu Claro";"Dupla";"Reta";"Sim";2;0;0;1;1;0;1;2;-16,131285;-47,957923;"SPRF-DF";"DEL01-DF";"UOP01-DEL01-DF"
334380;2020-12-16;"quarta-feira";"20:30:00";"PA";230;116;"MARABA";"Falta de Atenção à Condução";"Colisão transversal";"Com Vítimas Feridas";"Plena Noite";"Crescente";"Céu Claro";"Dupla";"Reta";"Sim";3;0;1;0;2;0;1;2;-5,35947454;-49,08301084;"SPRF-PA";"DEL03-PA";"UOP01-DEL03-PA"
334390;2020-10-10;"sábado";"23:50:00";"PR";0;0;"CORBELIA";"Velocidade Incompatível";"Colisão com objeto";"Com Vítimas Feridas";"Plena Noite";"Não Informado";"Ignorado";"Simples";"Viaduto";"Sim";1;0;0;1;0;0;1;1;-24,79294879;-53,28859448;"SPRF-PR";"DEL04-PR";"UOP03-DEL04-PR"
334391;2020-10-09;"sexta-feira";"16:30:00";"RO";364;643;"CANDEIAS DO JAMARI";"Falta de Atenção do Pedestre";"Atropelamento de Pedestre";"Com Vítimas Feridas";"Pleno dia";"Decrescente";"Céu Claro";"Simples";"Reta";"Não";2;0;1;0;1;0;1;2;-8,98405404;-63,42380225;"SPRF-RO";"DEL01-RO";"UOP04-DEL01-RO"
334401;2020-11-29;"domingo";"20:00:00";"MA";10;120;"ESTREITO";"Falta de Atenção do Pedestre";"Atropelamento de Pedestre";"Com Vítimas Fatais";"Plena Noite";"Crescente";"Nublado";"Simples";"Reta";"Sim";2;1;0;0;0;1;0;2;-6,6434654;-47,42678788;"SPRF-MA";"DEL04-MA";"UOP02-DEL04-MA"
334451;2020-12-06;"domingo";"11:15:00";"ES";101;304;"VIANA";"Transitar no acostamento";"Colisão lateral mesmo sentido";"Com Vítimas Feridas";"Pleno dia";"Decrescente";"Ignorado";"Dupla";"Reta";"Sim";2;0;1;0;1;0;1;2;-20,3827515;-40,4594975;"SPRF-ES";"DEL01-ES";"UOP01-DEL01-ES"
334473;2020-08-28;"sexta-feira";"14:00:00";"RJ";493;1;"ITABORAI";"Desobediência às normas de trânsito pelo condutor";"Colisão transversal";"Com Vítimas Feridas";"Pleno dia";"Crescente";"Céu Claro";"Simples";"Curva";"Sim";2;0;0;1;1;0;1;2;-22,76398788;-42,92731895;"SPRF-RJ";"DEL02-RJ";"UOP02-DEL02-RJ"
334501;2020-12-30;"quarta-feira";"21:10:00";"GO";153;528,9;"HIDROLANDIA";"Falta de Atenção à Condução";"Atropelamento de Pedestre";"Com Vítimas Feridas";"Plena Noite";"Crescente";"Nublado";"Dupla";"Reta";"Não";4;0;0;1;2;1;1;4;-16,9533;-49,2437;"SPRF-GO";"DEL01-GO";"UOP03-DEL01-GO"
334523;2020-12-19;"sábado";"05:50:00";"PA";163;995;"SANTAREM";"Velocidade Incompatível";"Colisão traseira";"Sem Vítimas";"Plena Noite";"Decrescente";"Céu Claro";"Simples";"Reta";"Não";2;0;0;0;1;1;0;2;-2,50454996;-54,72721793;"SPRF-PA";"DEL05-PA";"UOP01-DEL05-PA"
334532;2020-12-13;"domingo";"13:00:00";"ES";101;288;"CARIACICA";"Defeito Mecânico no Veículo";"Incêndio";"Sem Vítimas";"Pleno dia";"Crescente";"Céu Claro";"Dupla";"Reta";"Não";1;0;0;0;1;0;0;1;-20,27160351;-40,39091743;"SPRF-ES";"DEL01-ES";"UOP01-DEL01-ES"
334537;2020-08-28;"sexta-feira";"06:05:00";"RJ";40;123;"DUQUE DE CAXIAS";"Não guardar distância de segurança";"Colisão lateral";"Com Vítimas Feridas";"Pleno dia";"Crescente";"Céu Claro";"Múltipla";"Reta";"Sim";3;0;1;0;2;0;1;3;-22,79907687;-43,29015739;"SPRF-RJ";"DEL01-RJ";"UOP01-DEL01-RJ"
334668;2020-12-19;"sábado";"04:55:00";"MG";153;7,9;"ARAPORA";"Objeto estático sobre o leito carroçável";"Colisão com objeto estático";"Sem Vítimas";"Amanhecer";"Crescente";"Céu Claro";"Dupla";"Reta";"Não";1;0;0;0;1;0;0;1;-18,478658;-49,188442;"SPRF-MG";"DEL15-MG";"UOP03-DEL15-MG"
334713;2020-12-23;"quarta-feira";"13:58:00";"PA";316;62;"CASTANHAL";"Ingestão de Álcool";"Colisão traseira";"Com Vítimas Feridas";"Pleno dia";"Decrescente";"Céu Claro";"Dupla";"Reta";"Não";3;0;1;0;2;0;1;2;-1,29786885;-47,93764104;"SPRF-PA";"DEL01-PA";"UOP01-DEL01-PA"
334788;2020-12-31;"quinta-feira";"22:30:00";"SC";101;146,9;"ITAPEMA";"Avarias e/ou desgaste excessivo no pneu";"Colisão com objeto";"Com Vítimas Fatais";"Plena Noite";"Crescente";"Garoa/Chuvisco";"Dupla";"Curva";"Sim";1;1;0;0;0;0;0;1;-27,09129094;-48,61669064;"SPRF-SC";"DEL04-SC";"UOP03-DEL04-SC"
334959;2020-11-18;"quarta-feira";"18:00:00";"AL";104;90,3;"RIO LARGO";"Falta de Atenção do Pedestre";"Atropelamento de Pedestre";"Com Vítimas Feridas";"Plena Noite";"Decrescente";"Céu Claro";"Dupla";"Reta";"Sim";2;0;0;2;0;0;2;2;-9,50059087;-35,81127569;"SPRF-AL";"DEL01-AL";"UOP01-DEL01-AL"
335175;2020-11-07;"sábado";"21:10:00";"SC";280;50;"GUARAMIRIM";"Falta de Atenção à Condução";"Colisão com objeto estático";"Com Vítimas Fatais";"Plena Noite";"Crescente";"Céu Claro";"Simples";"Curva";"Não";1;1;0;0;0;0;0;1;-26,46538871;-48,95544449;"SPRF-SC";"DEL03-SC";"UOP03-DEL03-SC"
335176;2020-08-07;"sexta-feira";"10:20:00";"SP";153;72,8;"SAO JOSE DO RIO PRETO";"Condutor Dormindo";"Saída de leito carroçável";"Com Vítimas Feridas";"Pleno dia";"Crescente";"Céu Claro";"Múltipla";"Retorno Regulamentado;Rotatória";"Não";1;0;1;0;0;0;1;1;-20,86715501;-49,41334398;"SPRF-SP";"DEL09-SP";"UOP01-DEL09-SP"
335189;2020-12-05;"sábado";"18:40:00";"PA";163;991;"SANTAREM";"Falta de Atenção à Condução";"Colisão transversal";"Com Vítimas Feridas";"Plena Noite";"Crescente";"Céu Claro";"Simples";"Reta";"Não";3;0;1;2;0;0;3;2;-2,547851;-54,72278;"SPRF-PA";"DEL05-PA";"UOP01-DEL05-PA"
335190;2020-12-02;"quarta-feira";"14:00:00";"PA";230;118;"MARABA";"Condutor deixou de manter distância do veículo da frente";"Colisão traseira";"Sem Vítimas";"Pleno dia";"Crescente";"Céu Claro";"Dupla";"Aclive";"Sim";3;0;0;0;3;0;0;3;-5,35193706;-49,09794103;"SPRF-PA";"DEL03-PA";"UOP01-DEL03-PA"
335199;2020-11-26;"quinta-feira";"01:25:00";"SC";470;61,7;"BLUMENAU";"Desobediência às normas de trânsito pelo condutor";"Colisão frontal";"Com Vítimas Fatais";"Plena Noite";"Decrescente";"Nublado";"Simples";"Reta";"Não";2;1;1;0;0;0;1;2;-26,878952;-49,17421;"SPRF-SC";"DEL04-SC";"UOP01-DEL04-SC"
335223;2020-11-12;"quinta-feira";"03:41:00";"RJ";116;163;"RIO DE JANEIRO";"Reação tardia ou ineficiente do condutor";"Saída de leito carroçável";"Com Vítimas Feridas";"Plena Noite";"Decrescente";"Céu Claro";"Múltipla";"Reta";"Sim";1;0;1;0;0;0;1;1;-22,8052182;-43,3452117;"SPRF-RJ";"DEL01-RJ";"UOP01-DEL01-RJ"
335228;2020-06-08;"segunda-feira";"11:50:00";"RJ";116;185;"NOVA IGUACU";"Falta de Atenção à Condução";"Colisão lateral";"Com Vítimas Feridas";"Pleno dia";"Crescente";"Céu Claro";"Dupla";"Reta";"Não";1;0;1;0;0;0;1;1;-22,74151051;-43,45351823;"SPRF-RJ";"DEL01-RJ";"UOP02-DEL01-RJ"
335231;2020-12-25;"sexta-feira";"23:37:00";"RJ";0;0;"ITAGUAI";"Demais falhas mecânicas ou elétricas";"Incêndio";"Sem Vítimas";"Plena Noite";"Não Informado";"Garoa/Chuvisco";"Simples";"Reta";"Sim";1;0;0;0;1;0;0;1;-22,90558971;-43,88167642;"SPRF-RJ";"DEL03-RJ";"UOP01-DEL03-RJ"
335234;2020-12-25;"sexta-feira";"21:30:00";"PR";369;177;"ROLANDIA";"Falta de Atenção à Condução";"Saída de leito carroçável";"Com Vítimas Feridas";"Plena Noite";"Decrescente";"Céu Claro";"Simples";"Curva";"Não";1;0;1;0;0;0;1;1;-23,36305894;-51,40090942;"SPRF-PR";"DEL07-PR";"UOP01-DEL07-PR"
335258;2020-10-19;"segunda-feira";"06:50:00";"MG";116;393;"GOVERNADOR VALADARES";"Velocidade Incompatível";"Tombamento";"Com Vítimas Feridas";"Pleno dia";"Decrescente";"Nublado";"Simples";"Reta";"Não";1;0;1;0;0;0;1;1;-18,72499706;-41,98860609;"SPRF-MG";"DEL06-MG";"UOP01-DEL06-MG"
335289;2020-12-21;"segunda-feira";"12:55:00";"SC";282;101,9;"ALFREDO WAGNER";"Condutor Dormindo";"Saída de leito carroçável";"Com Vítimas Feridas";"Pleno dia";"Decrescente";"Céu Claro";"Simples";"Reta";"Não";2;0;2;0;0;0;2;1;-27,694626;-49,305317;"SPRF-SC";"DEL01-SC";"UOP03-DEL01-SC"
335291;2020-10-02;"sexta-feira";"09:07:00";"MG";116;648,2;"FERVEDOURO";"Condutor deixou de manter distância do veículo da frente";"Colisão traseira";"Com Vítimas Feridas";"Pleno dia";"Decrescente";"Sol";"Simples";"Reta";"Não";2;0;0;1;1;0;1;2;-20,69018783;-42,27325223;"SPRF-MG";"DEL07-MG";"UOP03-DEL07-MG"
335400;2020-12-14;"segunda-feira";"16:55:00";"MG";116;556,1;"SANTA BARBARA DO LESTE";"Acessar a via sem observar a presença dos outros veículos";"Queda de ocupante de veículo";"Com Vítimas Feridas";"Pleno dia";"Decrescente";"Céu Claro";"Simples";"Curva";"Não";2;0;1;0;1;0;1;2;-20,00820566;-42,14618539;"SPRF-MG";"DEL06-MG";"UOP02-DEL06-MG"
335434;2020-11-23;"segunda-feira";"15:40:00";"SP";116;269;"TABOAO DA SERRA";"Trafegar com motocicleta (ou similar) entre as faixas";"Colisão lateral";"Com Vítimas Feridas";"Pleno dia";"Crescente";"Ignorado";"Dupla";"Reta";"Não";1;0;1;0;0;0;1;1;-23,6112418;-46,78778887;"SPRF-SP";"DEL04-SP";"UOP01-DEL04-SP"
335463;2020-12-25;"sexta-feira";"12:00:00";"SP";153;327;"SALTO GRANDE";"Falta de Atenção à Condução";"Colisão transversal";"Com Vítimas Feridas";"Pleno dia";"Crescente";"Céu Claro";"Simples";"Reta;Interseção de Vias";"Não";3;0;2;1;0;0;3;2;-22,825658;-49,889645;"SPRF-SP";"DEL07-SP";"UOP03-DEL07-SP"
335487;2020-03-30;"segunda-feira";"17:30:00";"MT";174;833;"CASTANHEIRA";"Defeito na Via";"Queda de ocupante de veículo";"Com Vítimas Feridas";"Anoitecer";"Crescente";"Céu Claro";"Simples";"Reta";"Não";1;0;1;0;0;0;1;1;-11,03801064;-58,63921255;"SPRF-MT";"DEL04-MT";"UOP01-DEL04-MT"
335505;2020-12-11;"sexta-feira";"19:00:00";"PI";343;254,5;"CAMPO MAIOR";"Animais na Pista";"Atropelamento de Animal";"Com Vítimas Feridas";"Plena Noite";"Decrescente";"Nublado";"Simples";"Reta";"Não";1;0;0;1;0;0;1;1;-4,760148;-42,111641;"SPRF-PI";"DEL01-PI";"UOP03-DEL01-PI"
335530;2020-08-22;"sábado";"18:50:00";"CE";20;418;"MARACANAU";"Ingestão de Álcool";"Colisão traseira";"Sem Vítimas";"Pleno dia";"Decrescente";"Nublado";"Simples";"Reta;Em Obras;Interseção de Vias";"Não";3;0;0;0;3;0;0;2;-3,76999035;-38,67006282;"SPRF-CE";"DEL01-CE";"UOP02-DEL01-CE"
335532;2020-12-05;"sábado";"04:30:00";"SC";101;107,3;"PENHA";"Falta de Atenção à Condução";"Saída de leito carroçável";"Com Vítimas Fatais";"Plena Noite";"Crescente";"Chuva";"Dupla";"Reta";"Não";1;1;0;0;0;0;0;1;-26,82222;-48,68604;"SPRF-SC";"DEL03-SC";"UOP02-DEL03-SC"
335535;2020-12-29;"terça-feira";"18:30:00";"RO";364;864;"PORTO VELHO";"Demais falhas na via";"Tombamento";"Com Vítimas Feridas";"Anoitecer";"Decrescente";"Ignorado";"Simples";"Reta";"Não";2;0;2;0;0;0;2;1;-9,0963997;-64,0919293;"SPRF-RO";"DEL01-RO";"UOP02-DEL01-RO"
335549;2020-10-03;"sábado";"12:50:00";"PI";316;299;"PICOS";"Mal Súbito";"Tombamento";"Com Vítimas Feridas";"Pleno dia";"Decrescente";"Céu Claro";"Simples";"Aclive";"Não";1;0;0;1;0;0;1;1;-7,03309048;-41,55604362;"SPRF-PI";"DEL04-PI";"UOP01-DEL04-PI"
335567;2020-12-18;"sexta-feira";"18:00:00";"SC";280;77,8;"CORUPA";"Falta de Atenção à Condução";"Queda de ocupante de veículo";"Com Vítimas Feridas";"Plena Noite";"Crescente";"Nublado";"Simples";"Reta";"Sim";1;0;1;0;0;0;1;1;-26,45514314;-49,18726132;"SPRF-SC";"DEL06-SC";"UOP03-DEL06-SC"
335580;2020-12-11;"sexta-feira";"21:20:00";"BA";235;351,4;"JUAZEIRO";"Reação tardia ou ineficiente do condutor";"Colisão frontal";"Com Vítimas Feridas";"Plena Noite";"Crescente";"Céu Claro";"Simples";"Reta";"Sim";2;0;0;2;0;0;2;2;-9,43791846;-40,49801242;"SPRF-PE";"DEL06-PE";"UOP01-DEL06-PE"
335610;2020-11-05;"quinta-feira";"23:50:00";"ES";262;46;"MARECHAL FLORIANO";"Desobediência às normas de trânsito pelo condutor";"Colisão frontal";"Com Vítimas Feridas";"Plena Noite";"Crescente";"Nublado";"Simples";"Reta";"Sim";3;0;2;1;0;0;3;2;-20,40565705;-40,67280081;"SPRF-ES";"DEL01-ES";"UOP01-DEL01-ES"
335704;2020-11-14;"sábado";"00:30:00";"PR";376;2,5;"APUCARANA";"Reação tardia ou ineficiente do condutor";"Queda de ocupante de veículo";"Com Vítimas Feridas";"Plena Noite";"Crescente";"Ignorado";"Simples";"Reta";"Sim";1;0;0;1;0;0;1;1;-23,5451041;-51,45343781;"SPRF-PR";"DEL07-PR";"UOP03-DEL07-PR"
335706;2020-12-24;"quinta-feira";"21:30:00";"PA";316;32,5;"SANTA IZABEL DO PARA";"Falta de Atenção à Condução";"Capotamento";"Com Vítimas Feridas";"Plena Noite";"Crescente";"Céu Claro";"Dupla";"Curva";"Sim";2;0;1;0;1;0;1;2;-1,29833956;-48,18889696;"SPRF-PA";"DEL01-PA";"UOP01-DEL01-PA"
335723;2020-12-24;"quinta-feira";"18:45:00";"PA";308;203;"BRAGANCA";"Falta de Atenção à Condução";"Colisão transversal";"Com Vítimas Feridas";"Anoitecer";"Crescente";"Céu Claro";"Simples";"Rotatória";"Sim";2;0;1;0;1;0;1;2;-1,06623619;-46,76866019;"SPRF-PA";"DEL01-PA";"UOP03-DEL01-PA"