"id";"data_inversa";"dia_semana";"horario";"uf";"br";"km";"municipio";"causa_acidente";"tipo_acidente";"classificacao_acidente";"fase_dia";"sentido_via";"condicao_metereologica";"tipo_pista";"tracado_via";"uso_solo";"pessoas";"mortos";"feridos_leves";"feridos_graves";"ilesos";"ignorados";"feridos";"veiculos";"latitude";"longitude";"regional";"delegacia";"uop"
335734;2020-11-02;"segunda-feira";"14:40:00";"PI";316;307;"PICOS";"Falta de Atenção à Condução";"Colisão frontal";"Com Vítimas Feridas";"Pleno dia";"Decrescente";"Nublado";"Simples";"Reta";"Não";2;0;0;1;1;0;1;2;-7,0777252;-41,500597;"SPRF-PI";"DEL04-PI";"UOP01-DEL04-PI"
335736;2020-12-22;"terça-feira";"18:40:00";"PA";163;1003;"SANTAREM";"Falta de Atenção à Condução";"Colisão lateral";"Com Vítimas Feridas";"Anoitecer";"Crescente";"Céu Claro";"Simples";"Reta";"Sim";3;0;2;0;1;0;2;2;-2,44337377;-54,73105431;"SPRF-PA";"DEL05-PA";"UOP01-DEL05-PA"
335746;2020-10-25;"domingo";"15:20:00";"PI";343;133;"PIRACURUCA";"Falta de Atenção à Condução";"Saída de leito carroçável";"Com Vítimas Feridas";"Pleno dia";"Crescente";"Chuva";"Simples";"Reta";"Não";2;0;1;1;0;0;2;1;-3,859277;-41,700581;"SPRF-PI";"DEL02-PI";"UOP01-DEL02-PI"
335748;2020-12-12;"sábado";"20:20:00";"RN";101;80,8;"SAO GONCALO DO AMARANTE";"Falta de Atenção à Condução";"Colisão lateral";"Com Vítimas Feridas";"Plena Noite";"Crescente";"Céu Claro";"Dupla";"Reta";"Sim";2;0;0;1;1;0;1;2;-5,73054944;-35,24036407;"SPRF-RN";"DEL02-RN";"UOP01-DEL02-RN"
335760;2020-10-24;"sábado";"15:10:00";"MG";116;384,8;"MATHIAS LOBATO";"Ultrapassagem Indevida";"Saída de leito carroçável";"Com Vítimas Feridas";"Pleno dia";"Crescente";"Chuva";"Simples";"Curva";"Não";2;0;1;1;0;0;2;1;-18,65434309;-41,97036284;"SPRF-MG";"DEL06-MG";"UOP01-DEL06-MG"
335761;2020-12-24;"quinta-feira";"18:30:00";"MG";116;464;"TARUMIRIM";"Pedestre andava na pista";"Atropelamento de Pedestre";"Com Vítimas Feridas";"Anoitecer";"Decrescente";"Céu Claro";"Simples";"Reta";"Não";2;0;0;1;1;0;1;2;-19,26865202;-42,06569594;"SPRF-MG";"DEL06-MG";"UOP02-DEL06-MG"
335766;2020-03-31;"terça-feira";"19:15:00";"MT";364;273;"JACIARA";"Desobediência às normas de trânsito pelo condutor";"Colisão lateral";"Com Vítimas Feridas";"Pleno dia";"Crescente";"Céu Claro";"Dupla";"Reta";"Sim";2;0;1;0;1;0;1;2;-15,96077957;-54,96772983;"SPRF-MT";"DEL05-MT";"UOP02-DEL05-MT"
335787;2020-12-09;"quarta-feira";"18:18:00";"MG";365;625,6;"UBERLANDIA";"Falta de Atenção à Condução";"Colisão transversal";"Com Vítimas Feridas";"Anoitecer";"Crescente";"Nublado";"Dupla";"Retorno Regulamentado";"Sim";2;0;1;0;1;0;1;2;-18,90999121;-48,30327988;"SPRF-MG";"DEL15-MG";"UOP01-DEL15-MG"
335798;2020-11-14;"sábado";"12:30:00";"PR";476;115;"COLOMBO";"Conversão proibida";"Tombamento";"Com Vítimas Feridas";"Pleno dia";"Crescente";"Sol";"Simples";"Reta";"Não";2;0;0;1;1;0;1;2;-25,343356;-49,159072;"SPRF-PR";"DEL01-PR";"UOP02-DEL01-PR"
335880;2020-11-28;"sábado";"02:00:00";"PR";476;132;"CURITIBA";"Condutor deixou de manter distância do veículo da frente";"Queda de ocupante de veículo";"Com Vítimas Feridas";"Plena Noite";"Crescente";"Ignorado";"Dupla";"Reta";"Sim";2;0;1;0;1;0;1;2;-25,46200672;-49,25106525;"SPRF-PR";"DEL01-PR";"UOP03-DEL01-PR"
335894;2020-03-29;"domingo";"20:50:00";"MT";364;272;"JACIARA";"Restrição de Visibilidade";"Atropelamento de Pedestre";"Com Vítimas Feridas";"Plena Noite";"Decrescente";"Céu Claro";"Dupla";"Reta";"Sim";2;0;2;0;0;0;2;2;-15,96667987;-54,96121981;"SPRF-MT";"DEL05-MT";"UOP02-DEL05-MT"
335940;2020-08-30;"domingo";"00:30:00";"CE";222;202;"SOBRAL";"Ausência de reação do condutor";"Atropelamento de Pedestre";"Com Vítimas Feridas";"Plena Noite";"Crescente";"Ignorado";"Simples";"Reta";"Não";2;0;0;1;0;1;1;2;-3,79695907;-40,21547705;"SPRF-CE";"DEL04-CE";"UOP01-DEL04-CE"
336043;2020-02-18;"terça-feira";"06:00:00";"ES";101;249,2;"SERRA";"Falta de Atenção à Condução";"Atropelamento de Pedestre";"Com Vítimas Fatais";"Amanhecer";"Decrescente";"Nublado";"Simples";"Curva";"Não";2;1;0;0;0;1;0;2;-20,07371936;-40,35345531;"SPRF-ES";"DEL02-ES";"UOP01-DEL02-ES"
336047;2020-11-02;"segunda-feira";"20:30:00";"CE";222;19,5;"CAUCAIA";"Falta de Atenção à Condução";"Engavetamento";"Com Vítimas Feridas";"Plena Noite";"Decrescente";"Céu Claro";"Simples";"Reta";"Não";4;0;1;0;3;0;1;4;-3,74520337;-38,72713719;"SPRF-CE";"DEL01-CE";"UOP01-DEL01-CE"
336062;2020-11-20;"sexta-feira";"17:00:00";"MG";40;509;"CONTAGEM";"Velocidade Incompatível";"Saída de leito carroçável";"Com Vítimas Feridas";"Pleno dia";"Decrescente";"Céu Claro";"Dupla";"Reta";"Sim";1;0;0;1;0;0;1;1;-19,77674942;-44,1248703;"SPRF-MG";"DEL01-MG";"UOP02-DEL01-MG"
336072;2020-12-11;"sexta-feira";"18:50:00";"CE";116;317,6;"JAGUARIBE";"Falta de Atenção à Condução";"Queda de ocupante de veículo";"Com Vítimas Feridas";"Anoitecer";"Decrescente";"Céu Claro";"Simples";"Reta";"Não";2;0;1;0;1;0;1;2;-5,96397197;-38,63000367;"SPRF-CE";"DEL05-CE";"UOP02-DEL05-CE"
336092;2020-07-19;"domingo";"18:38:00";"RJ";493;105;"SEROPEDICA";"Fumaça";"Saída de leito carroçável";"Com Vítimas Feridas";"Plena Noite";"Decrescente";"Ignorado";"Dupla";"Reta";"Sim";2;0;1;0;1;0;1;1;-22,76033506;-43,73460554;"SPRF-RJ";"DEL03-RJ";"UOP01-DEL03-RJ"
336116;2020-10-04;"domingo";"00:25:00";"PI";343;448;"AGUA BRANCA";"Falta de Atenção à Condução";"Colisão traseira";"Com Vítimas Feridas";"Plena Noite";"Decrescente";"Céu Claro";"Simples";"Reta";"Não";2;0;0;1;1;0;1;2;-5,90535;-42,673557;"SPRF-PI";"DEL01-PI";"UOP02-DEL01-PI"
336129;2020-12-14;"segunda-feira";"16:50:00";"CE";0;0;"IRAUCUBA";"Afundamento ou ondulação no pavimento";"Eventos atípicos";"Sem Vítimas";"Anoitecer";"Não Informado";"Céu Claro";"Simples";"Reta";"Sim";3;0;0;0;2;1;0;2;-3,743677;-39,788254;"SPRF-CE";"DEL04-CE";"UOP03-DEL04-CE"
336153;2020-10-25;"domingo";"22:20:00";"PI";343;580;"FLORIANO";"Falta de Atenção à Condução";"Tombamento";"Com Vítimas Feridas";"Plena Noite";"Crescente";"Céu Claro";"Simples";"Rotatória";"Não";1;0;1;0;0;0;1;1;-6,813167;-42,940075;"SPRF-PI";"DEL03-PI";"UOP01-DEL03-PI"
336159;2020-12-18;"sexta-feira";"17:00:00";"ES";101;298;"VIANA";"Estacionar ou parar em local proibido";"Colisão traseira";"Com Vítimas Feridas";"Anoitecer";"Crescente";"Ignorado";"Múltipla";"Reta";"Sim";2;0;1;0;0;1;1;2;-20,35374444;-40,4156433;"SPRF-ES";"DEL01-ES";"UOP01-DEL01-ES"
336186;2020-10-25;"domingo";"19:30:00";"PI";316;300;"PICOS";"Desobediência às normas de trânsito pelo condutor";"Colisão transversal";"Com Vítimas Feridas";"Plena Noite";"Crescente";"Céu Claro";"Simples";"Reta";"Não";2;0;0;1;1;0;1;2;-7,04184237;-41,54636128;"SPRF-PI";"DEL04-PI";"UOP01-DEL04-PI"
336511;2020-10-04;"domingo";"06:20:00";"PI";135;409;"REDENCAO DO GURGUEIA";"Falta de Atenção à Condução";"Colisão transversal";"Com Vítimas Feridas";"Pleno dia";"Decrescente";"Céu Claro";"Simples";"Reta";"Não";4;0;2;0;2;0;2;2;-9,47476445;-44,6087761;"SPRF-PI";"DEL03-PI";"UOP02-DEL03-PI"
336556;2020-11-02;"segunda-feira";"10:30:00";"PI";343;314;"ALTOS";"Falta de Atenção à Condução";"Colisão traseira";"Com Vítimas Feridas";"Pleno dia";"Crescente";"Céu Claro";"Simples";"Reta";"Não";2;0;0;1;0;1;1;2;-5,047346;-42,518414;"SPRF-PI";"DEL01-PI";"UOP01-DEL01-PI"
336578;2020-12-24;"quinta-feira";"19:55:00";"SE";101;61;"ROSARIO DO CATETE";"Ausência de reação do condutor";"Saída de leito carroçável";"Com Vítimas Feridas";"Plena Noite";"Crescente";"Céu Claro";"Simples";"Em Obras";"Não";2;0;1;0;0;1;1;2;-10,67271008;-37,0291096;"SPRF-SE";"DEL02-SE";"UOP02-DEL02-SE"
336667;2020-06-26;"sexta-feira";"06:40:00";"DF";20;12;"BRASILIA";"Restrição de Visibilidade";"Colisão traseira";"Com Vítimas Feridas";"Amanhecer";"Decrescente";"Céu Claro";"Dupla";"Reta";"Não";2;0;1;0;1;0;1;2;-15,642812;-47,757786;"SPRF-DF";"DEL02-DF";"UOP01-DEL02-DF"
336698;2020-12-10;"quinta-feira";"21:00:00";"PA";222;31,3;"DOM ELISEU";"Sinalização da via insuficiente ou inadequada";"Saída de leito carroçável";"Com Vítimas Feridas";"Plena Noite";"Decrescente";"Nublado";"Dupla";"Reta";"Não";1;0;0;1;0;0;1;1;-4,325198;-47,669346;"SPRF-PA";"DEL02-PA";"UOP02-DEL02-PA"
336724;2020-11-14;"sábado";"05:15:00";"PR";376;174;"MARINGA";"Manobra de mudança de faixa";"Colisão lateral mesmo sentido";"Com Vítimas Feridas";"Amanhecer";"Crescente";"Ignorado";"Dupla";"Interseção de Vias";"Sim";2;0;1;0;1;0;1;2;-23,41430102;-51,94984299;"SPRF-PR";"DEL09-PR";"UOP01-DEL09-PR"
336728;2020-12-31;"quinta-feira";"16:30:00";"PR";277;594,5;"CASCAVEL";"Falta de Atenção à Condução";"Queda de ocupante de veículo";"Com Vítimas Feridas";"Pleno dia";"Crescente";"Sol";"Simples";"Reta";"Sim";2;0;1;0;1;0;1;1;-24,9794792;-53,49232599;"SPRF-PR";"DEL04-PR";"UOP01-DEL04-PR"
336732;2020-11-12;"quinta-feira";"07:35:00";"RJ";40;99;"DUQUE DE CAXIAS";"Demais falhas mecânicas ou elétricas";"Incêndio";"Sem Vítimas";"Pleno dia";"Crescente";"Céu Claro";"Dupla";"Reta";"Não";1;0;0;0;1;0;0;1;-22,59529297;-43,28129075;"SPRF-RJ";"DEL01-RJ";"UOP01-DEL01-RJ"
336818;2020-10-30;"sexta-feira";"13:55:00";"MG";50;155;"UBERABA";"Velocidade Incompatível";"Saída de leito carroçável";"Com Vítimas Feridas";"Pleno dia";"Crescente";"Chuva";"Dupla";"Reta";"Não";3;0;2;1;0;0;3;2;-19,60825703;-48,02198508;"SPRF-MG";"DEL13-MG";"UOP01-DEL13-MG"
336858;2020-09-02;"quarta-feira";"09:05:00";"PI";343;336,3;"TERESINA";"Desobediência às normas de trânsito pelo condutor";"Colisão transversal";"Com Vítimas Feridas";"Pleno dia";"Crescente";"Céu Claro";"Simples";"Reta";"Não";2;0;0;1;1;0;1;2;-5,062547;-42,705189;"SPRF-PI";"DEL01-PI";"UOP01-DEL01-PI"
336864;2020-11-01;"domingo";"11:40:00";"PI";343;347;"TERESINA";"Falta de Atenção à Condução";"Colisão lateral";"Com Vítimas Feridas";"Pleno dia";"Decrescente";"Céu Claro";"Dupla";"Ponte";"Sim";4;0;0;1;2;1;1;3;-5,114822;-42,778355;"SPRF-PI";"DEL01-PI";"UOP01-DEL01-PI"
336872;2020-09-02;"quarta-feira";"07:20:00";"PI";343;329;"TERESINA";"Desobediência às normas de trânsito pelo condutor";"Colisão traseira";"Com Vítimas Fatais";"Pleno dia";"Crescente";"Céu Claro";"Simples";"Reta";"Não";5;1;0;0;4;0;0;3;-5,064808;-42,641769;"SPRF-PI";"DEL01-PI";"UOP01-DEL01-PI"
336873;2020-09-02;"quarta-feira";"15:10:00";"CE";116;11;"FORTALEZA";"Falta de Atenção à Condução";"Colisão frontal";"Com Vítimas Feridas";"Pleno dia";"Crescente";"Céu Claro";"Dupla";"Viaduto";"Sim";2;0;1;0;1;0;1;2;-3,84394724;-38,49891546;"SPRF-CE";"DEL01-CE";"UOP02-DEL01-CE"
336894;2020-10-21;"quarta-feira";"19:10:00";"DF";70;18;"BRASILIA";"Desobediência às normas de trânsito pelo condutor";"Colisão transversal";"Com Vítimas Feridas";"Plena Noite";"Crescente";"Chuva";"Dupla";"Reta";"Não";2;0;0;1;1;0;1;2;-15,791093;-48,21096;"SPRF-DF";"DEL03-DF";"UOP02-DEL03-DF"
336918;2020-10-29;"quinta-feira";"16:15:00";"PI";135;536;"SAO GONCALO DO GURGUEIA";"Pista Escorregadia";"Capotamento";"Com Vítimas Feridas";"Pleno dia";"Crescente";"Chuva";"Simples";"Reta";"Não";5;0;2;0;3;0;2;1;-10,009512;-45,311043;"SPRF-PI";"DEL03-PI";"UOP02-DEL03-PI"
336961;2020-10-03;"sábado";"12:00:00";"BA";122;865;"URANDI";"Falta de acostamento";"Tombamento";"Com Vítimas Feridas";"Pleno dia";"Decrescente";"Ignorado";"Simples";"Reta";"Não";1;0;0;1;0;0;1;1;-14,842594;-42,75604248;"SPRF-BA";"DEL08-BA";"UOP01-DEL08-BA"
337011;2020-04-07;"terça-feira";"21:30:00";"PI";316;310;"PICOS";"Desobediência às normas de trânsito pelo condutor";"Colisão frontal";"Com Vítimas Feridas";"Plena Noite";"Crescente";"Céu Claro";"Simples";"Reta";"Sim";2;0;0;1;0;1;1;2;-7,07639186;-41,47475001;"SPRF-PI";"DEL04-PI";"UOP01-DEL04-PI"
337025;2020-10-04;"domingo";"17:30:00";"PI";402;34,8;"PARNAIBA";"Objeto estático sobre o leito carroçável";"Tombamento";"Com Vítimas Feridas";"Pleno dia";"Decrescente";"Céu Claro";"Simples";"Reta";"Sim";2;0;2;0;0;0;2;1;-2,93239061;-41,74947054;"SPRF-PI";"DEL05-PI";"UOP01-DEL05-PI"
337028;2020-09-01;"terça-feira";"10:15:00";"PI";343;336,5;"TERESINA";"Falta de Atenção do Pedestre";"Atropelamento de Pedestre";"Com Vítimas Feridas";"Pleno dia";"Decrescente";"Céu Claro";"Múltipla";"Reta";"Sim";2;0;0;1;1;0;1;2;-5,062547;-42,705189;"SPRF-PI";"DEL01-PI";"UOP01-DEL01-PI"
337063;2020-11-06;"sexta-feira";"10:50:00";"PI";316;384;"ALEGRETE DO PIAUI";"Falta de Atenção à Condução";"Colisão transversal";"Sem Vítimas";"Pleno dia";"Crescente";"Céu Claro";"Simples";"Reta";"Sim";2;0;0;0;2;0;0;2;-7,23738919;-40,86593922;"SPRF-PI";"DEL04-PI";"UOP03-DEL04-PI"
337111;2020-12-18;"sexta-feira";"21:00:00";"GO";40;68,4;"CRISTALINA";"Animais na Pista";"Atropelamento de Animal";"Com Vítimas Feridas";"Plena Noite";"Crescente";"Céu Claro";"Simples";"Reta;Aclive";"Não";2;0;1;0;1;0;1;2;-16,588668;-47,779562;"SPRF-DF";"DEL01-DF";"UOP02-DEL01-DF"
337135;2020-09-02;"quarta-feira";"07:50:00";"GO";40;4,6;"VALPARAISO DE GOIAS";"Trafegar com motocicleta (ou similar) entre as faixas";"Colisão traseira";"Com Vítimas Feridas";"Pleno dia";"Crescente";"Céu Claro";"Dupla";"Reta";"Sim";2;0;0;1;0;1;1;2;-16,09434168;-47,98161864;"SPRF-DF";"DEL01-DF";"UOP01-DEL01-DF"
337153;2020-09-05;"sábado";"22:21:00";"MG";50;178,2;"UBERABA";"Falta de Atenção à Condução";"Saída de leito carroçável";"Com Vítimas Feridas";"Plena Noite";"Crescente";"Céu Claro";"Dupla";"Reta";"Sim";1;0;0;1;0;0;1;1;-19,77896821;-47,94093599;"SPRF-MG";"DEL13-MG";"UOP01-DEL13-MG"
337216;2020-11-07;"sábado";"19:55:00";"PI";343;48,5;"BURITI DOS LOPES";"Desobediência às normas de trânsito pelo condutor";"Colisão transversal";"Com Vítimas Feridas";"Plena Noite";"Crescente";"Céu Claro";"Simples";"Reta";"Sim";4;0;3;0;1;0;3;2;-3,17753862;-41,86649323;"SPRF-PI";"DEL05-PI";"UOP01-DEL05-PI"
337416;2020-11-07;"sábado";"15:45:00";"PI";343;339;"TERESINA";"Não guardar distância de segurança";"Colisão traseira";"Sem Vítimas";"Pleno dia";"Crescente";"Céu Claro";"Simples";"Reta";"Não";2;0;0;0;1;1;0;2;-5,067146;-42,730965;"SPRF-PI";"DEL01-PI";"UOP01-DEL01-PI"
337430;2020-03-22;"domingo";"19:30:00";"RN";304;117,3;"ITAJA";"Demais falhas mecânicas ou elétricas";"Colisão frontal";"Com Vítimas Feridas";"Plena Noite";"Crescente";"Ignorado";"Simples";"Reta";"Sim";3;0;0;1;1;1;1;2;-5,62191396;-36,88051498;"SPRF-RN";"DEL04-RN";"UOP01-DEL04-RN"
337464;2020-12-05;"sábado";"14:48:00";"PR";476;126;"CURITIBA";"Condutor deixou de manter distância do veículo da frente";"Colisão traseira";"Com Vítimas Feridas";"Pleno dia";"Crescente";"Ignorado";"Dupla";"Reta";"Sim";2;0;1;0;0;1;1;2;-25,416758;-49,223446;"SPRF-PR";"DEL01-PR";"UOP03-DEL01-PR"
337469;2020-11-07;"sábado";"19:30:00";"PI";343;267;"CAMPO MAIOR";"Falta de Atenção à Condução";"Colisão transversal";"Com Vítimas Feridas";"Plena Noite";"Decrescente";"Céu Claro";"Simples";"Curva";"Não";3;0;2;1;0;0;3;2;-4,836484;-42,181347;"SPRF-PI";"DEL01-PI";"UOP03-DEL01-PI"
337483;2020-11-22;"domingo";"12:00:00";"BA";242;363;"LENCOIS";"Fenômenos da Natureza";"Colisão com objeto estático";"Com Vítimas Feridas";"Pleno dia";"Decrescente";"Garoa/Chuvisco";"Simples";"Reta";"Não";6;0;0;2;4;0;2;1;-12,46727769;-41,4150469;"SPRF-BA";"DEL06-BA";"UOP01-DEL06-BA"
337729;2020-12-22;"terça-feira";"08:45:00";"PA";316;62;"CASTANHAL";"Falta de Atenção à Condução";"Colisão lateral";"Com Vítimas Feridas";"Pleno dia";"Crescente";"Céu Claro";"Dupla";"Reta";"Sim";2;0;0;1;1;0;1;2;-1,29786885;-47,93764104;"SPRF-PA";"DEL01-PA";"UOP01-DEL01-PA"
337915;2020-12-31;"quinta-feira";"13:15:00";"PA";163;990;"SANTAREM";"Falta de Atenção à Condução";"Colisão transversal";"Com Vítimas Feridas";"Pleno dia";"Crescente";"Nublado";"Simples";"Reta";"Não";2;0;1;0;1;0;1;2;-2,55683598;-54,72216184;"SPRF-PA";"DEL05-PA";"UOP01-DEL05-PA"
337950;2020-12-23;"quarta-feira";"17:55:00";"SP";116;140;"SAO JOSE DOS CAMPOS";"Condutor deixou de manter distância do veículo da frente";"Colisão traseira";"Com Vítimas Feridas";"Pleno dia";"Crescente";"Céu Claro";"Dupla";"Reta";"Sim";3;0;1;0;2;0;1;2;-23,16403968;-45,80930759;"SPRF-SP";"DEL02-SP";"UOP01-DEL02-SP"
338002;2020-12-15;"terça-feira";"10:00:00";"MG";365;626,5;"UBERLANDIA";"Não guardar distância de segurança";"Colisão lateral";"Com Vítimas Feridas";"Pleno dia";"Decrescente";"Nublado";"Dupla";"Reta;Em Obras";"Sim";4;0;2;1;0;1;3;3;-18,90585472;-48,32526001;"SPRF-MG";"DEL15-MG";"UOP01-DEL15-MG"
338108;2020-11-02;"segunda-feira";"10:50:00";"PI";343;290;"ALTOS";"Falta de Atenção à Condução";"Tombamento";"Com Vítimas Feridas";"Pleno dia";"Decrescente";"Céu Claro";"Simples";"Reta";"Não";1;0;0;1;0;0;1;1;-4,950524;-42,344837;"SPRF-PI";"DEL01-PI";"UOP03-DEL01-PI"
338357;2020-12-22;"terça-feira";"07:30:00";"PA";163;995;"SANTAREM";"Falta de Atenção à Condução";"Colisão transversal";"Com Vítimas Feridas";"Pleno dia";"Crescente";"Céu Claro";"Simples";"Rotatória";"Não";3;0;2;0;1;0;2;2;-2,50707575;-54,72534657;"SPRF-PA";"DEL05-PA";"UOP01-DEL05-PA"
338360;2020-11-08;"domingo";"05:00:00";"MA";230;91,5;"SAO JOAO DOS PATOS";"Velocidade Incompatível";"Colisão com objeto estático";"Com Vítimas Fatais";"Amanhecer";"Crescente";"Nublado";"Dupla";"Reta;Declive";"Sim";3;1;0;2;0;0;2;1;-6,4961778;-43,69229201;"SPRF-PI";"DEL03-PI";"UOP01-DEL03-PI"
338481;2020-12-22;"terça-feira";"17:30:00";"MG";381;335;"NOVA ERA";"Velocidade Incompatível";"Saída de leito carroçável";"Com Vítimas Feridas";"Anoitecer";"Decrescente";"Garoa/Chuvisco";"Simples";"Curva";"Não";2;0;0;1;0;1;1;2;-19,81700707;-43,06661887;"SPRF-MG";"DEL03-MG";"UOP01-DEL03-MG"
338532;2020-12-24;"quinta-feira";"20:30:00";"MT";163;570;"NOVA MUTUM";"Animais na Pista";"Atropelamento de Animal";"Com Vítimas Feridas";"Plena Noite";"Crescente";"Céu Claro";"Simples";"Reta";"Não";1;0;1;0;0;0;1;1;-14,16229605;-56,09222316;"SPRF-MT";"DEL01-MT";"UOP01-DEL01-MT"
338536;2020-11-06;"sexta-feira";"23:30:00";"PI";316;6;"TERESINA";"Falta de Atenção do Pedestre";"Atropelamento de Pedestre";"Com Vítimas Feridas";"Plena Noite";"Decrescente";"Céu Claro";"Múltipla";"Reta";"Sim";2;0;0;1;0;1;1;2;-5,14702095;-42,77438982;"SPRF-PI";"DEL01-PI";"UOP02-DEL01-PI"
338844;2020-11-14;"sábado";"11:30:00";"PI";343;338;"TERESINA";"Ultrapassagem Indevida";"Colisão lateral";"Com Vítimas Feridas";"Pleno dia";"Crescente";"Céu Claro";"Simples";"Reta";"Sim";2;0;1;0;1;0;1;2;-5,063362;-42,722912;"SPRF-PI";"DEL01-PI";"UOP01-DEL01-PI"
338882;2020-11-17;"terça-feira";"06:50:00";"PI";316;261;"IPIRANGA DO PIAUI";"Ingestão de Álcool";"Colisão traseira";"Sem Vítimas";"Pleno dia";"Crescente";"Céu Claro";"Simples";"Reta";"Sim";2;0;0;0;2;0;0;2;-6,83760703;-41,7377638;"SPRF-PI";"DEL04-PI";"UOP02-DEL04-PI"
338904;2020-08-19;"quarta-feira";"06:00:00";"MG";251;480;"FRANCISCO SA";"Demais falhas mecânicas ou elétricas";"Colisão lateral mesmo sentido";"Com Vítimas Feridas";"Amanhecer";"Decrescente";"Céu Claro";"Simples";"Curva";"Sim";1;0;1;0;0;0;1;1;-16,6560112;-43,7234085;"SPRF-MG";"DEL12-MG";"UOP01-DEL12-MG"
339130;2020-11-10;"terça-feira";"17:40:00";"MA";230;1;"BARAO DE GRAJAU";"Falta de Atenção à Condução";"Colisão transversal";"Com Vítimas Feridas";"Anoitecer";"Crescente";"Céu Claro";"Múltipla";"Curva";"Sim";2;0;2;0;0;0;2;2;-6,75491021;-43,01659198;"SPRF-PI";"DEL03-PI";"UOP01-DEL03-PI"
339386;2020-09-05;"sábado";"11:50:00";"MG";262;767,4;"UBERABA";"Falta de Atenção à Condução";"Saída de leito carroçável";"Com Vítimas Feridas";"Pleno dia";"Decrescente";"Céu Claro";"Simples";"Reta";"Não";4;0;4;0;0;0;4;1;-19,68307963;-47,66693486;"SPRF-MG";"DEL13-MG";"UOP01-DEL13-MG"
339400;2020-07-08;"quarta-feira";"08:00:00";"RN";226;174,1;"CURRAIS NOVOS";"Velocidade Incompatível";"Colisão lateral";"Com Vítimas Feridas";"Pleno dia";"Decrescente";"Céu Claro";"Simples";"Reta";"Sim";2;0;0;1;1;0;1;2;-6,25820179;-36,50177479;"SPRF-RN";"DEL03-RN";"UOP02-DEL03-RN"
339403;2020-11-16;"segunda-feira";"01:15:00";"PE";316;105,2;"BODOCO";"Falta de Atenção à Condução";"Tombamento";"Com Vítimas Feridas";"Plena Noite";"Crescente";"Nublado";"Simples";"Reta";"Não";32;0;21;3;8;0;24;1;-7,95538676;-39,9055009;"SPRF-PE";"DEL05-PE";"UOP02-DEL05-PE"
339408;2020-10-03;"sábado";"11:40:00";"PI";343;186;"PIRIPIRI";"Desobediência às normas de trânsito pelo pedestre";"Saída de leito carroçável";"Com Vítimas Feridas";"Pleno dia";"Crescente";"Céu Claro";"Simples";"Reta";"Não";1;0;1;0;0;0;1;1;-4,289738;-41,765907;"SPRF-PI";"DEL02-PI";"UOP01-DEL02-PI"
339501;2020-11-15;"domingo";"14:50:00";"SP";116;334;"JUQUITIBA";"Não guardar distância de segurança";"Colisão traseira";"Sem Vítimas";"Pleno dia";"Decrescente";"Céu Claro";"Dupla";"Reta";"Não";4;0;0;0;4;0;0;4;-23,96478894;-47,12622102;"SPRF-SP";"DEL04-SP";"UOP01-DEL04-SP"
339629;2020-12-23;"quarta-feira";"12:00:00";"MG";40;481,5;"SETE LAGOAS";"Condutor Dormindo";"Saída de leito carroçável";"Com Vítimas Feridas";"Pleno dia";"Crescente";"Nublado";"Dupla";"Reta;Declive";"Sim";6;0;1;1;4;0;2;1;-19,55387585;-44,24291968;"SPRF-MG";"DEL02-MG";"UOP01-DEL02-MG"
339630;2020-12-06;"domingo";"00:00:00";"RJ";101;4;"CAMPOS DOS GOYTACAZES";"Desobediência às normas de trânsito pelo condutor";"Colisão frontal";"Com Vítimas Feridas";"Plena Noite";"Crescente";"Nublado";"Simples";"Reta";"Não";12;0;11;1;0;0;12;2;-21,25230893;-41,32594409;"SPRF-RJ";"DEL08-RJ";"UOP01-DEL08-RJ"
339633;2020-06-30;"terça-feira";"05:00:00";"MT";70;1;"BARRA DO GARCAS";"Ausência de reação do condutor";"Tombamento";"Com Vítimas Feridas";"Plena Noite";"Crescente";"Céu Claro";"Simples";"Reta";"Não";1;0;1;0;0;0;1;1;-15,89164596;-52,26202884;"SPRF-MT";"DEL07-MT";"UOP01-DEL07-MT"
339684;2020-12-23;"quarta-feira";"09:40:00";"PI";343;276,6;"CAMPO MAIOR";"Ausência de reação do condutor";"Colisão traseira";"Com Vítimas Feridas";"Pleno dia";"Crescente";"Céu Claro";"Simples";"Curva";"Não";2;0;1;0;1;0;1;2;-4,891653;-42,239597;"SPRF-PI";"DEL01-PI";"UOP03-DEL01-PI"
339790;2020-12-18;"sexta-feira";"19:15:00";"MG";365;636,9;"UBERLANDIA";"Deficiência ou não Acionamento do Sistema de Iluminação/Sinalização do Veículo";"Colisão traseira";"Com Vítimas Feridas";"Plena Noite";"Decrescente";"Nublado";"Múltipla";"Reta";"Não";3;0;0;1;1;1;1;3;-18,89121835;-48,42797405;"SPRF-MG";"DEL15-MG";"UOP01-DEL15-MG"