"id";"data_inversa";"dia_semana";"horario";"uf";"br";"km";"municipio";"causa_acidente";"tipo_acidente";"classificacao_acidente";"fase_dia";"sentido_via";"condicao_metereologica";"tipo_pista";"tracado_via";"uso_solo";"pessoas";"mortos";"feridos_leves";"feridos_graves";"ilesos";"ignorados";"feridos";"veiculos";"latitude";"longitude";"regional";"delegacia";"uop"
350241;2020-12-23;"quarta-feira";"18:55:00";"MG";116;702,7;"MURIAE";"Pista Escorregadia";"Colisão frontal";"Com Vítimas Feridas";"Plena Noite";"Crescente";"Chuva";"Simples";"Curva";"Sim";2;0;1;0;1;0;1;2;-21,11938311;-42,38006362;"SPRF-MG";"DEL07-MG";"UOP02-DEL07-MG"
350397;2020-08-14;"sexta-feira";"09:40:00";"RN";101;81;"SAO GONCALO DO AMARANTE";"Falta de Atenção à Condução";"Colisão lateral";"Com Vítimas Feridas";"Pleno dia";"Crescente";"Céu Claro";"Dupla";"Reta";"Sim";2;0;1;0;1;0;1;2;-5,76469466;-35,28295988;"SPRF-RN";"DEL02-RN";"UOP01-DEL02-RN"
350436;2020-12-20;"domingo";"02:40:00";"PI";316;234;"INHUMA";"Velocidade Incompatível";"Colisão traseira";"Com Vítimas Fatais";"Plena Noite";"Decrescente";"Céu Claro";"Simples";"Reta";"Não";6;2;4;0;0;0;4;2;-6,59809701;-41,72425115;"SPRF-PI";"DEL04-PI";"UOP02-DEL04-PI"
350613;2020-12-05;"sábado";"20:20:00";"PE";407;129;"PETROLINA";"Condutor deixou de manter distância do veículo da frente";"Colisão traseira";"Com Vítimas Feridas";"Plena Noite";"Crescente";"Ignorado";"Dupla";"Reta";"Sim";2;0;0;1;0;1;1;2;-9,40500666;-40,50426548;"SPRF-PE";"DEL06-PE";"UOP01-DEL06-PE"
350632;2020-12-16;"quarta-feira";"12:30:00";"ES";259;49,1;"COLATINA";"Transitar na contramão";"Colisão frontal";"Com Vítimas Feridas";"Pleno dia";"Decrescente";"Nublado";"Simples";"Declive";"Sim";2;0;0;1;1;0;1;2;-19,50852074;-40,60724437;"SPRF-ES";"DEL02-ES";"UOP01-DEL02-ES"
350700;2020-08-10;"segunda-feira";"18:10:00";"BA";110;362,6;"CATU";"Falta de Atenção à Condução";"Colisão transversal";"Com Vítimas Feridas";"Plena Noite";"Crescente";"Céu Claro";"Simples";"Reta";"Sim";3;0;1;1;1;0;2;2;-12,33700623;-38,3844354;"SPRF-BA";"DEL01-BA";"UOP04-DEL01-BA"
350768;2020-11-20;"sexta-feira";"13:37:00";"PR";376;241;"APUCARANA";"Acumulo de água sobre o pavimento";"Tombamento";"Com Vítimas Feridas";"Plena Noite";"Decrescente";"Céu Claro";"Simples";"Reta";"Não";1;0;0;1;0;0;1;1;-23,56943008;-51,50765409;"SPRF-PR";"DEL07-PR";"UOP02-DEL07-PR"
351426;2020-12-26;"sábado";"07:45:00";"PI";316;6,9;"TERESINA";"Desobediência às normas de trânsito pelo condutor";"Colisão lateral";"Com Vítimas Feridas";"Pleno dia";"Decrescente";"Céu Claro";"Dupla";"Rotatória";"Sim";2;0;1;0;1;0;1;2;-5,14702095;-42,77438982;"SPRF-PI";"DEL01-PI";"UOP02-DEL01-PI"
351486;2020-12-29;"terça-feira";"15:30:00";"MG";381;513;"IGARAPE";"Falta de Atenção à Condução";"Colisão transversal";"Com Vítimas Feridas";"Pleno dia";"Crescente";"Céu Claro";"Dupla";"Reta";"Sim";2;0;1;1;0;0;2;2;-20,099993;-44,318903;"SPRF-MG";"DEL01-MG";"UOP03-DEL01-MG"
351619;2020-11-10;"terça-feira";"16:20:00";"BA";116;12,9;"VITORIA DA CONQUISTA";"Desobediência às normas de trânsito pelo condutor";"Colisão transversal";"Com Vítimas Feridas";"Pleno dia";"Crescente";"Sol";"Simples";"Reta";"Sim";3;0;1;1;1;0;2;2;-14,88457112;-40,87071776;"SPRF-BA";"DEL08-BA";"UOP01-DEL08-BA"
351828;2020-12-13;"domingo";"01:13:00";"MG";381;496,8;"BETIM";"Pedestre andava na pista";"Atropelamento de Pedestre";"Com Vítimas Feridas";"Plena Noite";"Decrescente";"Nublado";"Dupla";"Reta";"Não";2;0;1;0;0;1;1;2;-19,99676497;-44,20958506;"SPRF-MG";"DEL01-MG";"UOP03-DEL01-MG"
351894;2020-12-24;"quinta-feira";"17:00:00";"MT";163;786;"VERA";"Reação tardia ou ineficiente do condutor";"Queda de ocupante de veículo";"Com Vítimas Feridas";"Pleno dia";"Crescente";"Céu Claro";"Simples";"Reta";"Não";1;0;1;0;0;0;1;1;-12,288103;-55,562956;"SPRF-MT";"DEL06-MT";"UOP01-DEL06-MT"
352205;2020-12-30;"quarta-feira";"19:00:00";"PI";230;309;"FLORIANO";"Conversão proibida";"Colisão lateral";"Com Vítimas Feridas";"Plena Noite";"Crescente";"Céu Claro";"Simples";"Reta";"Sim";2;0;0;1;1;0;1;2;-6,77433132;-43,00632318;"SPRF-PI";"DEL03-PI";"UOP01-DEL03-PI"
352276;2020-11-27;"sexta-feira";"20:30:00";"ES";101;287;"CARIACICA";"Falta de Atenção à Condução";"Colisão lateral";"Com Vítimas Feridas";"Plena Noite";"Decrescente";"Céu Claro";"Dupla";"Reta";"Não";2;0;0;1;1;0;1;2;-20,26493528;-40,38471702;"SPRF-ES";"DEL01-ES";"UOP01-DEL01-ES"
352395;2020-12-30;"quarta-feira";"11:00:00";"PI";343;20;"PARNAIBA";"Falta de Atenção à Condução";"Colisão transversal";"Com Vítimas Feridas";"Pleno dia";"Crescente";"Céu Claro";"Simples";"Reta";"Não";2;0;1;0;1;0;1;2;-2,981128;-41,762501;"SPRF-PI";"DEL05-PI";"UOP01-DEL05-PI"
352696;2020-11-02;"segunda-feira";"18:50:00";"GO";60;128;"GOIANAPOLIS";"Falta de Atenção à Condução";"Capotamento";"Com Vítimas Feridas";"Plena Noite";"Decrescente";"Céu Claro";"Dupla";"Reta";"Não";2;0;1;1;0;0;2;1;-16,5498;-49,1518;"SPRF-GO";"DEL01-GO";"UOP01-DEL01-GO"
352815;2020-12-24;"quinta-feira";"18:00:00";"PR";116;125;"FAZENDA RIO GRANDE";"Falta de Atenção à Condução";"Colisão traseira";"Com Vítimas Feridas";"Pleno dia";"Decrescente";"Sol";"Dupla";"Reta";"Sim";2;0;0;1;1;0;1;2;-25,63521345;-49,31321383;"SPRF-PR";"DEL01-PR";"UOP03-DEL01-PR"
352908;2020-12-30;"quarta-feira";"09:00:00";"SC";101;125,5;"ITAJAI";"Falta de Atenção à Condução";"Colisão lateral";"Com Vítimas Feridas";"Pleno dia";"Crescente";"Céu Claro";"Dupla";"Reta";"Não";2;0;1;0;1;0;1;2;-26,94802427;-48,68338515;"SPRF-SC";"DEL04-SC";"UOP04-DEL04-SC"
352940;2020-09-12;"sábado";"16:30:00";"SC";101;121;"ITAJAI";"Falta de Atenção à Condução";"Colisão traseira";"Com Vítimas Fatais";"Pleno dia";"Decrescente";"Céu Claro";"Múltipla";"Reta";"Sim";3;1;0;0;1;1;0;3;-26,921108;-48,708308;"SPRF-SC";"DEL04-SC";"UOP04-DEL04-SC"
353348;2020-05-17;"domingo";"23:15:00";"PR";277;3,3;"PARANAGUA";"Condutor deixou de manter distância do veículo da frente";"Colisão com objeto";"Com Vítimas Feridas";"Plena Noite";"Crescente";"Ignorado";"Dupla";"Rotatória";"Sim";1;0;0;1;0;0;1;1;-25,54073334;-48,53613317;"SPRF-PR";"DEL01-PR";"UOP05-DEL01-PR"
353554;2020-09-19;"sábado";"16:30:00";"MG";459;107;"POUSO ALEGRE";"Demais falhas mecânicas ou elétricas";"Queda de ocupante de veículo";"Com Vítimas Feridas";"Pleno dia";"Crescente";"Ignorado";"Dupla";"Reta";"Sim";2;0;2;0;0;0;2;1;-22,22804619;-45,90354854;"SPRF-MG";"DEL16-MG";"UOP01-DEL16-MG"
353650;2020-12-05;"sábado";"16:00:00";"RJ";40;98;"DUQUE DE CAXIAS";"Acesso irregular";"Colisão lateral mesmo sentido";"Com Vítimas Feridas";"Pleno dia";"Crescente";"Garoa/Chuvisco";"Dupla";"Reta";"Não";2;0;1;0;1;0;1;2;-22,57773682;-43,27329036;"SPRF-RJ";"DEL01-RJ";"UOP01-DEL01-RJ"
353774;2020-12-22;"terça-feira";"07:40:00";"PR";376;594;"CURITIBA";"Falta de Atenção à Condução";"Colisão traseira";"Com Vítimas Feridas";"Pleno dia";"Decrescente";"Nublado";"Dupla";"Reta";"Sim";2;0;1;0;1;0;1;2;-25,48479613;-49,34730331;"SPRF-PR";"DEL01-PR";"UOP01-DEL01-PR"
354163;2020-12-28;"segunda-feira";"16:20:00";"PR";277;0;"PARANAGUA";"Manobra de mudança de faixa";"Queda de ocupante de veículo";"Com Vítimas Feridas";"Pleno dia";"Crescente";"Céu Claro";"Simples";"Reta";"Não";1;0;1;0;0;0;1;1;-25,52123543;-48,54549944;"SPRF-PR";"DEL01-PR";"UOP05-DEL01-PR"
354182;2020-11-03;"terça-feira";"20:00:00";"MT";364;181;"PEDRA PRETA";"Objeto estático sobre o leito carroçável";"Queda de ocupante de veículo";"Com Vítimas Feridas";"Plena Noite";"Crescente";"Ignorado";"Simples";"Reta";"Não";1;0;1;0;0;0;1;1;-16,59921601;-54,50078901;"SPRF-MT";"DEL02-MT";"UOP01-DEL02-MT"
354393;2020-06-10;"quarta-feira";"16:20:00";"PI";316;85;"BARRO DURO";"Ultrapassagem Indevida";"Colisão frontal";"Com Vítimas Feridas";"Pleno dia";"Crescente";"Chuva";"Simples";"Declive;Curva";"Não";2;0;1;0;1;0;1;2;-5,78531;-42,57616;"SPRF-PI";"DEL04-PI";"UOP02-DEL04-PI"
354482;2020-10-28;"quarta-feira";"13:30:00";"PE";423;95,3;"GARANHUNS";"Mal Súbito";"Colisão frontal";"Com Vítimas Feridas";"Pleno dia";"Crescente";"Nublado";"Simples";"Curva";"Sim";2;0;1;0;1;0;1;2;-8,87891989;-36,47796305;"SPRF-PE";"DEL03-PE";"UOP01-DEL03-PE"
354519;2020-12-16;"quarta-feira";"06:30:00";"MA";10;140;"PORTO FRANCO";"Objeto estático sobre o leito carroçável";"Colisão com objeto";"Com Vítimas Feridas";"Pleno dia";"Decrescente";"Céu Claro";"Simples";"Reta";"Não";1;0;0;1;0;0;1;1;-6,490863;-47,383376;"SPRF-MA";"DEL04-MA";"UOP02-DEL04-MA"
354590;2020-12-30;"quarta-feira";"17:40:00";"PI";135;229;"COLONIA DO GURGUEIA";"Falta de Atenção à Condução";"Colisão frontal";"Sem Vítimas";"Anoitecer";"Crescente";"Céu Claro";"Simples";"Reta";"Sim";2;0;0;0;0;2;0;2;-8,19666999;-43,79343605;"SPRF-PI";"DEL03-PI";"UOP02-DEL03-PI"
355397;2020-08-01;"sábado";"05:30:00";"PR";277;41,5;"MORRETES";"Ausência de reação do condutor";"Queda de ocupante de veículo";"Com Vítimas Feridas";"Amanhecer";"Decrescente";"Ignorado";"Dupla";"Reta";"Não";2;0;1;0;1;0;1;2;-25,57183811;-48,83586205;"SPRF-PR";"DEL01-PR";"UOP05-DEL01-PR"
355541;2020-12-18;"sexta-feira";"23:55:00";"MG";267;302,3;"CAXAMBU";"Falta de Atenção à Condução";"Atropelamento de Pedestre";"Com Vítimas Feridas";"Plena Noite";"Crescente";"Ignorado";"Simples";"Curva";"Não";3;0;1;1;0;1;2;2;-21,95801194;-44,91451263;"SPRF-MG";"DEL17-MG";"UOP01-DEL17-MG"
355866;2020-12-31;"quinta-feira";"08:00:00";"MA";135;95;"ITAPECURU MIRIM";"Falta de Atenção à Condução";"Colisão lateral";"Com Vítimas Feridas";"Amanhecer";"Decrescente";"Céu Claro";"Simples";"Interseção de Vias";"Não";2;0;1;0;0;1;1;2;-3,3279719;-44,44236412;"SPRF-MA";"DEL01-MA";"UOP02-DEL01-MA"
355915;2020-08-11;"terça-feira";"18:40:00";"BA";330;788;"JEQUIE";"Falta de Atenção à Condução";"Colisão lateral";"Com Vítimas Feridas";"Plena Noite";"Decrescente";"Ignorado";"Simples";"Aclive";"Não";2;0;1;0;1;0;1;2;-13,88803096;-40,02893197;"SPRF-BA";"DEL03-BA";"UOP01-DEL03-BA"
356338;2020-11-01;"domingo";"12:00:00";"ES";259;44;"COLATINA";"Pista Escorregadia";"Saída de leito carroçável";"Com Vítimas Feridas";"Pleno dia";"Crescente";"Chuva";"Simples";"Reta";"Não";2;0;1;1;0;0;2;1;-19,54162011;-40,56859824;"SPRF-ES";"DEL02-ES";"UOP01-DEL02-ES"
356392;2020-08-22;"sábado";"21:30:00";"PA";230;121,7;"MARABA";"Desobediência às normas de trânsito pelo condutor";"Colisão transversal";"Com Vítimas Feridas";"Plena Noite";"Decrescente";"Céu Claro";"Dupla";"Reta";"Sim";5;0;0;1;4;0;1;2;-5,3680808;-49,12847757;"SPRF-PA";"DEL03-PA";"UOP01-DEL03-PA"
356882;2020-08-02;"domingo";"18:00:00";"PR";476;117,5;"COLOMBO";"Ingestão de Álcool";"Colisão com objeto estático";"Sem Vítimas";"Pleno dia";"Crescente";"Chuva";"Dupla";"Reta";"Sim";2;0;0;0;2;0;0;2;-25,3479271;-49,1730809;"SPRF-PR";"DEL01-PR";"UOP02-DEL01-PR"
356904;2020-01-18;"sábado";"11:20:00";"BA";116;13,5;"VITORIA DA CONQUISTA";"Desobediência às normas de trânsito pelo condutor";"Colisão traseira";"Sem Vítimas";"Plena Noite";"Crescente";"Céu Claro";"Simples";"Curva";"Sim";2;0;0;0;1;1;0;2;-14,89020699;-40,86970037;"SPRF-BA";"DEL08-BA";"UOP01-DEL08-BA"
357046;2020-04-08;"quarta-feira";"11:50:00";"BA";116;16,8;"VITORIA DA CONQUISTA";"Desobediência às normas de trânsito pelo condutor";"Colisão transversal";"Com Vítimas Feridas";"Pleno dia";"Decrescente";"Céu Claro";"Simples";"Interseção de Vias";"Sim";3;0;3;0;0;0;3;2;-14,90268989;-40,84487736;"SPRF-BA";"DEL08-BA";"UOP01-DEL08-BA"
357053;2020-09-19;"sábado";"20:40:00";"BA";116;15;"VITORIA DA CONQUISTA";"Falta de Atenção à Condução";"Colisão frontal";"Com Vítimas Feridas";"Plena Noite";"Crescente";"Céu Claro";"Simples";"Reta";"Sim";3;0;1;0;1;1;1;2;-14,94131744;-40,98535538;"SPRF-BA";"DEL08-BA";"UOP01-DEL08-BA"
357092;2020-12-14;"segunda-feira";"20:40:00";"GO";40;7,5;"LUZIANIA";"Falta de Atenção do Pedestre";"Atropelamento de Pedestre";"Com Vítimas Feridas";"Plena Noite";"Crescente";"Céu Claro";"Dupla";"Reta";"Sim";3;0;0;1;2;0;1;2;-16,11231297;-47,97008699;"SPRF-DF";"DEL01-DF";"UOP01-DEL01-DF"
357157;2020-09-03;"quinta-feira";"00:00:00";"RS";116;427;"CRISTAL";"Ingestão de Álcool";"Atropelamento de Pedestre";"Com Vítimas Feridas";"Plena Noite";"Crescente";"Céu Claro";"Simples";"Reta";"Sim";2;0;1;1;0;0;2;2;-30,99035;-52,038357;"SPRF-RS";"DEL02-RS";"UOP02-DEL02-RS"
357169;2020-10-19;"segunda-feira";"23:08:00";"RJ";116;169;"SAO JOAO DE MERITI";"Animais na Pista";"Atropelamento de Animal";"Com Vítimas Feridas";"Plena Noite";"Crescente";"Ignorado";"Múltipla";"Reta";"Não";1;0;1;0;0;0;1;1;-22,78617231;-43,37808967;"SPRF-RJ";"DEL01-RJ";"UOP02-DEL01-RJ"
358018;2020-12-31;"quinta-feira";"19:10:00";"RN";110;123;"AUGUSTO SEVERO";"Animais na Pista";"Capotamento";"Com Vítimas Feridas";"Plena Noite";"Crescente";"Ignorado";"Simples";"Reta";"Não";2;0;1;0;0;1;1;2;-5,825289;-37,303065;"SPRF-RN";"DEL04-RN";"UOP01-DEL04-RN"
358486;2020-03-08;"domingo";"11:15:00";"MG";459;64,9;"SENADOR JOSE BENTO";"Falta de Atenção à Condução";"Saída de leito carroçável";"Com Vítimas Feridas";"Pleno dia";"Crescente";"Céu Claro";"Simples";"Curva";"Não";1;0;0;1;0;0;1;1;-22,131074;-46,18222;"SPRF-MG";"DEL09-MG";"UOP01-DEL09-MG"
358759;2020-12-23;"quarta-feira";"08:45:00";"PR";476;137;"CURITIBA";"Pista Escorregadia";"Queda de ocupante de veículo";"Com Vítimas Feridas";"Pleno dia";"Crescente";"Ignorado";"Múltipla";"Reta";"Sim";1;0;1;0;0;0;1;1;-25,536752;-49,301428;"SPRF-PR";"DEL01-PR";"UOP03-DEL01-PR"
358876;2020-03-05;"quinta-feira";"10:50:00";"PE";232;408,7;"SERRA TALHADA";"Desobediência às normas de trânsito pelo condutor";"Colisão transversal";"Com Vítimas Feridas";"Pleno dia";"Decrescente";"Sol";"Simples";"Interseção de Vias";"Não";3;0;0;2;0;1;2;2;-7,98335397;-38,28252554;"SPRF-PE";"DEL04-PE";"UOP01-DEL04-PE"
359228;2020-01-12;"domingo";"22:20:00";"BA";116;17;"VITORIA DA CONQUISTA";"Desobediência às normas de trânsito pelo condutor";"Colisão transversal";"Com Vítimas Feridas";"Plena Noite";"Crescente";"Céu Claro";"Simples";"Curva";"Sim";3;0;2;0;1;0;2;2;-14,90213;-40,84069;"SPRF-BA";"DEL08-BA";"UOP01-DEL08-BA"
359401;2020-09-05;"sábado";"16:15:00";"SC";282;372;"ERVAL VELHO";"Ingestão de Álcool";"Saída de leito carroçável";"Com Vítimas Feridas";"Pleno dia";"Crescente";"Céu Claro";"Simples";"Aclive;Reta";"Não";1;0;0;1;0;0;1;1;-27,251827;-51,446991;"SPRF-SC";"DEL07-SC";"UOP05-DEL07-SC"
359854;2020-10-03;"sábado";"20:10:00";"PR";476;119;"CURITIBA";"Acesso irregular";"Atropelamento de Pedestre";"Com Vítimas Feridas";"Plena Noite";"Crescente";"Ignorado";"Simples";"Reta";"Sim";2;0;0;1;0;1;1;2;-25,4557498;-49,2511995;"SPRF-PR";"DEL01-PR";"UOP02-DEL01-PR"
359858;2020-09-11;"sexta-feira";"12:50:00";"RJ";393;298;"BARRA MANSA";"Condutor deixou de manter distância do veículo da frente";"Colisão traseira";"Com Vítimas Feridas";"Pleno dia";"Decrescente";"Céu Claro";"Simples";"Reta";"Sim";2;0;0;1;0;1;1;2;-22,55794303;-44,11594391;"SPRF-RJ";"DEL07-RJ";"UOP02-DEL07-RJ"
359955;2020-06-17;"quarta-feira";"22:00:00";"SC";101;134;"BALNEARIO CAMBORIU";"Falta de Atenção à Condução";"Saída de leito carroçável";"Com Vítimas Feridas";"Plena Noite";"Crescente";"Nublado";"Múltipla";"Reta";"Sim";3;0;0;3;0;0;3;1;-27,00218;-48,636433;"SPRF-SC";"DEL04-SC";"UOP03-DEL04-SC"
360049;2020-12-14;"segunda-feira";"08:00:00";"RJ";465;3;"SEROPEDICA";"Falta de Atenção à Condução";"Atropelamento de Pedestre";"Com Vítimas Feridas";"Pleno dia";"Decrescente";"Céu Claro";"Simples";"Reta";"Sim";2;0;1;0;1;0;1;2;-22,73427;-43,711994;"SPRF-RJ";"DEL01-RJ";"UOP03-DEL01-RJ"
360325;2020-02-14;"sexta-feira";"17:40:00";"GO";70;33,1;"COCALZINHO DE GOIAS";"Velocidade Incompatível";"Colisão frontal";"Com Vítimas Fatais";"Pleno dia";"Crescente";"Chuva";"Simples";"Aclive;Reta";"Não";7;4;1;2;0;0;3;2;-15,7823929;-48,47362212;"SPRF-DF";"DEL03-DF";"UOP02-DEL03-DF"
360392;2020-12-28;"segunda-feira";"15:40:00";"SC";101;111,6;"NAVEGANTES";"Condutor deixou de manter distância do veículo da frente";"Colisão lateral";"Com Vítimas Feridas";"Pleno dia";"Crescente";"Nublado";"Dupla";"Ponte";"Não";2;0;1;0;1;0;1;2;-26,83955734;-48,71418074;"SPRF-SC";"DEL04-SC";"UOP04-DEL04-SC"
360419;2020-06-22;"segunda-feira";"20:30:00";"BA";101;185,8;"SAO GONCALO DOS CAMPOS";"Ultrapassagem Indevida";"Saída de leito carroçável";"Com Vítimas Feridas";"Plena Noite";"Crescente";"Chuva";"Simples";"Reta";"Não";5;0;4;0;0;1;4;2;-12,468277;-38,97831256;"SPRF-BA";"DEL01-BA";"UOP03-DEL01-BA"
360814;2020-12-27;"domingo";"20:50:00";"PR";116;62;"CAMPINA GRANDE DO SUL";"Desobediência às normas de trânsito pelo pedestre";"Atropelamento de Pedestre";"Com Vítimas Fatais";"Plena Noite";"Crescente";"Nublado";"Dupla";"Reta";"Não";2;1;0;0;1;0;0;2;-25,30561332;-48,9732999;"SPRF-PR";"DEL01-PR";"UOP02-DEL01-PR"
360939;2020-12-17;"quinta-feira";"16:00:00";"BA";116;16,6;"VITORIA DA CONQUISTA";"Falta de Atenção à Condução";"Colisão transversal";"Com Vítimas Feridas";"Pleno dia";"Decrescente";"Céu Claro";"Simples";"Interseção de Vias";"Sim";2;0;1;0;1;0;1;2;-14,902355;-40,844827;"SPRF-BA";"DEL08-BA";"UOP01-DEL08-BA"
361197;2020-08-20;"quinta-feira";"16:40:00";"BA";101;288;"LAJE";"Velocidade Incompatível";"Saída de leito carroçável";"Com Vítimas Feridas";"Pleno dia";"Crescente";"Céu Claro";"Simples";"Reta";"Não";2;0;1;1;0;0;2;1;-13,20251256;-39,32693481;"SPRF-BA";"DEL01-BA";"UOP02-DEL01-BA"
361339;2020-05-16;"sábado";"20:25:00";"RN";304;306;"PARNAMIRIM";"Não guardar distância de segurança";"Colisão traseira";"Sem Vítimas";"Plena Noite";"Crescente";"Céu Claro";"Dupla";"Reta";"Sim";2;0;0;0;1;1;0;2;-5,888899;-35,26815;"SPRF-RN";"DEL01-RN";"UOP02-DEL01-RN"
361806;2020-12-13;"domingo";"17:50:00";"PR";153;347;"REBOUCAS";"Velocidade Incompatível";"Saída de leito carroçável";"Com Vítimas Feridas";"Pleno dia";"Decrescente";"Céu Claro";"Simples";"Curva";"Não";1;0;0;1;0;0;1;1;-25,58752406;-50,68369054;"SPRF-PR";"DEL03-PR";"UOP03-DEL03-PR"
361811;2020-09-18;"sexta-feira";"17:35:00";"SC";282;16,4;"PALHOCA";"Desobediência às normas de trânsito pelo condutor";"Colisão transversal";"Com Vítimas Feridas";"Pleno dia";"Crescente";"Nublado";"Simples";"Reta";"Sim";4;0;0;1;2;1;1;3;-27,658611;-48,681847;"SPRF-SC";"DEL01-SC";"UOP02-DEL01-SC"
362764;2020-06-14;"domingo";"16:50:00";"GO";153;644,8;"MORRINHOS";"Falta de Atenção à Condução";"Atropelamento de Pedestre";"Com Vítimas Feridas";"Pleno dia";"Decrescente";"Céu Claro";"Dupla";"Aclive";"Não";5;0;0;1;1;3;1;2;-17,9146;-49,2398;"SPRF-GO";"DEL03-GO";"UOP01-DEL03-GO"
362882;2020-11-25;"quarta-feira";"10:22:00";"SP";153;76;"BADY BASSITT";"Desobediência às normas de trânsito pelo condutor";"Colisão transversal";"Com Vítimas Feridas";"Pleno dia";"Crescente";"Céu Claro";"Simples";"Declive";"Não";4;0;0;2;2;0;2;2;-20,89941041;-49,4431879;"SPRF-SP";"DEL09-SP";"UOP01-DEL09-SP"
363063;2020-02-23;"domingo";"06:45:00";"BA";324;610;"SIMOES FILHO";"Defeito Mecânico no Veículo";"Queda de ocupante de veículo";"Com Vítimas Feridas";"Pleno dia";"Decrescente";"Céu Claro";"Dupla";"Reta";"Sim";2;0;2;0;0;0;2;1;-12,82931703;-38,41113193;"SPRF-BA";"DEL01-BA";"UOP01-DEL01-BA"
363250;2020-07-29;"quarta-feira";"16:00:00";"BA";324;622;"SALVADOR";"Reação tardia ou ineficiente do condutor";"Queda de ocupante de veículo";"Com Vítimas Feridas";"Pleno dia";"Crescente";"Céu Claro";"Múltipla";"Curva";"Sim";1;0;0;1;0;0;1;1;-12,92891495;-38,46921097;"SPRF-BA";"DEL01-BA";"UOP01-DEL01-BA"
363428;2020-08-22;"sábado";"15:30:00";"RO";364;429;"JARU";"Ingestão de Álcool";"Colisão traseira";"Sem Vítimas";"Pleno dia";"Decrescente";"Céu Claro";"Simples";"Reta;Aclive";"Não";3;0;0;0;3;0;0;2;-10,41628317;-62,5026501;"SPRF-RO";"DEL03-RO";"UOP02-DEL03-RO"
364196;2020-01-16;"quinta-feira";"13:00:00";"PR";277;250,6;"IRATI";"Pista Escorregadia";"Saída de leito carroçável";"Com Vítimas Feridas";"Pleno dia";"Crescente";"Chuva";"Simples";"Reta";"Não";1;0;0;1;0;0;1;1;-25,453166;-50,651406;"SPRF-PR";"DEL03-PR";"UOP03-DEL03-PR"
364322;2020-05-09;"sábado";"00:15:00";"GO";40;96;"CRISTALINA";"Iluminação deficiente";"Colisão traseira";"Sem Vítimas";"Plena Noite";"Decrescente";"Céu Claro";"Simples";"Reta";"Não";2;0;0;0;2;0;0;1;-16,78231403;-47,59140015;"SPRF-DF";"DEL01-DF";"UOP02-DEL01-DF"
364377;2020-04-05;"domingo";"20:30:00";"BA";116;9;"VITORIA DA CONQUISTA";"Ingestão de Álcool";"Colisão traseira";"Sem Vítimas";"Plena Noite";"Crescente";"Chuva";"Simples";"Reta";"Sim";5;0;0;0;5;0;0;2;-14,856455;-40,878815;"SPRF-BA";"DEL08-BA";"UOP01-DEL08-BA"
364457;2020-12-17;"quinta-feira";"13:20:00";"RJ";101;308;"SAO GONCALO";"Falta de Atenção à Condução";"Engavetamento";"Sem Vítimas";"Pleno dia";"Decrescente";"Céu Claro";"Dupla";"Reta";"Sim";3;0;0;0;2;1;0;3;-22,79309326;-43,02479595;"SPRF-RJ";"DEL02-RJ";"UOP02-DEL02-RJ"
364810;2020-09-12;"sábado";"23:50:00";"BA";116;11,5;"VITORIA DA CONQUISTA";"Ingestão de Álcool";"Colisão lateral";"Com Vítimas Feridas";"Plena Noite";"Decrescente";"Nublado";"Simples";"Interseção de Vias";"Sim";3;0;1;0;2;0;1;2;-14,87308214;-40,87141514;"SPRF-BA";"DEL08-BA";"UOP01-DEL08-BA"
364812;2020-10-02;"sexta-feira";"17:20:00";"MG";381;451;"SABARA";"Falta de Atenção à Condução";"Atropelamento de Pedestre";"Com Vítimas Feridas";"Anoitecer";"Crescente";"Céu Claro";"Simples";"Curva";"Não";2;0;1;1;0;0;2;2;-19,83264132;-43,84600639;"SPRF-MG";"DEL01-MG";"UOP01-DEL01-MG"
364817;2020-10-30;"sexta-feira";"10:30:00";"BA";116;14,3;"VITORIA DA CONQUISTA";"Falta de Atenção à Condução";"Colisão lateral";"Com Vítimas Feridas";"Pleno dia";"Decrescente";"Nublado";"Simples";"Reta";"Sim";4;0;2;0;2;0;2;2;-14,89597653;-40,86098671;"SPRF-BA";"DEL08-BA";"UOP01-DEL08-BA"
364835;2020-09-20;"domingo";"23:00:00";"BA";116;8;"VITORIA DA CONQUISTA";"Velocidade Incompatível";"Queda de ocupante de veículo";"Com Vítimas Feridas";"Plena Noite";"Decrescente";"Nublado";"Simples";"Reta";"Sim";1;0;1;0;0;0;1;1;-14,84732305;-40,88634968;"SPRF-BA";"DEL08-BA";"UOP01-DEL08-BA"
364903;2020-10-31;"sábado";"02:10:00";"BA";116;3;"VITORIA DA CONQUISTA";"Animais na Pista";"Atropelamento de Animal";"Com Vítimas Feridas";"Plena Noite";"Decrescente";"Céu Claro";"Simples";"Reta";"Não";1;0;0;1;0;0;1;1;-14,824848;-40,861311;"SPRF-BA";"DEL08-BA";"UOP01-DEL08-BA"
365531;2020-09-18;"sexta-feira";"12:40:00";"SC";101;136;"BALNEARIO CAMBORIU";"Falta de Atenção à Condução";"Colisão traseira";"Com Vítimas Feridas";"Pleno dia";"Decrescente";"Céu Claro";"Múltipla";"Interseção de Vias";"Sim";2;0;1;0;0;1;1;2;-27,008113;-48,617245;"SPRF-SC";"DEL04-SC";"UOP03-DEL04-SC"