"id";"data_inversa";"dia_semana";"horario";"uf";"br";"km";"municipio";"causa_acidente";"tipo_acidente";"classificacao_acidente";"fase_dia";"sentido_via";"condicao_metereologica";"tipo_pista";"tracado_via";"uso_solo";"pessoas";"mortos";"feridos_leves";"feridos_graves";"ilesos";"ignorados";"feridos";"veiculos";"latitude";"longitude";"regional";"delegacia";"uop"
365916;2020-05-21;"quinta-feira";"16:50:00";"RS";386;379,1;"TAQUARI";"Defeito na Via";"Saída de leito carroçável";"Sem Vítimas";"Anoitecer";"Crescente";"Chuva";"Dupla";"Aclive;Curva";"Não";2;0;0;0;2;0;0;1;-29,644915;-51,766876;"SPRF-RS";"DEL04-RS";"UOP02-DEL04-RS"
365935;2020-06-19;"sexta-feira";"15:45:00";"ES";101;71,5;"SAO MATEUS";"Ingestão de Álcool";"Colisão traseira";"Com Vítimas Feridas";"Pleno dia";"Decrescente";"Céu Claro";"Simples";"Reta";"Sim";2;0;1;0;1;0;1;2;-18,753513;-39,862598;"SPRF-ES";"DEL04-ES";"UOP02-DEL04-ES"
365988;2020-10-24;"sábado";"15:45:00";"MG";365;5;"MONTES CLAROS";"Pista Escorregadia";"Colisão frontal";"Com Vítimas Feridas";"Pleno dia";"Crescente";"Chuva";"Simples";"Curva";"Não";2;0;1;0;1;0;1;2;-16,74574399;-43,88392402;"SPRF-MG";"DEL12-MG";"UOP01-DEL12-MG"
367144;2020-09-20;"domingo";"18:40:00";"CE";222;81,7;"UMIRIM";"Ingestão de Álcool";"Colisão frontal";"Sem Vítimas";"Plena Noite";"Crescente";"Ignorado";"Simples";"Reta";"Não";2;0;0;0;2;0;0;2;-3,67483817;-39,25953305;"SPRF-CE";"DEL04-CE";"UOP03-DEL04-CE"
367189;2020-09-18;"sexta-feira";"18:00:00";"CE";116;220;"SAO JOAO DO JAGUARIBE";"Acessar a via sem observar a presença dos outros veículos";"Atropelamento de Pedestre";"Com Vítimas Feridas";"Anoitecer";"Decrescente";"Céu Claro";"Simples";"Reta";"Não";4;0;0;2;0;2;2;2;-5,33925001;-38,18936687;"SPRF-CE";"DEL03-CE";"UOP01-DEL03-CE"
367359;2020-02-16;"domingo";"07:00:00";"MT";163;813;"SINOP";"Falta de Atenção à Condução";"Saída de leito carroçável";"Sem Vítimas";"Amanhecer";"Crescente";"Céu Claro";"Simples";"Reta";"Não";1;0;0;0;0;1;0;1;-12,18052509;-55,52606686;"SPRF-MT";"DEL06-MT";"UOP01-DEL06-MT"
367526;2020-08-03;"segunda-feira";"11:24:00";"PR";376;172,8;"MARINGA";"Ausência de reação do condutor";"Tombamento";"Com Vítimas Feridas";"Pleno dia";"Crescente";"Ignorado";"Simples";"Interseção de Vias;Rotatória";"Sim";1;0;0;1;0;0;1;1;-23,41852333;-51,97171753;"SPRF-PR";"DEL09-PR";"UOP01-DEL09-PR"
367541;2020-02-08;"sábado";"15:45:00";"RJ";465;19,8;"NOVA IGUACU";"Desobediência às normas de trânsito pelo condutor";"Colisão lateral";"Com Vítimas Fatais";"Pleno dia";"Decrescente";"Céu Claro";"Simples";"Reta";"Sim";4;2;0;0;2;0;0;3;-22,839184;-43,610451;"SPRF-RJ";"DEL03-RJ";"UOP01-DEL03-RJ"
367747;2020-12-20;"domingo";"20:30:00";"SC";101;103;"BALNEARIO PICARRAS";"Falta de Atenção à Condução";"Colisão traseira";"Com Vítimas Feridas";"Plena Noite";"Crescente";"Céu Claro";"Simples";"Reta";"Sim";2;0;0;2;0;0;2;2;-26,7832381;-48,68314632;"SPRF-SC";"DEL03-SC";"UOP02-DEL03-SC"
368219;2020-08-03;"segunda-feira";"16:24:00";"PI";343;2,9;"TERESINA";"Não guardar distância de segurança";"Colisão traseira";"Sem Vítimas";"Pleno dia";"Crescente";"Céu Claro";"Dupla";"Reta";"Sim";2;0;0;0;1;1;0;2;-5,089569;-42,802288;"SPRF-PI";"DEL01-PI";"UOP01-DEL01-PI"
368345;2020-02-28;"sexta-feira";"14:20:00";"BA";330;799,1;"JEQUIE";"Falta de Atenção à Condução";"Colisão transversal";"Com Vítimas Feridas";"Pleno dia";"Decrescente";"Céu Claro";"Simples";"Aclive";"Não";3;0;0;2;1;0;2;2;-13,94704706;-39,97659506;"SPRF-BA";"DEL03-BA";"UOP01-DEL03-BA"
368749;2020-02-04;"terça-feira";"19:35:00";"BA";116;13;"VITORIA DA CONQUISTA";"Falta de Atenção à Condução";"Colisão transversal";"Com Vítimas Feridas";"Plena Noite";"Crescente";"Céu Claro";"Simples";"Reta";"Sim";5;0;3;0;2;0;3;2;-14,884635;-40,8707;"SPRF-BA";"DEL08-BA";"UOP01-DEL08-BA"
368755;2020-06-03;"quarta-feira";"19:25:00";"BA";116;12;"VITORIA DA CONQUISTA";"Falta de Atenção à Condução";"Colisão transversal";"Com Vítimas Feridas";"Plena Noite";"Crescente";"Céu Claro";"Simples";"Reta";"Sim";2;0;0;1;1;0;1;2;-14,875762;-40,87135;"SPRF-BA";"DEL08-BA";"UOP01-DEL08-BA"
368888;2020-11-03;"terça-feira";"21:20:00";"SC";0;0;"SAO JOSE";"Reação tardia ou ineficiente do condutor";"Colisão lateral sentido oposto";"Sem Vítimas";"Plena Noite";"Não Informado";"Céu Claro";"Simples";"Interseção de Vias";"Sim";2;0;0;0;2;0;0;2;-27,5531063;-48,62397015;"SPRF-SC";"DEL01-SC";"UOP01-DEL01-SC"
369363;2020-09-22;"terça-feira";"08:00:00";"PR";158;526;"PATO BRANCO";"Demais Fenômenos da natureza";"Eventos atípicos";"Com Vítimas Feridas";"Pleno dia";"Crescente";"Ignorado";"Simples";"Curva";"Não";2;0;1;0;1;0;1;1;-26,15962508;-52,66289367;"SPRF-PR";"DEL02-PR";"UOP01-DEL02-PR"
369804;2020-10-31;"sábado";"08:00:00";"ES";259;86,9;"BAIXO GUANDU";"Falta de Atenção à Condução";"Saída de leito carroçável";"Com Vítimas Feridas";"Pleno dia";"Decrescente";"Chuva";"Simples";"Reta";"Não";2;0;0;2;0;0;2;1;-19,51271481;-40,88594617;"SPRF-ES";"DEL02-ES";"UOP01-DEL02-ES"
369846;2020-12-16;"quarta-feira";"15:30:00";"BA";324;537;"AMELIA RODRIGUES";"Desobediência às normas de trânsito pelo condutor";"Colisão traseira";"Com Vítimas Feridas";"Pleno dia";"Decrescente";"Céu Claro";"Dupla";"Reta";"Não";6;0;1;0;5;0;1;2;-12,36902201;-38,81384601;"SPRF-BA";"DEL01-BA";"UOP03-DEL01-BA"
370392;2020-07-10;"sexta-feira";"17:15:00";"RO";319;57;"PORTO VELHO";"Falta de Atenção à Condução";"Colisão lateral";"Com Vítimas Feridas";"Anoitecer";"Decrescente";"Céu Claro";"Simples";"Curva";"Não";3;0;1;1;1;0;2;2;-8,739714;-63,93214024;"SPRF-RO";"DEL01-RO";"UOP01-DEL01-RO"
370420;2020-11-11;"quarta-feira";"18:50:00";"RO";364;696;"CANDEIAS DO JAMARI";"Defeito Mecânico no Veículo";"Queda de ocupante de veículo";"Com Vítimas Feridas";"Plena Noite";"Crescente";"Céu Claro";"Dupla";"Reta";"Não";1;0;1;0;0;0;1;1;-8,80046896;-63,725947;"SPRF-RO";"DEL01-RO";"UOP01-DEL01-RO"
370575;2020-10-02;"sexta-feira";"01:30:00";"PR";376;174,7;"MARINGA";"Acumulo de areia ou detritos sobre o pavimento";"Queda de ocupante de veículo";"Com Vítimas Feridas";"Plena Noite";"Decrescente";"Céu Claro";"Dupla";"Reta";"Sim";1;0;0;1;0;0;1;1;-23,41600589;-51,9546498;"SPRF-PR";"DEL09-PR";"UOP01-DEL09-PR"
370654;2020-11-29;"domingo";"13:20:00";"TO";153;435;"MIRACEMA DO TOCANTINS";"Mal Súbito";"Saída de leito carroçável";"Com Vítimas Feridas";"Pleno dia";"Crescente";"Céu Claro";"Simples";"Reta";"Não";2;0;1;1;0;0;2;1;-9,66745377;-48,64691041;"SPRF-TO";"DEL01-TO";"UOP01-DEL01-TO"
370954;2020-09-23;"quarta-feira";"08:20:00";"SP";116;210;"GUARULHOS";"Não guardar distância de segurança";"Colisão traseira";"Com Vítimas Feridas";"Pleno dia";"Crescente";"Nublado";"Múltipla";"Reta";"Sim";2;0;1;0;1;0;1;2;-23,42870023;-46,41085991;"SPRF-SP";"DEL01-SP";"UOP01-DEL01-SP"
371667;2020-10-29;"quinta-feira";"06:45:00";"ES";101;293;"CARIACICA";"Manobra de mudança de faixa";"Colisão com objeto";"Com Vítimas Feridas";"Pleno dia";"Crescente";"Ignorado";"Múltipla";"Em Obras";"Sim";2;0;0;1;1;0;1;2;-20,31535276;-40,3959205;"SPRF-ES";"DEL01-ES";"UOP01-DEL01-ES"
371727;2020-09-13;"domingo";"08:30:00";"PR";376;220,9;"CAMBIRA";"Desobediência às normas de trânsito pelo condutor";"Saída de leito carroçável";"Sem Vítimas";"Pleno dia";"Crescente";"Céu Claro";"Simples";"Curva";"Não";1;0;0;0;0;1;0;1;-23,60241541;-51,59826198;"SPRF-PR";"DEL09-PR";"UOP01-DEL09-PR"
372141;2020-02-22;"sábado";"18:00:00";"SC";280;56;"GUARAMIRIM";"Ingestão de Álcool";"Colisão frontal";"Com Vítimas Fatais";"Pleno dia";"Crescente";"Céu Claro";"Simples";"Curva";"Sim";9;1;1;5;1;1;6;4;-26,57115663;-48,95807482;"SPRF-SC";"DEL03-SC";"UOP03-DEL03-SC"
372301;2020-05-13;"quarta-feira";"12:30:00";"ES";259;30;"COLATINA";"Mal Súbito";"Queda de ocupante de veículo";"Com Vítimas Feridas";"Pleno dia";"Crescente";"Céu Claro";"Simples";"Curva";"Sim";1;0;1;0;0;0;1;1;-19,59524502;-40,50646804;"SPRF-ES";"DEL02-ES";"UOP01-DEL02-ES"
372345;2020-07-10;"sexta-feira";"13:15:00";"RJ";116;164;"RIO DE JANEIRO";"Desobediência às normas de trânsito pelo condutor";"Colisão lateral";"Sem Vítimas";"Pleno dia";"Decrescente";"Céu Claro";"Múltipla";"Reta";"Sim";2;0;0;0;1;1;0;2;-22,81074068;-43,28844363;"SPRF-RJ";"DEL01-RJ";"UOP01-DEL01-RJ"
373100;2020-07-10;"sexta-feira";"23:30:00";"PI";135;125;"BERTOLINIA";"Falta de Atenção à Condução";"Tombamento";"Com Vítimas Fatais";"Plena Noite";"Crescente";"Céu Claro";"Dupla";"Interseção de Vias";"Não";2;1;0;0;0;1;0;2;-7,64924818;-43,95374537;"SPRF-PI";"DEL03-PI";"UOP01-DEL03-PI"
373284;2020-12-05;"sábado";"19:30:00";"PR";376;3,8;"MANDAGUARI";"Manobra de mudança de faixa";"Colisão transversal";"Com Vítimas Feridas";"Plena Noite";"Crescente";"Ignorado";"Simples";"Reta";"Sim";2;0;0;1;1;0;1;2;-23,51734;-51,685005;"SPRF-PR";"DEL09-PR";"UOP01-DEL09-PR"
373917;2020-12-31;"quinta-feira";"06:40:00";"ES";101;66,9;"SAO MATEUS";"Falta de Atenção à Condução";"Colisão lateral";"Sem Vítimas";"Pleno dia";"Crescente";"Céu Claro";"Múltipla";"Reta";"Não";2;0;0;0;2;0;0;2;-18,7165195;-39,87436378;"SPRF-ES";"DEL04-ES";"UOP02-DEL04-ES"
374031;2020-09-08;"terça-feira";"18:10:00";"PR";376;177;"MARINGA";"Acessar a via sem observar a presença dos outros veículos";"Queda de ocupante de veículo";"Com Vítimas Feridas";"Anoitecer";"Crescente";"Ignorado";"Dupla";"Reta";"Sim";2;0;1;0;1;0;1;1;-23,41524042;-51,92483068;"SPRF-PR";"DEL09-PR";"UOP01-DEL09-PR"
374215;2020-10-09;"sexta-feira";"16:45:00";"RN";101;83,6;"NATAL";"Reação tardia ou ineficiente do condutor";"Queda de ocupante de veículo";"Com Vítimas Feridas";"Pleno dia";"Decrescente";"Céu Claro";"Dupla";"Reta";"Sim";1;0;0;1;0;0;1;1;-5,7710445;-35,26616981;"SPRF-RN";"DEL02-RN";"UOP01-DEL02-RN"
374220;2020-02-16;"domingo";"20:00:00";"MG";381;446;"SABARA";"Falta de Atenção do Pedestre";"Colisão lateral";"Com Vítimas Feridas";"Plena Noite";"Decrescente";"Nublado";"Simples";"Reta";"Não";2;0;1;0;1;0;1;2;-19,82950465;-43,84255613;"SPRF-MG";"DEL01-MG";"UOP01-DEL01-MG"
374222;2020-12-27;"domingo";"15:15:00";"RO";364;28;"VILHENA";"Falta de Atenção à Condução";"Queda de ocupante de veículo";"Com Vítimas Feridas";"Pleno dia";"Crescente";"Céu Claro";"Simples";"Reta";"Não";1;0;0;1;0;0;1;1;-12,79069361;-60,35954018;"SPRF-RO";"DEL04-RO";"UOP01-DEL04-RO"
374478;2020-07-25;"sábado";"17:30:00";"RS";116;143,7;"CAXIAS DO SUL";"Velocidade Incompatível";"Colisão transversal";"Com Vítimas Feridas";"Pleno dia";"Crescente";"Céu Claro";"Dupla";"Curva";"Sim";3;0;1;0;2;0;1;2;-29,12562257;-51,1270237;"SPRF-RS";"DEL05-RS";"UOP01-DEL05-RS"
374772;2020-01-30;"quinta-feira";"07:30:00";"CE";222;2,6;"CAUCAIA";"Animais na Pista";"Colisão traseira";"Com Vítimas Feridas";"Pleno dia";"Crescente";"Nublado";"Dupla";"Reta";"Sim";4;0;0;2;2;0;2;3;-3,73911117;-38,58687498;"SPRF-CE";"DEL01-CE";"UOP01-DEL01-CE"
375623;2020-11-04;"quarta-feira";"19:30:00";"RJ";116;293;"PORTO REAL";"Falta de Atenção à Condução";"Colisão traseira";"Com Vítimas Feridas";"Plena Noite";"Decrescente";"Nublado";"Dupla";"Reta";"Sim";4;0;1;0;3;0;1;2;-22,44926905;-44,32346106;"SPRF-RJ";"DEL07-RJ";"UOP02-DEL07-RJ"
375943;2020-07-24;"sexta-feira";"07:40:00";"PE";428;138;"LAGOA GRANDE";"Ausência de reação do condutor";"Capotamento";"Com Vítimas Feridas";"Pleno dia";"Crescente";"Ignorado";"Simples";"Reta";"Não";3;0;0;1;0;2;1;2;-8,98338872;-40,25496316;"SPRF-PE";"DEL06-PE";"UOP03-DEL06-PE"
376071;2020-11-27;"sexta-feira";"18:30:00";"PR";277;715,2;"SANTA TEREZINHA DE ITAIPU";"Falta de Atenção à Condução";"Queda de ocupante de veículo";"Com Vítimas Feridas";"Pleno dia";"Decrescente";"Céu Claro";"Dupla";"Reta";"Sim";1;0;1;0;0;0;1;1;-25,46882758;-54,45810922;"SPRF-PR";"DEL05-PR";"UOP01-DEL05-PR"
376715;2020-10-01;"quinta-feira";"06:20:00";"ES";101;321,5;"GUARAPARI";"Reação tardia ou ineficiente do condutor";"Colisão com objeto";"Com Vítimas Feridas";"Amanhecer";"Crescente";"Céu Claro";"Simples";"Viaduto";"Sim";2;0;0;1;0;1;1;2;-20,520908;-40,478306;"SPRF-ES";"DEL03-ES";"UOP01-DEL03-ES"
377669;2020-10-01;"quinta-feira";"08:40:00";"RO";364;343;"JI-PARANA";"Falta de Atenção à Condução";"Colisão traseira";"Sem Vítimas";"Pleno dia";"Crescente";"Céu Claro";"Dupla";"Reta";"Sim";2;0;0;0;2;0;0;2;-10,8787851919;-61,9449901218;"SPRF-RO";"DEL02-RO";"UOP01-DEL02-RO"
378057;2020-09-25;"sexta-feira";"15:15:00";"ES";482;85,4;"ALEGRE";"Falta de Atenção à Condução";"Colisão transversal";"Com Vítimas Feridas";"Pleno dia";"Decrescente";"Céu Claro";"Simples";"Curva;Aclive";"Não";2;0;0;1;1;0;1;2;-20,76165603;-41,54262199;"SPRF-ES";"DEL03-ES";"UOP02-DEL03-ES"
379220;2020-05-26;"terça-feira";"15:30:00";"PR";277;454,5;"LARANJEIRAS DO SUL";"Falta de Atenção à Condução";"Colisão lateral";"Com Vítimas Feridas";"Pleno dia";"Decrescente";"Céu Claro";"Simples";"Reta";"Sim";5;0;3;0;2;0;3;2;-25,36980336;-52,37913399;"SPRF-PR";"DEL04-PR";"UOP02-DEL04-PR"
379399;2020-10-31;"sábado";"06:38:00";"PR";376;615;"SAO JOSE DOS PINHAIS";"Falta de Atenção à Condução";"Capotamento";"Com Vítimas Feridas";"Pleno dia";"Crescente";"Nublado";"Dupla";"Reta";"Sim";4;0;1;0;3;0;1;1;-25,569237;-49,183735;"SPRF-PR";"DEL01-PR";"UOP01-DEL01-PR"
379832;2020-05-15;"sexta-feira";"20:30:00";"PA";230;114;"MARABA";"Condutor deixou de manter distância do veículo da frente";"Colisão traseira";"Com Vítimas Feridas";"Plena Noite";"Crescente";"Céu Claro";"Dupla";"Reta";"Não";2;0;1;0;1;0;1;2;-5,355886;-49,079418;"SPRF-PA";"DEL03-PA";"UOP01-DEL03-PA"
380064;2020-10-04;"domingo";"08:30:00";"BA";101;539;"SAO JOSE DA VITORIA";"Desobediência às normas de trânsito pelo condutor";"Colisão lateral";"Com Vítimas Feridas";"Pleno dia";"Crescente";"Céu Claro";"Simples";"Curva";"Não";4;0;1;1;1;1;2;2;-15,15763647;-39,41207886;"SPRF-BA";"DEL05-BA";"UOP01-DEL05-BA"
380097;2020-12-07;"segunda-feira";"10:15:00";"BA";242;568;"IBOTIRAMA";"Falta de Atenção à Condução";"Queda de ocupante de veículo";"Com Vítimas Feridas";"Pleno dia";"Decrescente";"Céu Claro";"Simples";"Curva";"Não";2;0;1;1;0;0;2;1;-12,086294;-43,132922;"SPRF-BA";"DEL06-BA";"UOP03-DEL06-BA"
380322;2020-07-02;"quinta-feira";"17:50:00";"RS";386;352,6;"ESTRELA";"Desobediência às normas de trânsito pelo condutor";"Colisão transversal";"Com Vítimas Feridas";"Plena Noite";"Crescente";"Nublado";"Dupla";"Reta";"Não";3;0;2;0;1;0;2;2;-29,491436;-51,95174;"SPRF-RS";"DEL04-RS";"UOP02-DEL04-RS"
380460;2020-01-25;"sábado";"21:00:00";"MG";40;470,5;"SETE LAGOAS";"Animais na Pista";"Atropelamento de Animal";"Com Vítimas Feridas";"Plena Noite";"Decrescente";"Chuva";"Dupla";"Reta";"Não";3;0;1;0;2;0;1;1;-19,46787403;-44,29555707;"SPRF-MG";"DEL02-MG";"UOP01-DEL02-MG"
380699;2020-12-08;"terça-feira";"16:45:00";"MG";381;213;"NAQUE";"Reação tardia ou ineficiente do condutor";"Saída de leito carroçável";"Com Vítimas Feridas";"Pleno dia";"Decrescente";"Chuva";"Simples";"Curva";"Sim";1;0;1;0;0;0;1;1;-19,22250366;-42,31470108;"SPRF-MG";"DEL06-MG";"UOP01-DEL06-MG"
381033;2020-01-07;"terça-feira";"08:40:00";"ES";101;145;"LINHARES";"Defeito Mecânico no Veículo";"Engavetamento";"Sem Vítimas";"Pleno dia";"Crescente";"Céu Claro";"Dupla";"Reta";"Sim";5;0;0;0;5;0;0;3;-19,36089598;-40,06464018;"SPRF-ES";"DEL04-ES";"UOP01-DEL04-ES"
383355;2020-10-17;"sábado";"18:45:00";"PI";343;516,8;"AMARANTE";"Transitar no acostamento";"Atropelamento de Pedestre";"Com Vítimas Feridas";"Anoitecer";"Crescente";"Céu Claro";"Simples";"Reta";"Não";4;0;0;1;0;3;1;2;-6,324569;-42,795994;"SPRF-PI";"DEL03-PI";"UOP01-DEL03-PI"
384070;2020-02-07;"sexta-feira";"23:10:00";"PR";369;165;"CAMBE";"Falta de Atenção à Condução";"Colisão traseira";"Com Vítimas Feridas";"Plena Noite";"Crescente";"Nublado";"Dupla";"Reta;Aclive";"Não";3;0;1;0;2;0;1;2;-23,29517179;-51,30318046;"SPRF-PR";"DEL07-PR";"UOP01-DEL07-PR"
384831;2020-10-19;"segunda-feira";"17:30:00";"PE";104;28;"TORITAMA";"Condutor Dormindo";"Colisão frontal";"Com Vítimas Feridas";"Anoitecer";"Crescente";"Nublado";"Simples";"Reta";"Sim";6;0;3;3;0;0;6;2;-8,0065;-36,0709;"SPRF-PE";"DEL02-PE";"UOP01-DEL02-PE"
385345;2020-06-20;"sábado";"18:45:00";"MG";381;451;"SABARA";"Falta de Atenção à Condução";"Tombamento";"Com Vítimas Feridas";"Plena Noite";"Crescente";"Céu Claro";"Simples";"Reta";"Não";2;0;0;1;1;0;1;1;-19,83832024;-43,8806931;"SPRF-MG";"DEL01-MG";"UOP01-DEL01-MG"
385400;2020-10-03;"sábado";"21:30:00";"MS";60;63;"PARAISO DAS AGUAS";"Falta de Atenção à Condução";"Colisão frontal";"Com Vítimas Feridas";"Plena Noite";"Crescente";"Céu Claro";"Simples";"Reta";"Sim";5;0;0;2;3;0;2;2;-19,03828097;-53,00800682;"SPRF-MS";"DEL06-MS";"UOP02-DEL06-MS"
385855;2020-08-23;"domingo";"19:00:00";"MG";365;620;"UBERLANDIA";"Ingestão de Álcool";"Colisão com objeto estático";"Com Vítimas Feridas";"Plena Noite";"Crescente";"Céu Claro";"Dupla";"Reta";"Não";2;0;1;0;1;0;1;2;-18,90751667;-48,29937209;"SPRF-MG";"DEL15-MG";"UOP01-DEL15-MG"
385933;2020-05-26;"terça-feira";"16:00:00";"RN";101;76;"NATAL";"Acessar a via sem observar a presença dos outros veículos";"Colisão transversal";"Com Vítimas Feridas";"Pleno dia";"Decrescente";"Céu Claro";"Dupla";"Reta";"Não";2;0;0;1;0;1;1;1;-5,72603024;-35,28461489;"SPRF-RN";"DEL02-RN";"UOP01-DEL02-RN"
386063;2020-03-21;"sábado";"16:45:00";"BA";324;603,5;"SIMOES FILHO";"Avarias e/ou desgaste excessivo no pneu";"Queda de ocupante de veículo";"Com Vítimas Feridas";"Pleno dia";"Crescente";"Céu Claro";"Dupla";"Reta";"Sim";2;0;0;2;0;0;2;1;-12,78939326;-38,40649389;"SPRF-BA";"DEL01-BA";"UOP01-DEL01-BA"
386435;2020-10-27;"terça-feira";"07:10:00";"ES";101;146,2;"LINHARES";"Desobediência às normas de trânsito pelo condutor";"Colisão traseira";"Com Vítimas Feridas";"Pleno dia";"Decrescente";"Céu Claro";"Dupla";"Reta";"Sim";2;0;1;0;1;0;1;2;-19,36990998;-40,06560718;"SPRF-ES";"DEL04-ES";"UOP01-DEL04-ES"
386987;2020-12-16;"quarta-feira";"18:30:00";"MG";40;511;"RIBEIRAO DAS NEVES";"Falta de Atenção à Condução";"Colisão traseira";"Com Vítimas Feridas";"Plena Noite";"Decrescente";"Céu Claro";"Dupla";"Reta";"Não";2;0;1;0;1;0;1;2;-19,78164295;-44,11733194;"SPRF-MG";"DEL01-MG";"UOP02-DEL01-MG"
387135;2020-03-28;"sábado";"13:40:00";"GO";20;17,5;"FORMOSA";"Avarias e/ou desgaste excessivo no pneu";"Colisão frontal";"Com Vítimas Fatais";"Pleno dia";"Crescente";"Garoa/Chuvisco";"Simples";"Reta";"Não";4;1;0;3;0;0;3;2;-15,559374;-47,204914;"SPRF-DF";"DEL02-DF";"UOP01-DEL02-DF"
387341;2020-11-14;"sábado";"12:30:00";"BA";324;582;"CANDEIAS";"Reação tardia ou ineficiente do condutor";"Capotamento";"Com Vítimas Feridas";"Pleno dia";"Crescente";"Céu Claro";"Dupla";"Reta";"Não";1;0;1;0;0;0;1;1;-12,60856603;-38,49390902;"SPRF-BA";"DEL01-BA";"UOP01-DEL01-BA"
387779;2020-04-03;"sexta-feira";"18:10:00";"BA";101;884,2;"TEIXEIRA DE FREITAS";"Deficiência ou não Acionamento do Sistema de Iluminação/Sinalização do Veículo";"Colisão traseira";"Com Vítimas Fatais";"Anoitecer";"Decrescente";"Céu Claro";"Simples";"Curva";"Não";3;1;0;1;1;0;1;2;-17,59535;-39,749073;"SPRF-BA";"DEL09-BA";"UOP02-DEL09-BA"
387892;2020-05-21;"quinta-feira";"10:14:00";"PE";104;21;"TAQUARITINGA DO NORTE";"Pista Escorregadia";"Saída de leito carroçável";"Com Vítimas Feridas";"Pleno dia";"Crescente";"Chuva";"Simples";"Reta";"Não";1;0;1;0;0;0;1;1;-7,964189;-36,124378;"SPRF-PE";"DEL02-PE";"UOP01-DEL02-PE"
388252;2020-10-04;"domingo";"05:30:00";"PE";101;51;"ABREU E LIMA";"Não guardar distância de segurança";"Colisão traseira";"Com Vítimas Feridas";"Pleno dia";"Decrescente";"Céu Claro";"Múltipla";"Reta";"Sim";2;0;0;1;1;0;1;2;-7,9169968;-34,89689272;"SPRF-PE";"DEL01-PE";"UOP02-DEL01-PE"
390292;2020-12-28;"segunda-feira";"17:40:00";"PA";10;88,1;"RONDON DO PARA";"Falta de Atenção à Condução";"Colisão frontal";"Com Vítimas Feridas";"Anoitecer";"Decrescente";"Céu Claro";"Simples";"Reta";"Sim";2;0;0;1;1;0;1;2;-4,681649;-47,944794;"SPRF-PA";"DEL02-PA";"UOP02-DEL02-PA"
390669;2020-12-26;"sábado";"17:30:00";"RR";432;202;"CANTA";"Falta de Atenção à Condução";"Colisão traseira";"Com Vítimas Feridas";"Anoitecer";"Decrescente";"Céu Claro";"Simples";"Reta";"Não";3;0;2;0;0;1;2;2;2,70070499;-60,60825615;"SPRF-RR";"DEL01-RR";"UOP01-DEL01-RR"
390801;2020-09-28;"segunda-feira";"00:20:00";"MG";262;386;"MATEUS LEME";"Defeito Mecânico no Veículo";"Incêndio";"Sem Vítimas";"Plena Noite";"Decrescente";"Céu Claro";"Dupla";"Reta";"Não";1;0;0;0;1;0;0;1;-19,93407809;-44,42855871;"SPRF-MG";"DEL01-MG";"UOP03-DEL01-MG"
391207;2020-08-02;"domingo";"19:02:00";"PR";0;0;"FOZ DO IGUACU";"Acesso irregular";"Colisão frontal";"Com Vítimas Feridas";"Plena Noite";"Não Informado";"Céu Claro";"Simples";"Reta";"Não";2;0;0;2;0;0;2;2;-25,46224273;-54,58268708;"SPRF-PR";"DEL05-PR";"UOP03-DEL05-PR"
391888;2020-08-30;"domingo";"16:20:00";"BA";324;582,2;"CANDEIAS";"Falta de Atenção à Condução";"Saída de leito carroçável";"Com Vítimas Feridas";"Pleno dia";"Decrescente";"Céu Claro";"Dupla";"Reta";"Não";1;0;1;0;0;0;1;1;-12,60856603;-38,49390902;"SPRF-BA";"DEL01-BA";"UOP01-DEL01-BA"
392034;2020-12-23;"quarta-feira";"09:30:00";"PI";343;347;"TERESINA";"Falta de Atenção à Condução";"Colisão transversal";"Com Vítimas Feridas";"Pleno dia";"Crescente";"Céu Claro";"Simples";"Reta";"Sim";3;0;1;0;1;1;1;3;-5,114822;-42,778355;"SPRF-PI";"DEL01-PI";"UOP01-DEL01-PI"
394468;2020-02-22;"sábado";"12:30:00";"AL";101;15,4;"NOVO LINO";"Falta de Atenção à Condução";"Capotamento";"Com Vítimas Feridas";"Pleno dia";"Decrescente";"Céu Claro";"Dupla";"Reta";"Não";5;0;2;2;1;0;4;1;-8,98962405;-35,67169265;"SPRF-AL";"DEL01-AL";"UOP02-DEL01-AL"
394534;2020-05-12;"terça-feira";"07:00:00";"RS";290;8;"OSORIO";"Velocidade Incompatível";"Colisão lateral";"Com Vítimas Feridas";"Pleno dia";"Crescente";"Chuva";"Dupla";"Reta";"Não";3;0;0;2;1;0;2;2;-29,89323;-50,353348;"SPRF-RS";"DEL03-RS";"UOP01-DEL03-RS"
394929;2020-06-14;"domingo";"16:20:00";"RO";364;714;"PORTO VELHO";"Não guardar distância de segurança";"Colisão traseira";"Sem Vítimas";"Pleno dia";"Decrescente";"Céu Claro";"Dupla";"Rotatória";"Sim";3;0;0;0;3;0;0;2;-8,78499319;-63,89687061;"SPRF-RO";"DEL01-RO";"UOP01-DEL01-RO"